billing,tActivityLogs,2023-10-04 16:46:32.303,2023-10-04 16:46:32.343
billing,tAllowance,2023-10-04 16:46:32.350,2023-10-04 16:46:32.437
billing,tBillBook,2023-10-04 16:46:32.443,2023-10-04 16:46:32.550
billing,tClient,2023-10-04 16:46:32.557,2023-10-04 16:46:32.620
billing,tClientAllowance,2023-10-04 16:46:32.627,2023-10-04 16:46:32.700
billing,tClientProjectCost,2023-10-04 16:46:32.707,2023-10-04 16:46:32.777
billing,tClientType,2023-10-04 16:46:32.787,2023-10-04 16:46:32.860
billing,tContractor,2023-10-04 16:46:32.870,2023-10-04 16:46:32.930
billing,tContractorAllowance,2023-10-04 16:46:32.940,2023-10-04 16:46:32.990
billing,tContractorProjectCost,2023-10-04 16:46:32.997,2023-10-04 16:46:33.047
billing,tCountry,2023-10-04 16:46:33.053,2023-10-04 16:46:33.127
billing,tInvoice,2023-10-04 16:46:33.133,2023-10-04 16:46:33.233
billing,tInvoiceAllowance,2023-10-04 16:46:33.240,2023-10-04 16:46:33.360
billing,tInvoiceDetail,2023-10-04 16:46:33.373,2023-10-04 16:46:33.440
billing,tInvoiceProjectCost,2023-10-04 16:46:33.447,2023-10-04 16:46:33.593
billing,tMultiCurrency,2023-10-04 16:46:33.600,2023-10-04 16:46:33.860
billing,tProjectCost,2023-10-04 16:46:33.867,2023-10-04 16:46:33.953
billing,tSetting_PeriodDays,2023-10-04 16:46:33.960,2023-10-04 16:46:34.000
billing,tTemp_TimeSheetStamp,2023-10-04 16:46:34.007,2023-10-04 16:46:34.107
billing,tTimeSheetStamp,2023-10-04 16:46:34.113,2023-10-04 16:46:34.213
customize,TimeScan_BioStar,2026-03-11 10:16:19.057,2026-03-11 10:16:19.213
customize,tInfoExportGroup,2024-03-14 11:35:45.197,2024-03-14 11:35:45.320
customize,tInfoExportGroupDetail,2024-03-14 11:35:45.343,2024-06-10 10:20:56.607
customize,tInfoExportGroupDetailSelected,2024-03-14 11:35:45.470,2024-03-14 11:35:45.470
customize,tLog_Tranfersite,2024-01-23 08:32:20.650,2024-01-23 08:32:20.700
customize,tMOD_LogSetting,2023-10-11 16:59:24.547,2023-10-11 16:59:24.583
customize,tMOD_SettingIncentive,2024-01-23 08:41:54.680,2024-01-23 08:41:54.880
customize,tSCC_AprvSite,2023-10-12 16:53:03.243,2023-10-12 16:53:03.307
customize,tSCC_PayAllowance,2024-03-14 11:35:44.423,2024-06-17 18:00:38.853
customize,tSCC_PaySelectPeriod,2024-03-14 11:35:44.627,2024-03-14 11:35:44.660
customize,tSCC_SelectFilter,2024-01-23 08:35:36.933,2024-01-23 08:35:36.933
customize,tSCC_SettingIncentive,2023-10-11 16:59:19.890,2023-10-11 16:59:20.010
customize,tSCC_SettingPayAllowance,2024-03-14 11:35:44.290,2024-03-14 11:35:44.400
customize,tSCC_TempApprove,2024-03-14 11:35:44.050,2024-03-14 11:35:44.133
customize,tSCC_TempApproveEmail,2024-01-23 08:32:25.487,2024-01-23 08:32:25.520
customize,tSCC_TranferApprove,2024-01-23 08:32:02.417,2024-01-23 08:32:02.417
customize,tSCC_TranferEmp,2024-01-23 08:31:57.223,2024-01-23 08:32:08.750
customize,tSCC_TranferSite,2024-01-23 08:31:51.240,2024-01-23 08:31:51.310
customize,tTropical_History_Incentive,2026-03-11 10:14:54.360,2026-03-11 10:14:54.660
dbo,__MigrationHistory,2017-02-21 13:43:54.547,2017-02-21 13:43:54.547
dbo,_DBMigrationHistory,2017-02-21 13:43:54.513,2017-02-21 13:43:54.513
dbo,_DBTicketLg,2025-09-24 09:04:15.013,2025-09-24 09:04:15.013
dbo,dtproperties,2006-08-24 18:58:36.310,2006-08-24 18:58:36.310
dbo,sysdiagrams,2009-05-04 09:06:56.700,2009-05-04 09:06:57.013
dbo,tAddLeaveManagement,2025-09-24 09:04:56.000,2025-09-24 09:04:56.037
dbo,tAnnouncement,2012-02-29 02:15:58.950,2026-03-11 10:13:22.727
dbo,tAppConnector,2007-05-20 16:08:39.280,2026-03-11 10:13:23.610
dbo,tAppConnector_File,2022-12-29 13:51:07.040,2026-03-11 10:13:23.703
dbo,tApplication,2007-09-04 15:54:20.870,2026-03-11 10:14:44.000
dbo,tApproverGroup,2012-02-29 02:01:10.303,2026-03-11 10:14:25.300
dbo,tApproverList,2012-02-29 02:01:10.287,2026-03-11 10:14:22.630
dbo,tAssignBillRate,2007-07-03 14:50:24.543,2026-03-11 10:14:22.397
dbo,tAssignChargeRate,2007-03-27 11:07:45.467,2026-03-11 10:13:23.850
dbo,tAssignControlGoTo,2015-07-20 12:26:55.443,2026-03-11 10:14:42.473
dbo,tAssignMenuPermission,2007-09-01 10:24:59.827,2026-03-11 10:14:42.457
dbo,tAssignOT,2012-02-29 02:04:42.057,2026-03-11 10:14:15.813
dbo,tAssignProjectPermission,2020-01-24 11:37:29.243,2026-03-11 10:14:44.043
dbo,tAssignShifiWhirl,2008-10-09 16:03:42.980,2026-03-11 10:13:23.573
dbo,tAssignShift,2006-11-05 17:43:33.467,2026-03-11 10:14:21.920
dbo,tAssignShiftByWeekDay,2008-03-24 18:59:51.153,2026-03-11 10:14:44.060
dbo,tAssignShiftFromCalendar,2022-12-29 13:52:28.550,2022-12-29 13:52:28.620
dbo,tAssignTemplateSHF,2023-10-04 16:46:37.320,2023-10-04 16:46:37.333
dbo,tAssignTemplateWCD,2023-10-04 16:46:37.340,2023-10-04 16:46:37.353
dbo,tAssignUserRole,2007-03-27 09:45:34.890,2026-03-11 10:14:43.557
dbo,tAssignUserRole_Advance,2024-12-09 14:10:37.877,2026-03-11 10:13:23.557
dbo,tAssignWorkCalendar,2006-11-05 17:43:33.670,2026-03-11 10:14:22.107
dbo,tAutoGenID,2008-06-12 09:22:37.437,2026-03-11 10:13:23.690
dbo,tAutoPost_Initial,2008-10-09 16:03:44.200,2008-10-09 16:03:44.200
dbo,tAutoPost_Log,2008-10-09 16:03:44.213,2008-10-09 16:03:44.213
dbo,tAutoPostSchedule,2007-08-09 23:44:33.983,2026-03-11 10:14:22.223
dbo,tAutoPostSchedule_TRM,2008-10-09 16:03:42.293,2026-03-11 10:14:44.217
dbo,tAutoPushTime_Tran_Auto,2023-10-11 16:27:35.870,2023-10-11 16:27:35.877
dbo,tAutoPushTime_Tran_Manual,2023-10-11 16:27:29.470,2023-10-11 16:27:29.473
dbo,tAutoPushTimeTransaction_Auto,2023-10-11 16:27:23.910,2023-10-11 16:27:23.913
dbo,tAutoPushTimeTransaction_MT,2023-10-11 16:27:18.353,2023-10-11 16:27:18.367
dbo,tAward_Type,2007-11-05 02:35:47.733,2026-03-11 10:13:23.723
dbo,tBadgeStyle,2007-02-04 21:18:11.850,2026-03-11 10:14:25.503
dbo,tBankBranch,2013-06-10 12:52:50.423,2026-03-11 10:13:38.153
dbo,tBankMaster,2012-02-29 01:56:48.653,2026-03-11 10:14:21.773
dbo,tBankName,2007-01-13 16:45:48.733,2026-03-11 10:13:22.843
dbo,tBatch_ScheduleReload,2012-02-29 02:13:55.193,2026-03-11 10:14:43.793
dbo,tBatchAdjust,2022-12-29 13:51:24.273,2022-12-29 13:51:24.297
dbo,tBatchLeave,2008-03-07 09:00:43.717,2026-03-11 10:14:43.467
dbo,tBatchProbation,2008-03-07 09:00:43.840,2008-03-07 09:00:43.840
dbo,tBatchPVF,2008-08-05 14:25:56.023,2026-03-11 10:14:43.837
dbo,tBatchResign,2008-10-09 16:03:51.170,2008-10-09 16:03:51.170
dbo,tBillChargeRate,2007-07-04 10:01:42.920,2026-03-11 10:13:22.810
dbo,tBillPeriod,2007-03-27 16:43:20.310,2026-03-11 10:13:23.587
dbo,tBillSum_PeriodYM,2007-07-10 09:10:54.933,2026-03-11 10:14:43.983
dbo,tBillSummary,2007-07-06 17:03:48.560,2026-03-11 10:14:42.453
dbo,tBU_FieldCaption,2006-10-15 02:53:26.730,2026-03-11 10:14:25.373
dbo,tBU1,2006-09-01 22:53:40.200,2026-03-11 10:14:15.950
dbo,tBU1_New,2015-07-20 12:26:58.653,2026-03-11 10:14:22.053
dbo,tBU2,2006-09-02 17:33:25.497,2026-03-11 10:14:25.487
dbo,tBU2_New,2015-07-20 12:26:58.680,2026-03-11 10:14:22.123
dbo,tBU3,2006-09-02 17:33:28.450,2026-03-11 10:14:25.550
dbo,tBU3_New,2015-07-20 12:26:58.717,2026-03-11 10:14:22.217
dbo,tBU4,2006-09-02 17:33:53.450,2026-03-11 10:14:42.433
dbo,tBU4_New,2015-07-20 12:26:58.750,2026-03-11 10:14:22.240
dbo,tCal_PVF,2022-12-29 13:51:10.890,2026-03-11 10:14:44.207
dbo,tCalendarYear,2012-02-29 02:10:25.770,2026-03-11 10:14:15.960
dbo,tCardStatus_Type,2022-12-29 13:51:24.680,2026-03-11 10:14:43.847
dbo,tCashAdvance,2007-08-09 23:44:34.077,2026-03-11 10:14:25.337
dbo,tCCList,2012-02-29 02:01:10.117,2012-02-29 02:01:10.150
dbo,tCertificationStyle,2008-03-07 09:00:37.373,2026-03-11 10:13:22.793
dbo,tChangeset,2015-07-20 12:26:59.030,2026-03-11 10:14:22.593
dbo,tChildren_Prefix,2017-02-21 13:43:54.810,2026-03-11 10:14:22.373
dbo,tColDef_PayrollExport,2025-09-24 09:16:52.480,2026-03-11 10:13:22.870
dbo,tColDef_PayrollFormat,2025-09-24 09:16:52.387,2026-03-11 10:13:22.780
dbo,tColDef_rBILL,2007-02-19 13:21:17.340,2026-03-11 10:14:44.040
dbo,tColDef_rEmployeeExport,2007-03-23 16:19:47.107,2026-03-11 10:14:43.480
dbo,tColDef_rEmployeeExportNew,2025-09-24 09:16:55.193,2026-03-11 10:14:22.347
dbo,tColDef_rPM,2007-02-19 13:21:17.233,2026-03-11 10:14:43.560
dbo,tCompany,2007-05-20 16:08:39.373,2026-03-11 10:13:23.637
dbo,tCondition,2012-02-29 02:01:10.087,2026-03-11 10:13:44.833
dbo,tControlMOD,2007-11-05 02:35:49.450,2026-03-11 10:14:22.413
dbo,tCostAllocation,2018-10-08 16:42:46.090,2026-03-11 10:13:23.553
dbo,tCostAllocation_UserList,2018-10-08 16:42:46.390,2026-03-11 10:13:23.730
dbo,tCostCenter,2012-02-29 02:06:28.690,2026-03-11 10:14:22.250
dbo,tCostCenter_BU_Mapping,2014-02-07 14:26:58.107,2026-03-11 10:14:44.017
dbo,tCourse,2007-09-04 15:54:19.610,2026-03-11 10:13:23.847
dbo,tCourseDetail,2007-09-04 15:54:19.720,2026-03-11 10:13:23.900
dbo,tCourseGeneration,2007-09-04 15:54:21.027,2026-03-11 10:13:22.770
dbo,tCourseTaking,2007-09-04 15:54:21.820,2026-03-11 10:13:23.550
dbo,tData_PND1_Detail,2022-12-29 13:51:10.690,2026-03-11 10:14:44.073
dbo,tDecoration,2009-04-28 14:39:50.837,2026-03-11 10:13:23.877
dbo,tDecorationGroup,2009-04-28 14:39:50.820,2026-03-11 10:13:23.843
dbo,tDetailAssignShiftWhirl,2008-10-09 16:03:43.120,2026-03-11 10:13:23.617
dbo,tDL_tLeaveRequest,2007-05-28 00:39:19.373,2026-03-11 10:14:25.350
dbo,tDL_tLOG_TimeInOut,2007-05-28 00:39:19.547,2026-03-11 10:14:43.453
dbo,tDL_tTimeInOut,2007-05-28 00:39:21.217,2026-03-11 10:14:43.987
dbo,tDL_tUser,2007-06-01 00:54:34.610,2026-03-11 10:14:44.057
dbo,tDL_tUser_LoginStat,2007-05-28 00:39:19.983,2026-03-11 10:14:43.830
dbo,tEmployee,2007-11-05 02:35:46.547,2026-03-11 10:16:22.380
dbo,tEmployee_Children,2017-02-21 13:43:54.850,2026-03-11 10:14:22.433
dbo,tEmployee_Decoration,2009-04-28 14:39:50.880,2026-03-11 10:13:22.740
dbo,tEmployee_FieldCaption,2006-09-02 21:57:31.590,2026-03-11 10:14:22.310
dbo,tEmployee_FirstFinance,2024-12-09 14:10:37.907,2024-12-09 14:10:37.930
dbo,tEmployee_LeaveQuota,2009-04-28 14:37:50.847,2026-03-11 10:16:22.823
dbo,tEmployee_New,2015-07-20 12:26:56.780,2026-03-11 10:13:38.917
dbo,tEmployee_OtherCard,2018-10-08 16:42:50.137,2026-03-11 10:14:45.187
dbo,tEmployee_RateP0x,2018-10-08 16:42:46.520,2026-03-11 10:13:38.123
dbo,tEmployee_Temp,2026-03-11 10:16:19.247,2026-03-11 10:16:19.247
dbo,tEmployeeAbility,2009-04-28 14:37:53.750,2026-03-11 10:13:23.643
dbo,tEmployeeBank,2012-02-29 01:56:55.737,2026-03-11 10:13:23.647
dbo,tEmployeeCodeFilter,2007-08-09 23:44:34.200,2007-08-09 23:44:34.200
dbo,tEmployeeCodeFilter_TRM,2008-10-09 16:03:42.323,2008-10-09 16:03:42.323
dbo,tEmployeeExtraDetail,2009-04-28 14:37:53.877,2009-04-28 14:37:53.880
dbo,tEmployeeFilter,2007-08-09 23:44:34.217,2026-03-11 10:14:22.407
dbo,tEmployeeFilter_TRM,2008-10-09 16:03:42.340,2026-03-11 10:13:23.903
dbo,tEmployeeLevel,2013-06-10 12:52:43.980,2026-03-11 10:13:23.580
dbo,tEmployeeLevel_LeaveType,2013-06-10 12:52:42.657,2026-03-11 10:13:22.733
dbo,tEmployeePhoto,2007-06-14 18:52:40.607,2026-03-11 10:14:22.030
dbo,tEmployeeStatus,2006-09-03 11:25:27.043,2026-03-11 10:14:43.853
dbo,tEmployeeStatusGroup,2006-09-03 11:14:49.357,2026-03-11 10:14:22.443
dbo,tEmployeeTitle,2007-06-26 18:45:31.403,2026-03-11 10:13:22.833
dbo,tEmployeeTitle_LeaveQuota,2012-02-29 02:23:35.273,2026-03-11 10:14:22.637
dbo,tEmployeeType_FieldCaption,2006-10-15 02:21:46.577,2026-03-11 10:14:22.490
dbo,tEmployeeType1,2006-09-01 22:29:07.390,2026-03-11 10:13:23.663
dbo,tEmployeeType2,2006-09-01 22:32:18.577,2026-03-11 10:13:38.883
dbo,tEmployeeType3,2006-09-01 22:32:35.623,2026-03-11 10:13:43.260
dbo,tEmployeeWork_Quota,2013-06-10 12:52:42.937,2026-03-11 10:13:22.853
dbo,TempTableBreakSHF,2025-09-24 09:16:54.063,2025-09-24 09:16:54.063
dbo,tEMPTP1_2_Mapping,2012-02-29 02:23:35.930,2026-03-11 10:14:25.447
dbo,tEMPTP2_3_Mapping,2012-02-29 02:23:35.943,2026-03-11 10:14:43.460
dbo,tFlagWork,2022-12-29 13:51:07.337,2022-12-29 13:51:07.337
dbo,tFlow,2012-02-29 02:01:10.147,2026-03-11 10:14:15.940
dbo,tFlowPath,2012-02-29 02:01:10.180,2026-03-11 10:14:21.897
dbo,tGender,2022-12-29 13:51:15.347,2022-12-29 13:51:15.397
dbo,tGLAccount,2022-12-29 13:51:11.163,2026-03-11 10:13:23.853
dbo,tGLAccount_MapField,2022-12-29 13:51:11.173,2026-03-11 10:13:23.893
dbo,tGroup,2008-10-09 16:03:52.340,2026-03-11 10:13:23.630
dbo,tGUILTY_Type,2007-11-05 02:35:47.750,2026-03-11 10:13:38.023
dbo,tImport_Allowances_MappingPreset,2018-07-04 16:07:22.090,2026-03-11 10:14:25.483
dbo,tImport_Employee_MappingPreset,2008-02-19 09:51:43.970,2026-03-11 10:14:43.513
dbo,tImport_Leave_MappingPreset,2010-08-06 10:35:11.493,2026-03-11 10:14:25.297
dbo,tImport_Leave_MappingPreset_New,2022-12-29 13:51:23.883,2026-03-11 10:13:23.570
dbo,tImport_MappingPreset,2007-05-20 16:08:41.000,2026-03-11 10:14:50.197
dbo,tImport_WorkPlan_MappingPreset,2012-02-29 02:17:33.283,2026-03-11 10:14:22.497
dbo,tImportPlan,2012-02-29 02:17:33.220,2026-03-11 10:13:23.713
dbo,tImportTime_Mapping,2007-11-05 02:36:03.297,2026-03-11 10:13:22.757
dbo,tIncentive_Initial,2008-10-09 16:08:46.840,2008-10-09 16:08:46.840
dbo,tIncentive_Log,2008-02-19 09:51:44.237,2018-07-04 16:17:53.763
dbo,tL0x_FieldCaption,2007-05-12 17:10:47.090,2026-03-11 10:14:15.823
dbo,tLeaveGroup,2025-09-24 09:03:21.780,2026-03-11 10:14:22.520
dbo,tLeaveGroupDetail,2025-09-24 09:03:21.990,2026-03-11 10:13:44.800
dbo,tLeaveReasonOption,2022-12-29 13:51:22.090,2022-12-29 13:51:22.113
dbo,tLeaveRequest,2007-05-11 16:29:46.497,2026-03-11 10:14:22.450
dbo,tLevel,2008-10-09 16:03:52.340,2026-03-11 10:13:23.697
dbo,tLoan,2007-08-09 23:44:34.233,2026-03-11 10:14:25.353
dbo,tLog_AssignShift,2022-12-29 13:51:15.467,2023-10-04 16:46:29.787
dbo,tLog_AssignWCD,2022-12-29 13:51:15.497,2023-10-04 16:46:37.310
dbo,tLog_Batch_AutoPost_TimeSheet,2016-03-11 10:09:10.577,2026-03-11 10:13:43.253
dbo,tLOG_BU,2015-07-20 12:26:59.103,2026-03-11 10:14:25.327
dbo,tLOG_BU_KeyName,2015-07-20 12:26:59.160,2026-03-11 10:14:22.263
dbo,tLOG_CloseCarryOption,2024-02-16 11:40:46.570,2024-02-16 11:40:46.580
dbo,tLOG_Course,2014-03-31 11:17:13.357,2026-03-11 10:13:44.780
dbo,tLOG_DeleteEmployee,2022-12-29 13:51:18.937,2026-03-11 10:14:25.383
dbo,tLOG_DeleteImportTime,2020-01-24 11:37:39.063,2026-03-11 10:14:22.083
dbo,tLog_EditIncentive,2008-08-05 14:25:58.460,2008-08-05 14:25:58.460
dbo,tLOG_EmployeeGUID,2015-07-20 12:26:56.873,2026-03-11 10:13:43.250
dbo,tLOG_EmployeeText,2015-07-20 12:26:56.930,2026-03-11 10:13:44.773
dbo,tLog_ImportPlan,2022-12-29 13:51:15.440,2023-10-04 16:46:29.770
dbo,tLOG_OTApprove,2010-11-08 11:26:56.177,2026-03-11 10:16:18.260
dbo,tLog_OTClaim,2012-02-29 02:02:45.743,2026-03-11 10:14:44.510
dbo,tLOG_OTClaimApprove,2022-12-29 13:51:21.920,2026-03-11 10:14:44.157
dbo,tLOG_Payroll,2007-05-21 01:20:39.357,2026-03-11 10:13:23.817
dbo,tLOG_PDF,2009-09-02 09:34:33.293,2012-03-13 16:09:33.197
dbo,tLOG_ProcedureExec,2006-11-15 13:29:40.483,2026-03-11 10:14:44.013
dbo,tLog_Request,2012-02-29 02:01:10.350,2026-03-11 10:14:22.273
dbo,tLog_RetroClaim,2012-02-29 02:08:45.940,2026-03-11 10:13:22.783
dbo,tLOG_TimeInOut,2007-01-10 17:59:08.793,2026-03-11 10:13:23.510
dbo,tLOG_TimeInOutDelete,2014-02-07 14:26:57.070,2014-02-07 14:26:57.387
dbo,tLOG_tProjectChargeRate,2026-03-11 10:14:50.330,2026-03-11 10:14:50.427
dbo,tLOG_Update_Employee,2008-03-07 09:00:43.513,2026-03-11 10:14:25.397
dbo,tLOG_UpdateWork_BU,2007-08-09 23:44:34.420,2026-03-11 10:14:25.520
dbo,tLOG_UpdateWork_Level,2022-12-29 13:51:24.303,2026-03-11 10:13:23.653
dbo,tLOG_UpdateWork_Rate,2007-08-09 23:44:34.437,2026-03-11 10:14:42.410
dbo,tLOG_UpdateWork_Title,2007-08-09 23:44:34.450,2026-03-11 10:14:43.570
dbo,tLOG_UserLogon_Outpay,2015-07-20 12:26:59.837,2026-03-11 10:14:25.423
dbo,tLogAddLeaveManagement,2025-09-24 09:04:56.053,2025-09-24 09:16:55.560
dbo,tLogImport_Attendance,2022-12-29 13:51:24.067,2026-03-11 10:14:51.990
dbo,tLogKeyName,2015-07-20 12:26:57.000,2026-03-11 10:13:44.827
dbo,tLOGMidnight_OTClaimApprove,2025-09-24 09:04:12.260,2026-03-11 10:14:44.167
dbo,tLogRequest_OT_Process,2012-02-29 02:15:52.110,2026-03-11 10:13:23.867
dbo,tMail_Config,2012-02-29 02:01:10.350,2013-06-10 12:52:52.717
dbo,tManager,2008-10-09 16:03:52.340,2026-03-11 10:13:23.650
dbo,tManager_Delegated,2012-02-29 02:01:24.280,2026-03-11 10:14:22.327
dbo,tMartialStatus,2007-01-14 01:17:18.560,2026-03-11 10:14:22.040
dbo,tMenuOutpayPermission,2017-02-21 13:44:27.607,2026-03-11 10:16:20.253
dbo,tMOD_BUChargeRate,2007-05-30 13:03:35.280,2026-03-11 10:14:25.557
dbo,tMOD_PostedBill,2007-06-26 17:35:23.593,2026-03-11 10:13:23.857
dbo,tMOD_PVF_REPORT,2012-02-29 02:18:33.577,2026-03-11 10:14:25.317
dbo,tMODBill,2007-07-06 15:19:11.327,2026-03-11 10:14:22.303
dbo,tNationality,2007-01-14 01:16:32.450,2026-03-11 10:16:18.383
dbo,tOTCompensate_Permission,2025-09-24 09:03:28.093,2025-09-24 09:16:52.360
dbo,tOther_FieldCaption,2012-02-29 02:06:33.450,2026-03-11 10:14:22.603
dbo,tOther1,2012-02-29 02:06:33.497,2026-03-11 10:14:25.313
dbo,tOther2,2012-02-29 02:06:33.497,2026-03-11 10:14:22.270
dbo,tOther3,2012-02-29 02:06:33.510,2026-03-11 10:14:22.317
dbo,tOther4,2012-02-29 02:06:33.510,2026-03-11 10:14:22.403
dbo,tOther5,2012-02-29 02:06:33.527,2026-03-11 10:14:22.437
dbo,tOTHoliday,2025-09-24 09:16:52.017,2025-09-24 09:16:52.017
dbo,tOTRequest_Form,2013-06-10 12:52:56.460,2026-03-11 10:14:22.280
dbo,tOTRequest_Form_SHFPeriod,2013-06-10 12:52:56.663,2026-03-11 10:14:22.480
dbo,tOTRequest_Time,2012-02-29 02:07:24.400,2026-03-11 10:14:42.440
dbo,tOTx,2008-02-19 09:51:46.313,2026-03-11 10:14:44.170
dbo,tPayroll,2008-02-19 09:51:43.393,2026-03-11 10:14:49.533
dbo,tPayroll_Allowance,2008-10-09 16:03:51.230,2026-03-11 10:14:25.283
dbo,tPayroll_BankHolding,2014-03-31 11:17:05.260,2026-03-11 10:13:23.590
dbo,tPayroll_ColDef,2007-05-20 16:08:42.310,2026-03-11 10:13:23.677
dbo,tPayroll_Detail,2007-11-05 02:35:47.797,2026-03-11 10:13:38.850
dbo,tPayroll_GLAccNo,2022-12-29 13:51:11.203,2023-10-04 16:46:21.907
dbo,tPayroll_GLAccNo_ByEmployee,2022-12-29 13:51:19.080,2026-03-11 10:14:25.473
dbo,tPayroll_GLAccNo_ByEmployee_SETDATA,2022-12-29 13:51:28.570,2026-03-11 10:14:25.333
dbo,tPayroll_GLAccNoRow,2022-12-29 13:51:11.227,2022-12-29 13:51:11.227
dbo,tPayroll_GLAccNoRow_ByEmployee,2022-12-29 13:51:19.090,2022-12-29 13:51:19.090
dbo,tPayroll_GLAccNoRow_GroupType,2022-12-29 13:52:28.833,2022-12-29 13:52:28.833
dbo,tPayroll_GLAccNoRow_GroupType_ByEmployee,2022-12-29 13:52:28.853,2022-12-29 13:52:28.853
dbo,tPayroll_GLAccType_ByEmployee,2022-12-29 13:52:28.860,2022-12-29 13:52:28.860
dbo,tPayroll_T0xFormat,2007-05-20 16:08:42.280,2026-03-11 10:13:23.603
dbo,tPayroll_Tax,2018-07-04 16:07:10.450,2026-03-11 10:14:15.780
dbo,tPayroll_Welfare,2025-09-24 09:05:47.870,2026-03-11 10:14:43.957
dbo,tPayrollFilter,2007-08-09 23:44:34.483,2026-03-11 10:14:43.963
dbo,tPENALTY_Type,2007-11-05 02:35:47.843,2026-03-11 10:14:22.117
dbo,tPERFORMANCE_Type,2007-11-05 02:35:47.920,2026-03-11 10:14:25.307
dbo,tPeriod_ChargeRate,2007-09-04 15:54:19.843,2026-03-11 10:13:22.690
dbo,tPeriod_Retro,2012-02-29 02:08:45.970,2026-03-11 10:13:23.657
dbo,tPMPeriod,2007-05-20 16:08:42.170,2026-03-11 10:14:45.013
dbo,tPrefix,2007-11-05 02:36:26.500,2026-03-11 10:14:22.473
dbo,tPreset_Leave,2006-12-27 17:18:34.403,2026-03-11 10:14:21.970
dbo,tProject,2007-05-20 16:08:41.623,2026-03-11 10:13:22.800
dbo,tProject_GLAccNo,2022-12-29 13:51:11.183,2026-03-11 10:13:23.923
dbo,tProject_GLAccNoRow,2022-12-29 13:51:11.193,2026-03-11 10:13:22.713
dbo,tProject_GLAccNoRow_GroupType,2022-12-29 13:52:28.843,2026-03-11 10:14:43.523
dbo,tProject_Tax,2015-07-20 12:26:55.640,2026-03-11 10:14:43.813
dbo,tProjectChargeRate,2007-11-05 02:35:46.983,2026-03-11 10:14:15.927
dbo,tProjectChargeRate_Welfare,2025-09-24 09:05:46.733,2026-03-11 10:14:22.207
dbo,tProvince,2006-09-02 19:53:36.107,2026-03-11 10:14:43.800
dbo,tPunishment,2007-11-05 02:35:47.797,2026-03-11 10:14:15.837
dbo,tPunishmentStyle,2009-09-29 13:44:14.150,2026-03-11 10:14:43.490
dbo,tPUPInstallation,2007-11-05 02:36:03.390,2007-11-05 02:36:03.390
dbo,tPVF_ColDef,2025-09-24 09:05:19.363,2026-03-11 10:14:54.343
dbo,tPVF_Menu,2025-09-24 09:05:19.417,2026-03-11 10:14:15.820
dbo,tPVFSub,2012-02-29 02:18:37.043,2026-03-11 10:14:22.257
dbo,tRC_Application,2012-02-29 02:02:24.483,2026-03-11 10:14:43.550
dbo,tRC_Computer,2012-02-29 02:02:24.623,2026-03-11 10:14:43.527
dbo,tRC_Degree,2012-02-29 02:02:24.653,2026-03-11 10:14:25.530
dbo,tRC_DegreeName,2012-02-29 02:02:24.683,2026-03-11 10:14:25.553
dbo,tRC_Language,2012-02-29 02:02:24.700,2026-03-11 10:14:42.417
dbo,tRC_Question,2012-02-29 02:02:24.763,2026-03-11 10:14:42.480
dbo,tRC_Sibling,2012-02-29 02:02:24.793,2026-03-11 10:14:43.587
dbo,tRC_Training,2012-02-29 02:02:24.810,2026-03-11 10:14:43.823
dbo,tRC_WorkPlace,2012-02-29 02:02:24.840,2026-03-11 10:14:43.967
dbo,tReim,2007-06-14 15:04:52.903,2026-03-11 10:14:43.790
dbo,tReimRef,2007-06-14 15:30:35.513,2026-03-11 10:14:44.223
dbo,tReimType,2007-06-14 16:28:25.793,2026-03-11 10:14:22.100
dbo,tReimType_RR0xFormat,2007-06-14 15:43:20.107,2026-03-11 10:14:44.180
dbo,tReport_name,2008-10-09 16:03:43.603,2008-10-09 16:03:43.603
dbo,tReportCenter_Config,2022-12-29 13:51:24.553,2026-03-11 10:14:22.510
dbo,tReportCustomize_Config,2022-12-29 13:52:28.797,2026-03-11 10:14:43.540
dbo,tReportNormal_Config,2022-12-29 13:51:24.580,2026-03-11 10:14:22.620
dbo,tReportNormal_Language,2022-12-29 13:51:24.600,2026-03-11 10:14:43.580
dbo,tReportPayroll_FieldCaption,2022-12-29 13:51:11.253,2026-03-11 10:13:23.563
dbo,tRequest,2012-02-29 02:01:10.210,2026-03-11 10:14:22.190
dbo,tRequest_byAdmin,2022-12-29 13:51:27.460,2022-12-29 13:51:27.530
dbo,tRequest_OT_Process,2012-02-29 02:15:31.350,2026-03-11 10:14:44.083
dbo,tRequest_WorkAgeLock,2015-07-20 12:26:54.227,2026-03-11 10:14:25.527
dbo,tRequestSystem,2012-02-29 02:01:09.897,2026-03-11 10:13:38.857
dbo,tRequestType,2012-02-29 02:01:09.943,2026-03-11 10:16:22.900
dbo,tResignReason,2006-09-03 13:17:19.483,2026-03-11 10:14:22.363
dbo,tReward,2007-11-05 02:35:47.857,2026-03-11 10:14:22.233
dbo,tRPT_ReportFilter,2012-02-29 02:09:28.523,2026-03-11 10:13:44.793
dbo,tRule,2012-02-29 02:01:09.990,2026-03-11 10:13:43.280
dbo,tRule_Incentive,2007-07-09 14:44:50.107,2026-03-11 10:13:23.833
dbo,tSCC_SubContract,2006-10-21 17:40:27.467,2026-03-11 10:14:44.130
dbo,tSelectApprover,2012-02-29 02:01:10.210,2026-03-11 10:14:22.063
dbo,tSendMail_Process,2012-02-29 02:15:31.350,2026-03-11 10:14:44.197
dbo,tSetting_Email,2009-09-02 09:34:33.390,2026-03-11 10:14:25.343
dbo,tSetting_Password,2009-09-02 09:34:33.077,2009-09-02 09:34:33.187
dbo,tShift,2007-05-18 14:53:43.450,2026-03-11 10:14:44.100
dbo,tShift_Filter,2008-10-09 16:03:42.370,2008-10-09 16:03:42.370
dbo,tShiftBreak,2007-05-11 14:53:14.763,2026-03-11 10:14:22.333
dbo,tShiftGroup,2012-02-29 02:08:08.510,2026-03-11 10:14:44.163
dbo,tShiftLateIn,2007-07-11 16:10:12.810,2026-03-11 10:14:44.023
dbo,tShiftLateOut,2007-07-11 16:15:38.297,2026-03-11 10:14:44.203
dbo,tShiftOT,2006-12-14 22:47:04.217,2026-03-11 10:14:22.580
dbo,tShiftPattern,2012-02-29 02:09:17.770,2026-03-11 10:14:22.513
dbo,tShiftPatternGroup,2012-02-29 02:09:17.770,2026-03-11 10:13:38.877
dbo,tShiftProject,2008-03-07 09:00:14.483,2026-03-11 10:14:25.293
dbo,tSiteRate,2008-03-07 09:00:20.763,2026-03-11 10:14:43.833
dbo,tSiteTR,2008-03-07 09:00:20.793,2026-03-11 10:14:43.977
dbo,tSiteTR_BU_Mapping,2014-02-07 14:26:58.260,2026-03-11 10:14:44.257
dbo,tSiteTR_MappingScan,2023-10-04 16:46:37.877,2026-03-11 10:13:22.720
dbo,tSiteUpdate,2015-07-20 12:26:58.630,2019-05-17 13:33:37.780
dbo,tSiteUpdatePlan,2015-07-20 12:26:58.550,2023-10-11 16:29:47.673
dbo,tSlipStyle,2007-05-20 16:08:42.187,2026-03-11 10:14:25.540
dbo,tSSO_Account,2007-05-20 16:08:39.483,2026-03-11 10:13:43.290
dbo,tSSO_Data,2012-02-29 01:56:49.590,2026-03-11 10:14:22.287
dbo,tSSO_Hospital,2007-01-13 23:36:10.920,2026-03-11 10:13:38.870
dbo,tSSO_ResignReason,2007-01-13 23:36:11.000,2026-03-11 10:13:40.483
dbo,tStage,2012-02-29 02:01:10.227,2026-03-11 10:14:22.567
dbo,tSuspend_Request,2012-02-29 02:23:35.227,2013-06-10 12:52:53.827
dbo,tSYS_LoadEmployeeDefault,2008-03-07 09:00:21.233,2026-03-11 10:16:21.403
dbo,tSYS_MENU_MOD,2012-02-29 02:02:30.473,2026-03-11 10:14:44.007
dbo,tSYS_RegistBank,2007-05-20 16:08:42.217,2026-03-11 10:14:42.423
dbo,tSYS_SCCMenu,2007-08-09 23:44:34.497,2026-03-11 10:14:44.047
dbo,tSYS_WebMenu,2012-02-29 02:07:03.130,2026-03-11 10:14:25.440
dbo,tSysConfig,2024-12-09 14:10:40.313,2026-03-11 10:13:44.807
dbo,tSYSDayInMonth,2006-08-31 23:07:25.403,2006-08-31 23:07:25.403
dbo,tSYSDownloadFileList,2007-05-28 00:39:10.123,2026-03-11 10:14:22.390
dbo,tSYSJob,2006-10-23 15:03:18.500,2026-03-11 10:13:44.797
dbo,tSYSMODReportFilter,2022-12-29 13:52:28.933,2026-03-11 10:14:42.463
dbo,tSYSMODReportList,2008-03-07 09:00:38.013,2026-03-11 10:14:22.423
dbo,tSYSOutPayMenu,2007-05-28 00:39:22.607,2026-03-11 10:14:22.460
dbo,tSYSOutPayMenuAdvance,2025-09-24 09:02:22.247,2026-03-11 10:14:44.113
dbo,tSysOutPayMenuFav,2008-06-12 09:22:43.843,2026-03-11 10:14:22.353
dbo,tSysParm,2006-09-13 13:11:09.247,2026-03-11 10:13:23.533
dbo,tSysSettings,2015-07-20 12:26:59.817,2026-03-11 10:14:25.377
dbo,tSystem_CustomMenu,2012-02-29 02:08:25.530,2026-03-11 10:13:23.827
dbo,tSystem_Event,2012-02-29 02:07:57.977,2026-03-11 10:14:44.450
dbo,tSystem_MEventName,2012-02-29 02:08:34.120,2026-03-11 10:13:22.643
dbo,tSystemFlow,2008-10-09 16:03:52.370,2026-03-11 10:13:23.733
dbo,tSYSTRMMenu,2007-05-28 00:39:09.980,2026-03-11 10:14:22.293
dbo,tSysTRMMenuFav,2008-06-12 09:22:43.857,2026-03-11 10:14:22.417
dbo,tSYSTurnOverRate,2006-10-10 20:27:06.577,2026-03-11 10:13:23.883
dbo,tSYSUserRole,2007-03-27 09:47:36.873,2026-03-11 10:14:43.820
dbo,tSysWeekName,2006-10-16 10:29:21.607,2026-03-11 10:13:23.627
dbo,tTax,2008-10-09 16:03:41.777,2026-03-11 10:13:44.787
dbo,tTAX_Data,2012-02-29 01:56:49.637,2026-03-11 10:14:22.383
dbo,tTax91,2007-05-20 16:08:42.233,2026-03-11 10:14:43.783
dbo,tTaxRate,2007-05-20 16:08:42.263,2026-03-11 10:13:23.543
dbo,tTemp_Access_AutoPushTime_Auto,2023-10-11 16:27:42.960,2023-10-11 16:28:11.907
dbo,tTemp_Access_AutoPushTime_MT,2023-10-11 16:27:49.070,2023-10-11 16:28:11.937
dbo,tTemp_AutoPushTime_Auto,2023-10-11 16:27:55.957,2023-10-11 16:29:39.603
dbo,tTemp_AutoPushTime_I_T01_Reformatted,2023-10-11 16:28:20.277,2023-10-11 16:28:32.643
dbo,tTemp_AutoPushTime_I_T02_Reformatted,2023-10-11 16:28:26.193,2023-10-11 16:28:32.667
dbo,tTemp_AutoPushTime_MT,2023-10-11 16:28:02.327,2023-10-11 16:29:39.677
dbo,tTemp_COM100005450_SYN_01,2024-09-05 18:28:15.703,2024-12-03 11:38:22.473
dbo,tTemp_COM100006556_APS,2026-07-04 09:28:19.833,2026-07-04 09:28:19.833
dbo,tTemp_COM100006556_Incentive,2026-06-05 08:56:20.300,2026-06-05 08:56:20.300
dbo,tTemp_COM100006556_Insentive,2026-07-04 09:28:18.410,2026-07-04 09:28:18.410
dbo,tTemp_COM100006556_SYN_01,2026-06-05 08:14:34.230,2026-06-05 08:14:34.243
dbo,tTemp_COM1000080311_EmpExport,2026-03-14 16:14:14.077,2026-03-14 16:14:14.077
dbo,tTemp_COM100009403_EmpExport,2026-05-23 16:27:19.467,2026-05-23 16:27:19.467
dbo,tTemp_COM100009403_I_T01,2026-04-16 08:57:16.320,2026-04-16 08:57:16.320
dbo,tTemp_COM100009403_I_T01_Reformatted,2026-04-16 08:57:16.333,2026-04-16 08:57:16.333
dbo,tTemp_COM100009403_SYN_01,2026-07-13 11:38:12.043,2026-07-13 11:38:12.057
dbo,tTemp_COM100009404_APS,2025-01-22 14:44:17.797,2025-01-22 14:44:17.797
dbo,tTemp_COM100009404_EmpExport,2026-03-20 13:09:30.030,2026-03-20 13:09:30.030
dbo,tTemp_COM100009404_I_T01,2026-07-02 13:49:23.363,2026-07-02 13:49:23.363
dbo,tTemp_COM100009404_I_T01_Reformatted,2026-07-02 13:49:23.377,2026-07-02 13:49:23.377
dbo,tTemp_COM100009404_Insentive,2025-01-22 14:44:17.737,2025-01-22 14:44:17.737
dbo,tTemp_COM100009404_SYN_01,2026-07-13 09:39:41.560,2026-07-13 09:39:41.573
dbo,tTemp_COM1000114628_I_102,2026-03-13 13:37:26.707,2026-03-13 13:37:26.707
dbo,tTemp_COM1000114628_I_103,2026-03-13 13:37:26.717,2026-03-13 13:37:26.717
dbo,tTemp_COM1000114628_I_103_1,2026-03-13 13:37:26.733,2026-03-13 13:37:26.733
dbo,tTemp_COM1000114628_I_104,2026-03-13 13:37:26.760,2026-03-13 13:37:26.760
dbo,tTemp_COM1000114628_I_609,2026-03-13 13:37:26.750,2026-03-13 13:37:26.750
dbo,tTemp_COM1000114628_SYN_01,2026-07-11 13:55:02.290,2026-07-11 13:55:02.300
dbo,tTemp_COM100011613_APS,2026-06-17 15:39:04.333,2026-06-17 15:39:04.333
dbo,tTemp_COM100011613_EmpExport,2026-03-13 10:47:43.693,2026-03-13 10:47:43.693
dbo,tTemp_COM100011613_I_T01,2026-04-16 09:25:13.797,2026-04-16 09:25:13.797
dbo,tTemp_COM100011613_I_T01_Reformatted,2026-04-16 09:25:13.820,2026-04-16 09:25:13.820
dbo,tTemp_COM100011613_Incentive,2026-06-17 15:39:03.847,2026-06-17 15:39:03.847
dbo,tTemp_COM100011613_Insentive,2026-03-31 09:52:45.103,2026-03-31 09:52:45.103
dbo,tTemp_COM100011613_SYN_01,2026-07-08 16:45:37.097,2026-07-08 16:45:37.120
dbo,tTemp_COM100011658_EmpExport,2026-03-14 15:16:53.170,2026-03-14 15:16:53.170
dbo,tTemp_COM100011658_SYN_01,2024-04-30 17:07:59.953,2024-12-03 11:38:22.493
dbo,tTemp_COM100012952_SYN_01,2026-07-09 11:04:49.717,2026-07-09 11:04:49.733
dbo,tTemp_COM1000129521_SYN_01,2024-06-12 16:13:48.200,2024-12-03 11:38:24.887
dbo,tTemp_COM100014629_SYN_01,2026-07-13 11:09:47.730,2026-07-13 11:09:47.743
dbo,tTemp_COM133_APS,2026-07-02 09:35:47.047,2026-07-02 09:35:47.047
dbo,tTemp_COM133_EmpExport,2026-03-12 15:04:12.723,2026-03-12 15:04:12.723
dbo,tTemp_COM133_I_T01,2026-04-16 08:58:02.853,2026-04-16 08:58:02.853
dbo,tTemp_COM133_I_T01_Reformatted,2026-04-16 08:58:02.870,2026-04-16 08:58:02.870
dbo,tTemp_COM133_Incentive,2026-07-02 09:35:44.920,2026-07-02 09:35:44.920
dbo,tTemp_COM133_Insentive,2026-04-01 14:35:05.700,2026-04-01 14:35:05.700
dbo,tTemp_COM133_SYN_01,2026-03-02 11:48:32.907,2026-03-11 10:14:45.123
dbo,tTemp_DESKTOPCPFG9DI_SYN_01,2026-02-23 08:22:50.617,2026-03-11 10:14:44.647
dbo,tTemp_ImportTime_SCC,2026-07-13 09:32:04.157,2026-07-13 09:32:04.180
dbo,tTemp_Khemchapasorn_SYN_01,2024-03-21 18:51:29.833,2024-12-03 11:38:25.510
dbo,tTemp_Leave,2023-10-04 16:46:26.900,2023-10-04 16:46:26.900
dbo,tTemp_Mode20_Reformatted,2025-09-24 09:16:55.580,2026-03-11 10:14:43.533
dbo,tTemp_Mode20_Scan,2025-09-24 09:17:05.363,2026-03-11 10:14:25.497
dbo,tTemp_PayrollLeave,2025-09-24 09:04:56.107,2025-09-24 09:04:56.107
dbo,tTemp_PHICHAC_APS,2010-08-18 11:19:30.800,2010-08-18 11:19:30.877
dbo,tTemp_PHICHAC_I_102,2012-06-25 13:12:33.270,2012-06-25 13:12:33.273
dbo,tTemp_PHICHAC_I_103,2012-06-25 13:12:33.287,2026-03-11 10:14:44.103
dbo,tTemp_PHICHAC_I_103_1,2012-06-25 13:12:33.300,2026-03-11 10:14:44.177
dbo,tTemp_PHICHAC_I_104,2012-06-25 13:12:33.317,2012-06-25 13:12:33.320
dbo,tTemp_PHICHAC_I_609,2012-06-25 13:12:33.317,2026-03-11 10:14:44.210
dbo,tTemp_PHICHAC_Insentive,2010-08-18 11:19:29.987,2010-08-18 11:19:30.020
dbo,tTemp_PICHA_APS,2009-06-16 16:08:33.020,2009-06-16 16:08:33.023
dbo,tTemp_PICHA_EmpExport,2009-05-07 16:00:49.157,2009-05-07 16:00:49.250
dbo,tTemp_PICHA_Insentive,2009-06-16 16:08:32.990,2009-06-16 16:08:32.993
dbo,tTemp_SCCDB01_APS,2026-06-16 17:04:40.053,2026-06-16 17:04:40.053
dbo,tTemp_SCCDB01_I_T01,2024-04-09 13:07:54.753,2024-04-09 13:07:54.753
dbo,tTemp_SCCDB01_I_T01_Reformatted,2024-04-09 13:07:54.763,2024-04-09 13:07:54.763
dbo,tTemp_SCCDB01_Incentive,2026-06-16 17:04:39.610,2026-06-16 17:04:39.610
dbo,tTemp_SCCDB01_Insentive,2025-05-02 11:11:16.077,2025-05-02 11:11:16.077
dbo,tTemp_SCCDB01_SYN_01,2026-05-28 16:25:17.307,2026-05-28 16:25:17.317
dbo,tTemp_SCCWEB01_I_T01,2024-02-15 09:23:00.380,2024-02-15 09:23:00.380
dbo,tTemp_SCCWEB01_I_T01_Reformatted,2024-02-15 09:23:00.393,2024-02-15 09:23:00.393
dbo,tTemp_SCCWEB01_SYN_01,2024-02-15 09:53:50.130,2024-12-03 11:38:25.530
dbo,tTemp_SCCWIN10_APS,2026-03-11 15:31:04.840,2026-03-11 15:31:04.840
dbo,tTemp_SCCWIN10_EmpExport,2026-05-06 16:19:29.267,2026-05-06 16:19:29.267
dbo,tTemp_SCCWIN10_Insentive,2026-03-11 15:30:55.073,2026-03-11 15:30:55.073
dbo,tTemp_SCCWIN10_SYN_01,2026-06-17 14:12:11.800,2026-06-17 14:12:11.810
dbo,tTemp_SSODetail,2018-10-08 16:42:42.160,2018-10-08 16:42:42.160
dbo,tTemp_SSOSum,2018-10-08 16:42:42.220,2018-10-08 16:42:42.220
dbo,tTemp_Timeinout_01,2026-07-10 16:13:57.913,2026-07-10 16:13:57.930
dbo,tTemp_TimeStampScan,2025-09-24 09:16:55.640,2026-03-11 10:14:43.523
dbo,tTemp_Wanthida_SYN_01,2024-03-22 17:13:26.317,2024-12-03 11:38:22.500
dbo,tTemp_webadmin_SYN_01,2026-03-27 10:48:19.197,2026-03-27 10:48:19.203
dbo,tTemp_WORAVUT_APS,2024-07-17 14:25:35.673,2024-07-17 14:25:35.673
dbo,tTemp_WORAVUT_I_T01,2024-04-23 13:54:46.530,2024-04-23 13:54:46.530
dbo,tTemp_WORAVUT_I_T01_Reformatted,2024-04-23 13:54:46.550,2024-04-23 13:54:46.550
dbo,tTemp_WORAVUT_Insentive,2024-07-17 14:25:35.640,2024-07-17 14:25:35.640
dbo,tTemp_WORAVUT_SYN_01,2024-07-17 11:24:43.543,2024-12-03 11:38:24.793
dbo,tTempBatch_TimeInOut,2026-07-13 00:23:27.897,2026-07-13 00:23:27.907
dbo,tTempBatchEmp,2026-07-13 00:00:00.833,2026-07-13 00:00:00.843
dbo,tTempBatchTime,2026-07-13 00:00:01.570,2026-07-13 00:00:01.583
dbo,tTempCalTime_SCCWEB01_01,2024-02-15 09:23:17.833,2024-12-03 11:38:24.687
dbo,tTempEmployee_Incentive,2026-03-11 10:14:54.653,2026-03-11 10:14:54.707
dbo,tTempGet_TimeMode20,2025-09-24 09:03:16.613,2025-09-24 09:03:16.613
dbo,tTempImportPlan,2016-03-11 10:11:56.127,2016-03-11 10:11:56.127
dbo,tTempTimeInOut,2025-09-24 09:04:17.343,2026-03-11 10:13:23.573
dbo,tTempTransfer,2012-02-29 02:18:47.923,2026-03-11 10:14:22.313
dbo,tTempTransfer_Log,2012-02-29 02:18:47.940,2026-03-11 10:14:22.400
dbo,tTimeCard_HideCol,2012-04-17 13:58:39.703,2026-03-11 10:14:22.530
dbo,tTimeCard_Permission,2012-02-29 02:17:56.330,2026-03-11 10:14:15.813
dbo,tTimeCard_Remark,2012-02-29 02:23:35.960,2026-03-11 10:14:43.517
dbo,tTimeInOut,2006-12-14 14:46:15.077,2026-03-11 10:16:17.473
dbo,tTimeInOut_AddLeave,2024-01-23 08:20:23.637,2026-03-11 10:16:21.377
dbo,tTimeInOut_ColDef,2007-02-19 15:34:40.060,2026-03-11 10:13:22.700
dbo,tTimeInOut_Data,2026-03-11 10:14:53.707,2026-06-10 14:16:30.473
dbo,tTimeInOut_FieldCaption,2006-12-14 21:33:39.640,2026-03-11 10:13:43.273
dbo,tTimeInOut_RowName,2008-06-12 09:22:37.937,2026-03-11 10:14:22.503
dbo,tTimeInOut_T0xFormat,2007-02-19 15:34:40.373,2026-03-11 10:13:22.747
dbo,tTimeSheet,2013-06-10 12:52:52.373,2026-03-11 10:13:44.813
dbo,tTimeSheet_InputDataList,2014-02-07 14:27:02.477,2026-03-11 10:13:22.763
dbo,tTimeSheet_Log,2013-06-10 12:52:52.483,2026-03-11 10:14:15.807
dbo,tTimeSheet_MultiPeriod,2014-02-07 14:27:01.693,2026-03-11 10:14:44.173
dbo,tTimeStamp,2006-10-01 15:44:13.560,2026-03-11 10:14:42.373
dbo,tTraining_Temp,2022-12-29 13:51:17.250,2026-03-11 10:14:22.253
dbo,tTrainingCompany,2012-02-29 01:56:42.507,2026-03-11 10:13:23.693
dbo,tTrainingMode,2022-12-29 13:52:28.743,2026-03-11 10:14:25.390
dbo,tTrainingPerson,2012-02-29 01:56:46.437,2026-03-11 10:13:23.927
dbo,tTrainingPlace,2012-02-29 01:56:42.507,2026-03-11 10:13:23.707
dbo,tTrainingType,2022-12-29 13:52:28.893,2026-03-11 10:14:42.387
dbo,tTrainingTypeEvaluate,2022-12-29 13:51:17.110,2026-03-11 10:14:25.287
dbo,tUse_Flow,2008-10-09 16:03:52.370,2026-03-11 10:13:37.997
dbo,tUseList,2012-02-29 02:01:10.303,2012-02-29 02:01:10.337
dbo,tUser,2007-01-10 17:02:06.543,2026-03-11 10:13:22.820
dbo,tUser_LoginStat,2007-03-27 16:40:18.967,2026-03-11 10:13:22.743
dbo,tUser_PWDHistory,2012-02-29 02:07:53.450,2026-03-11 10:14:44.033
dbo,tUserAD,2018-10-08 16:42:46.047,2026-03-11 10:13:23.517
dbo,tUserBU2Permission,2012-02-29 02:13:23.700,2026-03-11 10:14:22.483
dbo,tUserBU3Permission,2012-02-29 02:13:23.717,2026-03-11 10:14:25.367
dbo,tUserBU4Permission,2012-02-29 02:13:23.733,2026-03-11 10:14:43.533
dbo,tUserBUPermission,2012-02-29 02:04:55.583,2026-03-11 10:14:15.843
dbo,tUserEmpLevelPermission,2012-02-29 02:13:23.857,2026-03-11 10:14:42.427
dbo,tUserEMPTP1Permission,2012-02-29 02:13:23.763,2026-03-11 10:14:43.483
dbo,tUserEMPTP2Permission,2012-02-29 02:13:23.827,2026-03-11 10:14:25.477
dbo,tUserEMPTP3Permission,2012-02-29 02:13:23.843,2026-03-11 10:14:25.543
dbo,tUserGroup,2007-02-11 19:24:06.373,2026-03-11 10:14:43.993
dbo,tUserProjectPermission,2012-02-29 02:07:31.007,2026-03-11 10:14:43.803
dbo,tUserWebMenuPermission,2012-02-29 02:07:03.207,2026-03-11 10:14:25.493
dbo,tUserWebTimeCardPermission,2018-10-08 16:42:49.327,2026-03-11 10:14:15.803
dbo,tUserWorkgroup,2012-02-29 02:04:55.647,2026-03-11 10:14:21.847
dbo,tVacationLockFlag,2017-02-21 13:56:17.087,2026-03-11 10:14:49.557
dbo,tvTimeAttendance_FieldCaption,2007-01-11 22:57:21.607,2026-03-11 10:14:43.547
dbo,tW_Option,2012-02-29 02:02:01.283,2026-03-11 10:14:25.360
dbo,tWF_AssignQuota,2008-10-09 16:03:51.637,2026-03-11 10:13:23.890
dbo,tWF_FieldCaption,2008-10-09 16:03:51.653,2026-03-11 10:13:23.910
dbo,tWF_Loan,2008-06-12 09:22:31.123,2026-03-11 10:14:42.447
dbo,tWF_LoanPayment,2008-06-12 09:22:31.230,2026-03-11 10:14:44.053
dbo,tWF_Record,2008-10-09 16:03:51.683,2026-03-11 10:13:22.723
dbo,tWorkCalendar,2006-09-30 12:39:10.717,2026-03-11 10:13:23.597
dbo,tWorkCalendarDetail,2006-09-23 00:07:15.780,2026-03-11 10:14:44.123
dbo,tWorkCalendarDetailTemp,2023-10-16 12:03:38.270,2023-10-16 12:03:38.270
dbo,tWorkCalendarShiftPattern,2012-02-29 02:09:17.800,2024-12-09 14:10:40.180
dbo,tWorkPeriod,2007-03-27 16:42:58.980,2026-03-11 10:13:23.527
dbo,tYTD_Attendance,2012-02-29 02:18:09.550,2026-03-11 10:14:22.230
dbo,tYTD_Report_Wait_Stored,2012-02-29 02:18:14.653,2026-03-11 10:14:22.573
license,AccessClient,2017-02-21 13:43:54.770,2017-02-21 13:43:54.770
license,FeatureRegister,2017-02-21 13:43:54.780,2017-02-21 13:43:54.780
license,LicenseRegister,2017-02-21 13:43:54.787,2017-02-21 13:43:54.787
license,MASLicense,2022-12-29 13:51:03.500,2022-12-29 13:51:03.500
license,ServiceRegister,2017-02-21 13:43:54.793,2017-02-21 13:43:54.793
maspayroll,tPayroll_ColReport,2022-12-29 13:51:06.887,2022-12-29 13:51:06.953
payroll,KT20A_FieldCaption,2020-01-24 11:37:32.690,2023-10-04 16:46:27.307
payroll,KT20A_FieldCaption_ByYear,2020-01-24 11:37:34.177,2020-01-24 11:37:34.363
payroll,KT20A_FieldConfiguration,2020-01-24 11:37:33.000,2020-01-24 11:37:34.030
payroll,KT20A_FieldConfiguration_ByYear,2020-01-24 11:37:34.443,2020-01-24 11:37:34.800
payroll,Period_Configuration,2020-01-24 11:37:31.553,2023-10-04 16:46:27.273
rosetta,Rosetta2_Conditions,2025-09-24 09:16:54.480,2025-09-24 09:16:54.567
rosetta,Rosetta2_Device,2025-09-24 09:16:54.707,2025-09-24 09:16:54.770
rosetta,Rosetta2_Door,2025-09-24 09:16:54.900,2025-09-24 09:16:54.980
rosetta,Rosetta2_Event,2025-09-24 09:16:54.790,2025-09-24 09:16:54.877
rosetta,Rosetta2_Operator,2025-09-24 09:16:54.613,2025-09-24 09:16:54.660
rosetta,Rosetta2_User,2025-09-24 09:16:55.080,2025-09-24 09:16:55.147
rosetta,Rosetta2_UserGroup,2025-09-24 09:16:55.000,2025-09-24 09:16:55.063
rosetta,Temp_TimeStamp,2025-09-24 09:16:54.453,2025-09-24 09:16:54.463
service,AppSyncConfig,2022-12-29 13:51:03.663,2026-03-04 13:18:26.670
service,EmployeeMappingID,2022-12-29 13:51:11.267,2022-12-29 13:51:11.323
service,Locations,2026-03-18 14:44:20.500,2026-03-18 14:44:20.513
service,Log_50Wtc,2022-12-29 13:51:26.113,2022-12-29 13:51:26.157
service,Log_PaySlip,2022-12-29 13:51:03.797,2022-12-29 13:51:25.630
service,Log_Registered,2022-12-29 13:51:03.753,2022-12-29 13:51:25.570
service,Period50Wtc,2022-12-29 13:51:26.167,2022-12-29 13:51:26.190
service,PeriodSlip,2022-12-29 13:51:03.840,2022-12-29 13:51:25.507
service,Request,2026-03-18 14:42:30.400,2026-03-18 14:42:30.400
service,SysConfig,2022-12-29 13:51:03.487,2022-12-29 13:51:03.487
service,tAssignMobileFunction,2022-12-29 13:51:26.253,2022-12-29 13:51:26.267
service,tTemp_FlowTeam,2026-03-11 10:14:52.390,2026-03-17 17:02:47.483
service,tTemp_LeaveApproved,2026-03-24 14:12:39.080,2026-03-24 14:12:39.103
service,tTemp_LeaveBalance,2026-03-18 15:20:02.347,2026-03-18 15:20:02.380
service,tTemp_LeaveFlow,2026-03-24 14:06:05.677,2026-03-24 14:06:05.697
service,tTemp_LeaveNonRequest,2026-03-24 14:11:08.577,2026-03-24 14:11:08.597
service,tTemp_LeaveRequest,2026-03-18 15:19:02.107,2026-03-25 13:24:16.660
service,tTemp_Leaves,2026-03-11 10:14:52.460,2026-03-11 10:14:52.460
service,tTemp_LeaveTypes,2026-03-18 15:19:02.000,2026-03-18 15:19:02.040
service,tTemp_OTApproved,2026-03-24 14:13:08.670,2026-03-24 14:13:08.680
service,tTemp_OTFlow,2026-03-24 14:06:05.643,2026-03-24 14:06:05.683
service,tTemp_OTNonRequest,2026-03-24 14:10:08.267,2026-03-24 14:10:08.287
service,tTemp_OTRequest,2026-03-18 15:19:02.070,2026-03-25 13:24:13.540
service,tTemp_Overtimes,2026-03-11 10:14:52.547,2026-03-11 10:14:52.547
service,tTemp_TimeAttendances,2023-05-21 00:00:02.857,2023-05-21 00:00:02.867
service,tTemp_TimeClocks,2023-05-20 19:37:43.220,2023-05-20 19:37:43.330
service,tTemp_WorkFlow,2026-03-24 14:06:04.023,2026-03-24 14:06:04.067
