dbo,tApproverList,EmployeeID,FK_tApproverList_tEmployee,dbo,tEmployee,EmployeeCode,NO_ACTION,CASCADE,0
dbo,tAssignChargeRate,EmployeeCode,FK_tAssignChargeRate_tEmployee,dbo,tEmployee,EmployeeCode,CASCADE,CASCADE,0
dbo,tAssignMenuPermission,USG_ID,FK_tAssignMenuPermission_tUserGroup,dbo,tUserGroup,USG_ID,CASCADE,CASCADE,0
dbo,tAssignShift,EmployeeCode,FK_tAssignShift_tEmployee,dbo,tEmployee,EmployeeCode,CASCADE,CASCADE,0
dbo,tAssignShiftByWeekDay,EmployeeCode,FK_tAssignShiftByWeekDay_tEmployee,dbo,tEmployee,EmployeeCode,CASCADE,CASCADE,0
dbo,tAssignUserRole,USG_ID,FK_tAssignUserRole_tUserGroup,dbo,tUserGroup,USG_ID,CASCADE,CASCADE,0
dbo,tCCList,RuleID,FK_tCCList_tRule,dbo,tRule,RuleID,CASCADE,NO_ACTION,0
dbo,tCondition,RuleID,FK_tCondition_tRule,dbo,tRule,RuleID,CASCADE,NO_ACTION,0
dbo,tEmployee,EMPTT_ID,FK_tEmployee_tEmployeeTitle,dbo,tEmployeeTitle,EMPTT_ID,NO_ACTION,CASCADE,0
dbo,tEmployee,Site_ID,FK_tEmployee_tSiteTR,dbo,tSiteTR,Site_ID,NO_ACTION,CASCADE,0
dbo,tEmployeeLevel_LeaveType,RequestTypeID,FK_tEmployeeLevel_LeaveType_tRequestType,dbo,tRequestType,RequestTypeID,NO_ACTION,NO_ACTION,0
dbo,tEmployeePhoto,EmployeeCode,FK_tEmployeePhoto_tEmployee,dbo,tEmployee,EmployeeCode,CASCADE,CASCADE,0
dbo,tEmployeeStatus,EMPSTG_ID,FK_tEmployeeStatus_tEmployeeStatusGroup,dbo,tEmployeeStatusGroup,EMPSTG_ID,CASCADE,CASCADE,0
dbo,tEmployeeWork_Quota,EMPLLT_ID,FK_tEmployeeWork_Quota_tEmployeeLevel_LeaveType,dbo,tEmployeeLevel_LeaveType,EMPLLT_ID,NO_ACTION,NO_ACTION,0
dbo,tFlow,RequestSystemID,FK_tFlow_tRequestSystem,dbo,tRequestSystem,RequestSystemID,SET_NULL,SET_NULL,0
dbo,tFlowPath,RuleID,FK_tFlowPath_tRule,dbo,tRule,RuleID,CASCADE,NO_ACTION,0
dbo,tImportPlan,EmployeeCode,FK_tTemp_ImportPlan_tTemp_ImportPlan,dbo,tImportPlan,EmployeeCode,NO_ACTION,NO_ACTION,0
dbo,tImportPlan,DateStamp,FK_tTemp_ImportPlan_tTemp_ImportPlan,dbo,tImportPlan,DateStamp,NO_ACTION,NO_ACTION,0
dbo,tLOG_Payroll,EmployeeCode,FK_tLOG_Payroll_tEmployee,dbo,tEmployee,EmployeeCode,CASCADE,CASCADE,0
dbo,tManager,GroupID,FK_tManager_tGroup,dbo,tGroup,GroupID,NO_ACTION,CASCADE,0
dbo,tManager_Delegated,EmployeeCode,FK_tManager_Delegated_Delete,dbo,tEmployee,EmployeeCode,CASCADE,NO_ACTION,0
dbo,tManager_Delegated,EmployeeCode,FK_tManager_Delegated_Update,dbo,tEmployee,EmployeeCode,NO_ACTION,CASCADE,0
dbo,tPayroll,EmployeeCode,FK_tPayroll_tEmployee,dbo,tEmployee,EmployeeCode,CASCADE,CASCADE,0
dbo,tPayroll,PMPERIOD_ID,FK_tPayroll_tPMPeriod,dbo,tPMPeriod,PMPeriod_ID,NO_ACTION,NO_ACTION,0
dbo,tPMPeriod,PRJ_ID,FK_tPMPeriod_tProject,dbo,tProject,PRJ_ID,CASCADE,NO_ACTION,0
dbo,tProject,SSOACC_ID,FK_tProject_tBranch,dbo,tSSO_Account,SSOACC_ID,NO_ACTION,CASCADE,0
dbo,tPunishment,EmployeeCode,FK_tPunishment_tEmployee,dbo,tEmployee,EmployeeCode,CASCADE,CASCADE,0
dbo,tPunishment,GUILTY_TYPE_ID,FK_tPunishment_tGUILTY_Type,dbo,tGUILTY_Type,GUILTY_TYPE_ID,NO_ACTION,CASCADE,0
dbo,tReim,REIM_TYPE_ID,FK_tReim_tReimType,dbo,tReimType,REIM_TYPE_ID,NO_ACTION,CASCADE,0
dbo,tReimRef,REIM_ID,FK_tReimRef_tReim,dbo,tReim,REIM_ID,CASCADE,CASCADE,0
dbo,tRequest,RuleID,FK_tRequest_tRule,dbo,tRule,RuleID,SET_NULL,NO_ACTION,0
dbo,tRequestType,RequestSystemID,FK_tRequestType_tRequestSystem,dbo,tRequestSystem,RequestSystemID,SET_NULL,SET_NULL,0
dbo,tReward,EmployeeCode,FK_tReward_tEmployee,dbo,tEmployee,EmployeeCode,CASCADE,CASCADE,0
dbo,tReward,PERFORMANCE_TYPE_ID,FK_tReward_tPERFORMANCE_Type,dbo,tPERFORMANCE_Type,PERFORMANCE_TYPE_ID,NO_ACTION,CASCADE,0
dbo,tSelectApprover,APPLID,FK_tSelectApprover_tApproverList,dbo,tApproverList,APPLID,NO_ACTION,CASCADE,0
dbo,tSelectApprover,FlowPathID,FK_tSelectApprover_tFlowPath,dbo,tFlowPath,FlowPathID,CASCADE,NO_ACTION,0
dbo,tShiftBreak,SHF_ID,FK_tShiftBreak_tShift,dbo,tShift,SHF_ID,CASCADE,CASCADE,0
dbo,tShiftLateIn,SHF_ID,FK_tShiftLateIn_tShift,dbo,tShift,SHF_ID,CASCADE,CASCADE,0
dbo,tShiftLateOut,SHF_ID,FK_tShiftLateOut_tShift,dbo,tShift,SHF_ID,CASCADE,CASCADE,0
dbo,tShiftOT,SHF_ID,FK_tShiftOT_tShift,dbo,tShift,SHF_ID,CASCADE,CASCADE,0
dbo,tSiteUpdate,SiteUpdatePlanID,FK_dbo.tSiteUpdate_dbo.tSiteUpdatePlan_SiteUpdatePlanID,dbo,tSiteUpdatePlan,ID,CASCADE,NO_ACTION,0
dbo,tSiteUpdatePlan,PredecessorID,FK_dbo.tSiteUpdatePlan_dbo.tSiteUpdatePlan_PredecessorID,dbo,tSiteUpdatePlan,ID,NO_ACTION,NO_ACTION,0
dbo,tSSO_Account,CPN_ID,FK_tSSO_Account_tCompany,dbo,tCompany,CPN_ID,CASCADE,CASCADE,0
dbo,tStage,ReqID,FK_tStage_tRequest,dbo,tRequest,RequestID,CASCADE,NO_ACTION,0
dbo,tTax91,EmployeeCode,FK_tTax91_tEmployee,dbo,tEmployee,EmployeeCode,CASCADE,CASCADE,0
dbo,tTimeInOut,EmployeeCode,FK_tTimeInOut_tEmployee,dbo,tEmployee,EmployeeCode,CASCADE,CASCADE,0
dbo,tTimeInOut,SHF_ID,FK_tTimeInOut_tShift,dbo,tShift,SHF_ID,NO_ACTION,CASCADE,0
dbo,tTimeSheet_MultiPeriod,CostCenter_ID,FK_tTimeSheet_MultiPeriod_tCostCenter,dbo,tCostCenter,CostCenter_ID,CASCADE,CASCADE,0
dbo,tTimeSheet_MultiPeriod,SHF_ID,FK_tTimeSheet_MultiPeriod_tShift,dbo,tShift,SHF_ID,CASCADE,CASCADE,0
dbo,tTimeSheet_MultiPeriod,Site_ID,FK_tTimeSheet_MultiPeriod_tSiteTR,dbo,tSiteTR,Site_ID,CASCADE,CASCADE,0
dbo,tTimeStamp,CardID,FK_tTimeStamp_tEmployee,dbo,tEmployee,EmployeeCode,CASCADE,CASCADE,0
dbo,tUse_Flow,GroupID,FK_tUse_Flow_tGroup,dbo,tGroup,GroupID,CASCADE,NO_ACTION,0
dbo,tUseList,APPGID,FK_tUseList_tApproverGroup,dbo,tApproverGroup,APPGID,CASCADE,NO_ACTION,0
dbo,tUser,USG_ID,FK_tUser_tUserGroup,dbo,tUserGroup,USG_ID,NO_ACTION,CASCADE,0
dbo,tUser_LoginStat,UID,FK_tUser_LoginStat_tUser,dbo,tUser,UID,CASCADE,CASCADE,0
dbo,tWorkCalendarDetail,WCD_ID,FK_tWorkCalendarDetail_tWorkCalendar,dbo,tWorkCalendar,WCD_ID,CASCADE,CASCADE,0
