customize,TimeScan_BioStar,PK_TimeScan_BioStar,Temp_Id,1
customize,tLog_Tranfersite,PK_tLog_Tranfersite,LogID,1
customize,tMOD_LogSetting,PK_tMOD_LogSetting,ROW_ID,1
customize,tMOD_SettingIncentive,PK_tMOD_SettingIncentive,Site_ID,1
customize,tMOD_SettingIncentive,PK_tMOD_SettingIncentive,EMPTT_ID,2
customize,tSCC_SettingIncentive,PK_tSCC_SettingIncentive,Site_ID,1
customize,tSCC_SettingIncentive,PK_tSCC_SettingIncentive,EMPTT_ID,2
customize,tSCC_SettingPayAllowance,PK_tSCC_SettingPayAllowance,Site_ID,1
customize,tSCC_SettingPayAllowance,PK_tSCC_SettingPayAllowance,ROW_ID,2
customize,tSCC_TranferApprove,PK_tSCC_TranferApprove,RequestID,1
customize,tSCC_TranferApprove,PK_tSCC_TranferApprove,EmployeeCode,2
customize,tSCC_TranferEmp,PK_tSCC_TranferEmp,RequestID,1
customize,tSCC_TranferEmp,PK_tSCC_TranferEmp,EmployeeCode,2
customize,tSCC_TranferSite,PK_tSCC_TranferSite,RequestID,1
dbo,__MigrationHistory,PK_dbo.__MigrationHistory,MigrationId,1
dbo,__MigrationHistory,PK_dbo.__MigrationHistory,ContextKey,2
dbo,_DBMigrationHistory,PK_dbo._DBMigrationHistory,ID,1
dbo,dtproperties,pk_dtproperties,id,1
dbo,dtproperties,pk_dtproperties,property,2
dbo,sysdiagrams,PK__sysdiagrams__14F138E6,diagram_id,1
dbo,tAnnouncement,PK_tAnnouncement,AnnouncementID,1
dbo,tAppConnector,PK_tAppConnector,CNT_ID,1
dbo,tAppConnector_File,PK_tAppConnector_File,CNT_ID,1
dbo,tApplication,PK_tApplication,ApplicationID,1
dbo,tApproverGroup,PK_tApproveGroup,APPGID,1
dbo,tApproverList,PK_tApproveList,APPLID,1
dbo,tAssignBillRate,PK_tAssignBillRate,BillPeriod_ID,1
dbo,tAssignBillRate,PK_tAssignBillRate,EmployeeCode,2
dbo,tAssignChargeRate,PK_tAssignChargeRate,EmployeeCode,1
dbo,tAssignChargeRate,PK_tAssignChargeRate,DateAssign,2
dbo,tAssignControlGoTo,PK_tAssignControlGoTo,Control_ID,1
dbo,tAssignControlGoTo,PK_tAssignControlGoTo,PRJ_ID,2
dbo,tAssignControlGoTo,PK_tAssignControlGoTo,UID,3
dbo,tAssignMenuPermission,PK_tAssignMenuPermission,USG_ID,1
dbo,tAssignMenuPermission,PK_tAssignMenuPermission,SwitchboardID,2
dbo,tAssignMenuPermission,PK_tAssignMenuPermission,ItemNumber,3
dbo,tAssignMenuPermission,PK_tAssignMenuPermission,MenuID,4
dbo,tAssignOT,PK_tAssignOT,RequestID,1
dbo,tAssignOT,PK_tAssignOT,employeecode,2
dbo,tAssignProjectPermission,PK_tAssignProjectPermission,USG_ID,1
dbo,tAssignProjectPermission,PK_tAssignProjectPermission,PRJ_ID,2
dbo,tAssignShifiWhirl,PK_tAssignShifiWhirl,ID_SW,1
dbo,tAssignShift,PK_tAssignShift,EmployeeCode,1
dbo,tAssignShift,PK_tAssignShift,DateAssign,2
dbo,tAssignShiftByWeekDay,PK_tAssignShiftByWeekDay,EmployeeCode,1
dbo,tAssignShiftByWeekDay,PK_tAssignShiftByWeekDay,nWeekDay,2
dbo,tAssignUserRole,PK_tAssignUserRole,ROLE_ID,1
dbo,tAssignUserRole,PK_tAssignUserRole,USG_ID,2
dbo,tAssignUserRole_Advance,PK_tAssignUserRole_Advance,ROLE_ID,1
dbo,tAssignUserRole_Advance,PK_tAssignUserRole_Advance,USG_ID,2
dbo,tAssignWorkCalendar,PK_tAssignWorkCalendar,EmployeeCode,1
dbo,tAssignWorkCalendar,PK_tAssignWorkCalendar,DateAssign,2
dbo,tAutoGenID,PK_tGenAutoRunID,AutoRun_ID,1
dbo,tAutoPostSchedule,PK_tAutoPostSchedule,APS_ID,1
dbo,tAutoPostSchedule_TRM,PK_tAutoPost_TRM,APS_ID,1
dbo,tAward_Type,PK_tAward_Type,Award_TYPE_ID,1
dbo,tBadgeStyle,PK_tBadgeStyle,Badge_ID,1
dbo,tBankBranch,PK_tBankBranch,BN_ID,1
dbo,tBankBranch,PK_tBankBranch,BranchCode,2
dbo,tBankMaster,PK_tBankMaster,Bank_ID,1
dbo,tBankName,PK_tBankName,BN_ID,1
dbo,tBatch_ScheduleReload,PK_tBatch_ScheduleReload,RowID,1
dbo,tBatchLeave,PK_tBatchLeave,BatchLeave_ID,1
dbo,tBatchLeave,PK_tBatchLeave,LeaveField,2
dbo,tBatchLeave,PK_tBatchLeave,NYear,3
dbo,tBatchPVF,PK_tBatchpvf,BatchLeavepvf_ID,1
dbo,tBatchPVF,PK_tBatchpvf,LeaveField,2
dbo,tBatchPVF,PK_tBatchpvf,NYear,3
dbo,tBatchPVF,PK_tBatchpvf,NMonth,4
dbo,tBillChargeRate,PK_tBillChargeRate,BILLCHR_ID,1
dbo,tBillPeriod,PK_tBillPeriod,BillPeriod_ID,1
dbo,tBillSum_PeriodYM,PK_tBillSum_PeriodYM,BillPeriod_ID,1
dbo,tBillSum_PeriodYM,PK_tBillSum_PeriodYM,Period_YM,2
dbo,tBillSummary,PK_tBillSummary,BillSum_ID,1
dbo,tBillSummary,PK_tBillSummary,EmployeeCode,2
dbo,tBillSummary,PK_tBillSummary,BillPeriod_ID,3
dbo,tBU_FieldCaption,PK_tBU_FieldCaption,ROW_ID,1
dbo,tBU1,PK__tBU1,BU1_ID,1
dbo,tBU1_New,PK_tBU1_New,ID,1
dbo,tBU2,PK__tBU2,BU2_ID,1
dbo,tBU2_New,PK_tBU2_New,ID,1
dbo,tBU3,PK__tBU3,BU3_ID,1
dbo,tBU3_New,PK_tBU3_New,ID,1
dbo,tBU4,PK__tBU4,BU4_ID,1
dbo,tBU4_New,PK_tBU4_New,ID,1
dbo,tCal_PVF,PK_tCal_PVF,PMPERIOD_ID,1
dbo,tCal_PVF,PK_tCal_PVF,EmployeeCode,2
dbo,tCalendarYear,PK_tCalendarYear,PMPeriod_ID,1
dbo,tCardStatus_Type,PK_tCardStatus_Type,STATUS_TYPE_ID,1
dbo,tCashAdvance,PK_tCashAdvance,CashAdv_ID,1
dbo,tCertificationStyle,PK_tCertificationStyle,Certification_ID,1
dbo,tChangeset,PK_tChangeset,ID,1
dbo,tChildren_Prefix,PK_tChildren_Prefix,ID,1
dbo,tColDef_PayrollExport,PK_tColDef_PayrollExport,ROWID,1
dbo,tColDef_PayrollExport,PK_tColDef_PayrollExport,SEQNO,2
dbo,tColDef_PayrollExport,PK_tColDef_PayrollExport,FieldName,3
dbo,tColDef_PayrollFormat,PK_tColDef_rPayrollName,ROWID,1
dbo,tColDef_rBILL,PK_tColDef_rBILL,SEQNO,1
dbo,tColDef_rBILL,PK_tColDef_rBILL,FieldName,2
dbo,tColDef_rEmployeeExport,PK_tColDef_rEmployeeExport,SEQNO,1
dbo,tColDef_rEmployeeExport,PK_tColDef_rEmployeeExport,FieldName,2
dbo,tColDef_rEmployeeExportNew,PK_tColDef_rEmployeeExportNew,ID,1
dbo,tColDef_rPM,PK_tColDef_rPM,SEQNO,1
dbo,tColDef_rPM,PK_tColDef_rPM,FieldName,2
dbo,tCompany,PK_tCompany,CPN_ID,1
dbo,tCondition,PK_tCondition,ConditionID,1
dbo,tControlMOD,PK_tControlMOD,EventID,1
dbo,tCostAllocation,PK_tCostAllocation,RowID,1
dbo,tCostAllocation_UserList,PK_tCostAllocation_Permission,Employeecode,1
dbo,tCostCenter,PK__tCostCenter,CostCenter_ID,1
dbo,tCostCenter_BU_Mapping,PK_tCostCenter_BU,CostCenter_ID,1
dbo,tCostCenter_BU_Mapping,PK_tCostCenter_BU,BU_ID,2
dbo,tCourse,PK_tCourse,Course_ID,1
dbo,tCourseDetail,PK_tCourseDetail,Row_ID,1
dbo,tCourseGeneration,PK_tCourseTraining,Gen_ID,1
dbo,tCourseTaking,PK_tCourseTaking,Gen_ID,1
dbo,tCourseTaking,PK_tCourseTaking,EmployeeCode,2
dbo,tData_PND1_Detail,PK_tData_PND1_Detail,ComputerName,1
dbo,tData_PND1_Detail,PK_tData_PND1_Detail,CPN_ID,2
dbo,tData_PND1_Detail,PK_tData_PND1_Detail,PID,3
dbo,tData_PND1_Detail,PK_tData_PND1_Detail,EmployeeCode,4
dbo,tDecoration,PK_tDecoration,DecorationID,1
dbo,tDecoration,PK_tDecoration,Decoration_Thai,2
dbo,tDecorationGroup,PK_tDecorationGroup,GroupID,1
dbo,tDetailAssignShiftWhirl,PK_tDetailAssignShiftWhirl,ID_DSW,1
dbo,tDL_tLeaveRequest,PK_tDL_tLeaveRequest,LRQ_ID,1
dbo,tDL_tLOG_TimeInOut,PK_tDL_tLOG_TimeInOut,LOG_ID,1
dbo,tDL_tTimeInOut,PK_tDL_tTimeInOut,EmployeeCode,1
dbo,tDL_tTimeInOut,PK_tDL_tTimeInOut,DateStamp,2
dbo,tDL_tUser,PK_tDL_tUser,UID,1
dbo,tDL_tUser_LoginStat,PK_tDL_tUser_LoginStat,RowID,1
dbo,tEmployee,PK_tEmployee,EmployeeCode,1
dbo,tEmployee_Children,PK_tEmployee_Children,ID,1
dbo,tEmployee_Decoration,PK_tEmployee_Decoration,RowID,1
dbo,tEmployee_FieldCaption,PK_tEmployee_FieldCaption,ROW_ID,1
dbo,tEmployee_New,PK_tEmployee_New,EmployeeID,1
dbo,tEmployee_OtherCard,PK_Employee_OtherCard,Id,1
dbo,tEmployee_RateP0x,PK_tEmployee_RateP0x,EmployeeCode,1
dbo,tEmployee_Temp,PK_tEmployee_Temp,EmployeeCode,1
dbo,tEmployeeAbility,PK_tEmployeeAbility,EmployeeCode,1
dbo,tEmployeeBank,PK_tEmployeeBank,BN_ID,1
dbo,tEmployeeBank,PK_tEmployeeBank,EmpCode,2
dbo,tEmployeeFilter,PK_tEmployeeFilter,SCH_ID,1
dbo,tEmployeeFilter_TRM,PK_tEmployeeFilter_TRM,SCH_ID,1
dbo,tEmployeeLevel,PK_tEmployeeLevel,EmpLevel_ID,1
dbo,tEmployeeLevel_LeaveType,PK_tEmployeeLevel_LeaveType,EMPLLT_ID,1
dbo,tEmployeePhoto,PK__tEmployeePhoto,EmployeeCode,1
dbo,tEmployeeStatus,PK_tEmployeeStatus,EMPST_ID,1
dbo,tEmployeeStatusGroup,PK__tEmployeeStatusGroup,EMPSTG_ID,1
dbo,tEmployeeTitle,PK_tEmployeeTitle,EMPTT_ID,1
dbo,tEmployeeTitle_LeaveQuota,PK_tEmployeeTitle_LeaveQuota,EMPTT_ID,1
dbo,tEmployeeType_FieldCaption,PK_tEmployeeType_FieldCaption,ROW_ID,1
dbo,tEmployeeType1,PK_tEmployeeType1,EMPTP1_ID,1
dbo,tEmployeeType2,PK_tEmployeeType2,EMPTP2_ID,1
dbo,tEmployeeType3,PK__tEmployeeType3,EMPTP3_ID,1
dbo,tEmployeeWork_Quota,PK_tEmployeeWork_Quota,EMPWQ_ID,1
dbo,tEMPTP1_2_Mapping,PK_tEMPTP1_2_Mapping,EMPTP1_ID,1
dbo,tEMPTP1_2_Mapping,PK_tEMPTP1_2_Mapping,EMPTP2_ID,2
dbo,tEMPTP2_3_Mapping,PK_tEMPTP2_3_Mapping,EMPTP2_ID,1
dbo,tEMPTP2_3_Mapping,PK_tEMPTP2_3_Mapping,EMPTP3_ID,2
dbo,tFlow,PK_tFlow,FlowID,1
dbo,tFlowPath,PK_tFlowPath,FlowPathID,1
dbo,tGLAccount,PK_tGLAccount,GL_AccNo,1
dbo,tGLAccount,PK_tGLAccount,GL_AccType,2
dbo,tGLAccount_MapField,PK_tGLAccount_MapField,SeqField,1
dbo,tGLAccount_MapField,PK_tGLAccount_MapField,GLField,2
dbo,tGroup,PK_tGroup,GroupID,1
dbo,tGUILTY_Type,PK_tGUILTY_Type,GUILTY_TYPE_ID,1
dbo,tImport_Allowances_MappingPreset,PK_tImport_Allowances_MappingPreset,MAP_ID,1
dbo,tImport_Employee_MappingPreset,PK_tImport_Employee_MappingPreset,MAP_ID,1
dbo,tImport_Leave_MappingPreset,PK_tImport_Leave_MappingPreset,MAP_ID,1
dbo,tImport_Leave_MappingPreset_New,PK_tImport_Leave_MappingPreset_New,MAP_ID,1
dbo,tImport_MappingPreset,PK_tImport_MappingPreset,MAP_ID,1
dbo,tImport_WorkPlan_MappingPreset,PK_tImport_WorkPlan_MappingPreset,MAP_ID,1
dbo,tImportPlan,PK_tTemp_ImportPlan,EmployeeCode,1
dbo,tImportPlan,PK_tTemp_ImportPlan,DateStamp,2
dbo,tImportTime_Mapping,PK_tImportTime_Mapping,ID,1
dbo,tL0x_FieldCaption,PK_tL0x_FieldCaption,ROW_ID,1
dbo,tLeaveGroup,PK_tLeaveGroup,LG_ID,1
dbo,tLeaveGroupDetail,PK_tLeaveGroupDetail,ID,1
dbo,tLeaveRequest,PK_tLeaveRequest,LRQ_ID,1
dbo,tLevel,PK_tLevel,LVID,1
dbo,tLoan,PK_tLoan,LOAN_ID,1
dbo,tLog_Batch_AutoPost_TimeSheet,PK_tLog_Batch_AutoPost_TimeSheet,LogID,1
dbo,tLOG_BU,PK_tLOG_BU,ID,1
dbo,tLOG_BU_KeyName,PK_tLOG_BU_KeyName,ID,1
dbo,tLOG_Course,PK_tLOG_Course,LOG_ID,1
dbo,tLOG_DeleteEmployee,PK_tLOG_DeleteEmployee,LOG_ID,1
dbo,tLOG_DeleteImportTime,PK_tLOG_DeleteImportTime,RowID,1
dbo,tLOG_EmployeeGUID,PK_tLOG_EmployeeGUID,ID,1
dbo,tLOG_EmployeeText,PK_tLOG_EmployeePersonalProfile,ID,1
dbo,tLOG_OTApprove,PK_tLOG_OTApprove,LOG_ID,1
dbo,tLog_OTClaim,PK_tLog_OTClaim,LogID,1
dbo,tLOG_OTClaimApprove,PK_tLOG_OTClaimApprove,LOG_ID,1
dbo,tLOG_Payroll,PK_tLOG_Payroll,LOG_ID,1
dbo,tLOG_ProcedureExec,PK_tLOG_ProcedureExec,RowID,1
dbo,tLog_Request,PK_tLog_Request,LogID,1
dbo,tLog_RetroClaim,PK_tLog_RetroClaim,LogID,1
dbo,tLOG_TimeInOut,PK_tLOG_TimeInOut,LOG_ID,1
dbo,tLOG_tProjectChargeRate,PK_tLOG_tProjectChargeRate,LOG_ID,1
dbo,tLOG_Update_Employee,PK_tLOG_Update_Employee,LOG_ID,1
dbo,tLOG_UpdateWork_BU,PK_tLOG_UpdateWork_BU,LOG_ID,1
dbo,tLOG_UpdateWork_Level,PK_tLOG_UpdateWork_Level,LOG_ID,1
dbo,tLOG_UpdateWork_Rate,PK_tLOG_UpdateWork_Rate,LOG_ID,1
dbo,tLOG_UpdateWork_Title,PK_tLOG_UpdateWork_Title,LOG_ID,1
dbo,tLOG_UserLogon_Outpay,PK_tLOG_UserLogon_Outpay,ID,1
dbo,tLogImport_Attendance,PK_tLogImport_Attendance,Log_ID,1
dbo,tLogKeyName,PK_tLogKeyName,ID,1
dbo,tLOGMidnight_OTClaimApprove,PK_tLOGMidnight_OTClaimApprove,LOG_ID,1
dbo,tLogRequest_OT_Process,PK_tLogRequest_OT_Process,RowID,1
dbo,tManager,PK_tManager,ManagerID,1
dbo,tManager_Delegated,PK_tManager_Delegated,ROWID,1
dbo,tMartialStatus,PK__tMartialStatus,MTS_ID,1
dbo,tMenuOutpayPermission,PK_tMenuOutpayPermission,Permission_ID,1
dbo,tMOD_BUChargeRate,PK_tMOD_BUChargeRate,BU1_ID,1
dbo,tMOD_BUChargeRate,PK_tMOD_BUChargeRate,BILLCHR_ID,2
dbo,tMOD_PostedBill,PK_tMOD_PostedBill,RowID,1
dbo,tMOD_PVF_REPORT,PK_tMOD_PVF_REPORT,ID,1
dbo,tMOD_PVF_REPORT,PK_tMOD_PVF_REPORT,MEMBER_ID,2
dbo,tMODBill,PK_tMODBill,BillPeriod_ID,1
dbo,tMODBill,PK_tMODBill,BU3_ID,2
dbo,tNationality,PK__tSSO_Nationality,NAT_ID,1
dbo,tOther_FieldCaption,PK_tOther_FieldCaption,ROW_ID,1
dbo,tOther1,PK__tOther1,Other1_ID,1
dbo,tOther2,PK__tOther2,Other2_ID,1
dbo,tOther3,PK__tOther3,Other3_ID,1
dbo,tOther4,PK__tOther4,Other4_ID,1
dbo,tOther5,PK__tOther5,Other5_ID,1
dbo,tOTRequest_Form,PK_tOTRequest_Form,OTRF_ID,1
dbo,tOTRequest_Form_SHFPeriod,PK_tOTRequest_Form_SHFPeriod,OTRF_SHFPeriodID,1
dbo,tOTRequest_Form_SHFPeriod,PK_tOTRequest_Form_SHFPeriod,OTRF_ID,2
dbo,tOTRequest_Form_SHFPeriod,PK_tOTRequest_Form_SHFPeriod,SHF_ID,3
dbo,tOTRequest_Time,PK__tOTRequest_Time,OT_ID,1
dbo,tOTx,PK_fOTx,OT_ID,1
dbo,tPayroll,PK_tPayroll,PMPERIOD_ID,1
dbo,tPayroll,PK_tPayroll,EmployeeCode,2
dbo,tPayroll_Allowance,PK_tPayroll_Allowance,PMPERIOD_ID,1
dbo,tPayroll_Allowance,PK_tPayroll_Allowance,EmployeeCode,2
dbo,tPayroll_BankHolding,PK_tPayroll_BankHolding,EmployeeCode,1
dbo,tPayroll_BankHolding,PK_tPayroll_BankHolding,PMPERIOD_ID,2
dbo,tPayroll_ColDef,PK__tPayroll_ColDef,UID,1
dbo,tPayroll_ColDef,PK__tPayroll_ColDef,PRJ_ID,2
dbo,tPayroll_ColDef,PK__tPayroll_ColDef,Fieldname,3
dbo,tPayroll_Detail,PK_tPayroll_Detail,PMPERIOD_ID,1
dbo,tPayroll_Detail,PK_tPayroll_Detail,EmployeeCode,2
dbo,tPayroll_Detail,PK_tPayroll_Detail,RowID,3
dbo,tPayroll_GLAccNo_ByEmployee,PK_tPayroll_GLAccNo_ByEmployee,PRJ_ID,1
dbo,tPayroll_GLAccNo_ByEmployee,PK_tPayroll_GLAccNo_ByEmployee,PMPeriod_ID,2
dbo,tPayroll_GLAccNo_ByEmployee,PK_tPayroll_GLAccNo_ByEmployee,EmployeeCode,3
dbo,tPayroll_GLAccNo_ByEmployee_SETDATA,PK_tPayroll_GLAccNo_ByEmployee_SETDATA,PRJ_ID,1
dbo,tPayroll_GLAccNo_ByEmployee_SETDATA,PK_tPayroll_GLAccNo_ByEmployee_SETDATA,PMPeriod_ID,2
dbo,tPayroll_GLAccNo_ByEmployee_SETDATA,PK_tPayroll_GLAccNo_ByEmployee_SETDATA,EmployeeCode,3
dbo,tPayroll_T0xFormat,PK_tPayroll_T0xFormat,SEQNO,1
dbo,tPayroll_T0xFormat,PK_tPayroll_T0xFormat,FieldName,2
dbo,tPayroll_Tax,PK_tPayroll_Tax,EmployeeCode,1
dbo,tPayroll_Tax,PK_tPayroll_Tax,PMPeriod_ID,2
dbo,tPayroll_Welfare,PK_tPayroll_Welfare,PMPeriod_ID,1
dbo,tPayroll_Welfare,PK_tPayroll_Welfare,EmployeeCode,2
dbo,tPayrollFilter,PK_tPayrollFilter,PRAF_ID,1
dbo,tPENALTY_Type,PK_tPENALTY_Type,PENALTY_TYPE_ID,1
dbo,tPERFORMANCE_Type,PK_tPERFORMANCE_Type,PERFORMANCE_TYPE_ID,1
dbo,tPeriod_ChargeRate,PK_tPeriod_ChargeRate,PRJ_RATE_ID,1
dbo,tPeriod_ChargeRate,PK_tPeriod_ChargeRate,PMPeriod_ID,2
dbo,tPeriod_Retro,PK_tPeriod_Retro,PMPeriod_ID,1
dbo,tPMPeriod,PK_tPaymentPeriod,PMPeriod_ID,1
dbo,tPrefix,PK_tPrefix,Prefix,1
dbo,tPreset_Leave,PK_tPreset_Leave,LPS_ID,1
dbo,tProject,PK_tProject,PRJ_ID,1
dbo,tProject_GLAccNo,PK_tProject_GLAccNo,PRJ_ID,1
dbo,tProject_GLAccNoRow,PK_tProject_GLAccNoRow,PRJ_ID,1
dbo,tProject_GLAccNoRow,PK_tProject_GLAccNoRow,FieldName,2
dbo,tProject_GLAccNoRow_GroupType,PK_tProject_GLAccNoRow_GroupType,PRJ_ID,1
dbo,tProject_GLAccNoRow_GroupType,PK_tProject_GLAccNoRow_GroupType,FieldName,2
dbo,tProject_GLAccNoRow_GroupType,PK_tProject_GLAccNoRow_GroupType,GL_AccType,3
dbo,tProject_Tax,PK_tProject_Tax,PRJ_TAX_ID,1
dbo,tProjectChargeRate,PK_tProjectChargeRate,PRJ_RATE_ID,1
dbo,tProjectChargeRate_Welfare,PK_tProjectChargeRate_Welfare,PRJ_RATE_ID,1
dbo,tProjectChargeRate_Welfare,PK_tProjectChargeRate_Welfare,PRJ_ID,2
dbo,tProvince,PK_tProvince,ProvinceName,1
dbo,tPunishment,PK_tPunishment,PNM_ID,1
dbo,tPunishmentStyle,PK_tPunishmentStyle,Punishment_ID,1
dbo,tPVF_ColDef,PK__tPVF_ColDef,UID,1
dbo,tPVF_ColDef,PK__tPVF_ColDef,Menu_ID,2
dbo,tPVF_ColDef,PK__tPVF_ColDef,CPN_ID,3
dbo,tPVF_ColDef,PK__tPVF_ColDef,PRJ_ID,4
dbo,tPVF_ColDef,PK__tPVF_ColDef,Fieldname,5
dbo,tPVF_ColDef,PK__tPVF_ColDef,FlagType,6
dbo,tPVF_ColDef,PK__tPVF_ColDef,RowFormat,7
dbo,tPVF_Menu,PK_tPVF_Menu,Menu_ID,1
dbo,tPVFSub,PK_tPVFSub,PVFSUB_ID,1
dbo,tRC_Application,PK_tRC_Application,ApplicationID,1
dbo,tRC_Computer,PK_tRC_Compupter,ApplicationID,1
dbo,tRC_Computer,PK_tRC_Compupter,ComputerIndex,2
dbo,tRC_Degree,PK_tRC_Degree_1,ApplicationID,1
dbo,tRC_Degree,PK_tRC_Degree_1,DegreeIndex,2
dbo,tRC_DegreeName,PK_tRC_DegreeName,DegreeID,1
dbo,tRC_Language,PK_tRC_Language,ApplicationID,1
dbo,tRC_Language,PK_tRC_Language,LanguageIndex,2
dbo,tRC_Question,PK_tRC_Question,ApplicationID,1
dbo,tRC_Question,PK_tRC_Question,QuestionIndex,2
dbo,tRC_Sibling,PK_tRC_Sibling_1,ApplicationID,1
dbo,tRC_Sibling,PK_tRC_Sibling_1,SiblingIndex,2
dbo,tRC_Training,PK_tRC_Training_1,ApplicationID,1
dbo,tRC_Training,PK_tRC_Training_1,TrainingIndex,2
dbo,tRC_WorkPlace,PK_tRC_WorkPlace_1,ApplicationID,1
dbo,tRC_WorkPlace,PK_tRC_WorkPlace_1,WorkingIndex,2
dbo,tReim,PK_tReimbursement,REIM_ID,1
dbo,tReimRef,PK_tReimRef,REIM_REF_ID,1
dbo,tReimType,PK_tReimbursementType,REIM_TYPE_ID,1
dbo,tReimType_RR0xFormat,PK__tReimTypeFormat,REIM_TYPE_ID,1
dbo,tReimType_RR0xFormat,PK__tReimTypeFormat,SEQNO,2
dbo,tReimType_RR0xFormat,PK__tReimTypeFormat,FieldName,3
dbo,tReportCenter_Config,PK_tReportCenter_Config,RPT_ID,1
dbo,tReportCenter_Config,PK_tReportCenter_Config,Filename,2
dbo,tReportCustomize_Config,PK_tReportCustomize_Config,RPT_ID,1
dbo,tReportCustomize_Config,PK_tReportCustomize_Config,Filename,2
dbo,tReportNormal_Config,PK_tReportNormal_Config,ReportNo,1
dbo,tReportNormal_Config,PK_tReportNormal_Config,FilenameTH,2
dbo,tReportNormal_Language,PK_tReportNormal_Language,ReportNo,1
dbo,tReportPayroll_FieldCaption,PK_tReportPayroll_FieldCaption,SEQNO,1
dbo,tReportPayroll_FieldCaption,PK_tReportPayroll_FieldCaption,FieldCaption,2
dbo,tReportPayroll_FieldCaption,PK_tReportPayroll_FieldCaption,ViewName,3
dbo,tRequest,PK_tRequest,RequestID,1
dbo,tRequest_OT_Process,PK_tRequest_OT_Process,RowID,1
dbo,tRequest_WorkAgeLock,PK_tRequest_WorkAgeLock,ID,1
dbo,tRequestSystem,PK_tRequestSystem,RequestSystemID,1
dbo,tRequestType,PK_tRequestType,RequestTypeID,1
dbo,tResignReason,PK_tResignReason,RSR_ID,1
dbo,tReward,PK_tReward,RWD_ID,1
dbo,tRPT_ReportFilter,PK_tRPT_ReportFilter,ReportFilter_ID,1
dbo,tRule,PK_tRule,RuleID,1
dbo,tRule_Incentive,PK_tRule_Incentive,ICR_ID,1
dbo,tSCC_SubContract,PK_tSubContract,SUB_ID,1
dbo,tSelectApprover,PK_tSelectApprover,SelectApproverID,1
dbo,tSendMail_Process,PK_tSendMail_Process,RowID,1
dbo,tSetting_Email,PK_tSetting_Email,STE_ID,1
dbo,tShift,PK_tShift,SHF_ID,1
dbo,tShiftBreak,PK_tShiftBreak,SHFBREAK_ID,1
dbo,tShiftGroup,PK__tShiftGroup,ShiftGroup_ID,1
dbo,tShiftLateIn,PK_tShiftLateIn,SHFLATEIN_ID,1
dbo,tShiftLateOut,PK_tShiftLateOut,SHFLATEOUT_ID,1
dbo,tShiftOT,PK_tShiftOT,SHFOT_ID,1
dbo,tShiftPattern,PK_tShiftPattern,ShiftPattern_ID,1
dbo,tShiftPatternGroup,PK_tShiftPatternGroup,ShiftPatternGroup_ID,1
dbo,tShiftProject,PK_tShiftProject,SHF_ID,1
dbo,tShiftProject,PK_tShiftProject,PRJ_ID,2
dbo,tSiteRate,PK_tSiteRate,Site_ID,1
dbo,tSiteRate,PK_tSiteRate,EmployeeCode,2
dbo,tSiteTR,PK_tSiteTR,Site_ID,1
dbo,tSiteTR_BU_Mapping,PK_tSiteTR_BU_Mapping,Site_ID,1
dbo,tSiteTR_BU_Mapping,PK_tSiteTR_BU_Mapping,BU_ID,2
dbo,tSiteTR_MappingScan,PK_tSiteTR_MappingScan,Site_ID,1
dbo,tSiteTR_MappingScan,PK_tSiteTR_MappingScan,Scan_Number,2
dbo,tSiteUpdate,PK_dbo.tSiteUpdate,ID,1
dbo,tSiteUpdatePlan,PK_dbo.tSiteUpdatePlan,ID,1
dbo,tSlipStyle,PK_tSlipStyle,SLIP_ID,1
dbo,tSSO_Account,PK_tSSO_Account,SSOACC_ID,1
dbo,tSSO_Data,PK_tSSO_Data,RowID,1
dbo,tSSO_Hospital,PK__tSSO_Hospital,SSOHOS_Code,1
dbo,tSSO_ResignReason,PK__tSSO_ResignReason,SSORSR_CODE,1
dbo,tStage,PK_tStage,StageID,1
dbo,tSYS_LoadEmployeeDefault,PK_tSYS_LoadEmployeeDefault,RowID,1
dbo,tSYS_MENU_MOD,PK_tSYS_MENU_MOD,Menu_ID,1
dbo,tSYS_RegistBank,PK_tSYS_RegistBank,BN_ID,1
dbo,tSYS_SCCMenu,PK_tSYS_SCCMenu,SwitchboardID,1
dbo,tSYS_SCCMenu,PK_tSYS_SCCMenu,ItemNumber,2
dbo,tSYS_WebMenu,PK_tSYS_WebMenu,Menu_ID,1
dbo,tSysConfig,PK_tSysConfig,SYSConfigKey,1
dbo,tSYSDownloadFileList,PK_tSYSDownloadFileList,Filename,1
dbo,tSYSJob,PK_tSYSJob,JOB_ID,1
dbo,tSYSMODReportFilter,PK_tSYSMODReportFilter,Filter_ID,1
dbo,tSYSMODReportFilter,PK_tSYSMODReportFilter,Filter_Report,2
dbo,tSYSMODReportList,PK_tReport_Custom,RPT_ID,1
dbo,tSYSOutPayMenu,PK_tSYSOutPayMenu,SwitchboardID,1
dbo,tSYSOutPayMenu,PK_tSYSOutPayMenu,ItemNumber,2
dbo,tSYSOutPayMenuAdvance,PK_tSYSOutPayMenuAdvance,Id,1
dbo,tSysOutPayMenuFav,PK_tSysOutPayMenuFav,UID,1
dbo,tSysOutPayMenuFav,PK_tSysOutPayMenuFav,MenuID,2
dbo,tSysParm,PK_tSysParm,SYSKEY,1
dbo,tSysSettings,PK_tSysSettings,ID,1
dbo,tSystem_CustomMenu,PK_tSystem_CustomMenu,Menu_ID,1
dbo,tSystem_Event,PK_tSystem_Event,ROW_ID,1
dbo,tSystem_MEventName,PK_tSystem_MEventName,EventName,1
dbo,tSystemFlow,PK_tSystemFlow,SysID,1
dbo,tSYSTRMMenu,PK_tSYSTRMMenu,SwitchboardID,1
dbo,tSYSTRMMenu,PK_tSYSTRMMenu,ItemNumber,2
dbo,tSysTRMMenuFav,PK_tSysTRMMenuFav,UID,1
dbo,tSysTRMMenuFav,PK_tSysTRMMenuFav,MenuID,2
dbo,tSYSTurnOverRate,PK_tSYS_TurnOverRate,TurnOverRate_ID,1
dbo,tSYSUserRole,PK_tSYSUserRole,ROLE_ID,1
dbo,tSysWeekName,PK_tSysWeekName,nDate,1
dbo,tTax,PK_tTax,ID,1
dbo,tTAX_Data,PK_tTAX_Data,RowID,1
dbo,tTax91,PK_tTax91,EmployeeCode,1
dbo,tTax91,PK_tTax91,Period,2
dbo,tTaxRate,pk_tTaxRate,id,1
dbo,tTemp_COM1000114628_I_103,PK_tTemp_COM1000114628_I_103,EmployeeCode,1
dbo,tTemp_COM1000114628_I_103_1,PK_tTemp_COM1000114628_I_103_1,EmployeeCode,1
dbo,tTemp_COM1000114628_I_609,PK_tTemp_COM1000114628_I_609,EmployeeCode,1
dbo,tTemp_Mode20_Reformatted,PK_tTemp_Mode20_Reformatted,CardID,1
dbo,tTemp_Mode20_Reformatted,PK_tTemp_Mode20_Reformatted,DateStamp,2
dbo,tTemp_Mode20_Reformatted,PK_tTemp_Mode20_Reformatted,nHour,3
dbo,tTemp_Mode20_Reformatted,PK_tTemp_Mode20_Reformatted,nMinute,4
dbo,tTemp_Mode20_Scan,PK_tTemp_Mode20_Scan,ROWID,1
dbo,tTemp_PHICHAC_I_103,PK_tTemp_PHICHAC_I_103,EmployeeCode,1
dbo,tTemp_PHICHAC_I_103_1,PK_tTemp_PHICHAC_I_103_1,EmployeeCode,1
dbo,tTemp_PHICHAC_I_609,PK_tTemp_PHICHAC_I_609,EmployeeCode,1
dbo,tTemp_TimeStampScan,PK_tTemp_TimeStampScan,CardID,1
dbo,tTemp_TimeStampScan,PK_tTemp_TimeStampScan,DateInput,2
dbo,tTemp_TimeStampScan,PK_tTemp_TimeStampScan,nHour,3
dbo,tTemp_TimeStampScan,PK_tTemp_TimeStampScan,nMinute,4
dbo,tTempBatchEmp,PK__tTempBat__1F6425492C1E5EFB,EmployeeCode,1
dbo,tTempBatchTime,PK__tTempBat__6159AF9A8C5BFAB8,EmployeeCode,1
dbo,tTempBatchTime,PK__tTempBat__6159AF9A8C5BFAB8,DateStamp,2
dbo,tTempTimeInOut,PK_tTempTimeInOut,EmployeeCode,1
dbo,tTempTimeInOut,PK_tTempTimeInOut,DateStamp,2
dbo,tTempTransfer,PK_tTempTransfer,ID_No,1
dbo,tTempTransfer_Log,PK_tTempTransfer_Log,ROW_ID,1
dbo,tTimeCard_HideCol,PK_tTimecard_ColHide,UID,1
dbo,tTimeCard_Permission,PK_tTimecard_Permission,ManagerCode,1
dbo,tTimeCard_Remark,PK_tTimeCard_Remark,Remark_ID,1
dbo,tTimeInOut,PK_tTimeInOut,EmployeeCode,1
dbo,tTimeInOut,PK_tTimeInOut,DateStamp,2
dbo,tTimeInOut_AddLeave,PK_tTimeInOut_AddLeave,EmployeeCode,1
dbo,tTimeInOut_AddLeave,PK_tTimeInOut_AddLeave,DateStamp,2
dbo,tTimeInOut_ColDef,PK__tTimeInOut_ColDef,UID,1
dbo,tTimeInOut_ColDef,PK__tTimeInOut_ColDef,Fieldname,2
dbo,tTimeInOut_Data,PK_tTimeInOut_Data,Time_EmployeeCode,1
dbo,tTimeInOut_Data,PK_tTimeInOut_Data,Time_DateStamp,2
dbo,tTimeInOut_FieldCaption,PK_tTimeInOut_FieldCaption,ROW_ID,1
dbo,tTimeInOut_RowName,PK_tTimeInOut_RowName,Row_Order,1
dbo,tTimeInOut_T0xFormat,PK_tTimeInOut_T0xFormat,SEQNO,1
dbo,tTimeInOut_T0xFormat,PK_tTimeInOut_T0xFormat,FieldName,2
dbo,tTimeSheet,PK_tTimeShee,EmployeeCode,1
dbo,tTimeSheet,PK_tTimeShee,DateStamp,2
dbo,tTimeSheet_InputDataList,PK_tTimesheet_EntryDataList,Employeecode,1
dbo,tTimeSheet_Log,PK_tTimeSheet_Log,ROW_ID,1
dbo,tTimeSheet_MultiPeriod,PK_tTimeSheet_MultiPeriod,RowID,1
dbo,tTimeStamp,PK_tTimeStamp,CardID,1
dbo,tTimeStamp,PK_tTimeStamp,Machine_ID,2
dbo,tTimeStamp,PK_tTimeStamp,DateInput,3
dbo,tTimeStamp,PK_tTimeStamp,nHour,4
dbo,tTimeStamp,PK_tTimeStamp,nMinute,5
dbo,tTimeStamp,PK_tTimeStamp,Duty,6
dbo,tTraining_Temp,PK_tTraining_Temp,Gen_ID,1
dbo,tTraining_Temp,PK_tTraining_Temp,Course_ID,2
dbo,tTraining_Temp,PK_tTraining_Temp,EmployeeCode,3
dbo,tTrainingCompany,PK__tTrainingCompany,TrainingCom_ID,1
dbo,tTrainingMode,PK__tTrainingMode,TrainingMode_ID,1
dbo,tTrainingPerson,PK__tTrainingPerson,TrainingPerson_ID,1
dbo,tTrainingPlace,PK__tTrainingPlace,TrainingPlace_ID,1
dbo,tTrainingType,PK_tTrainingType,TrainingType_ID,1
dbo,tTrainingTypeEvaluate,PK__tTrainingTypeEvaluate,TrainingTypeEvaluate_ID,1
dbo,tUse_Flow,PK_tUse_Request,ID,1
dbo,tUser,PK_tUser,UID,1
dbo,tUser_LoginStat,PK_tUser_LoginStat,RowID,1
dbo,tUser_PWDHistory,PK_tUser_PWDHistory,ROW_GUID,1
dbo,tUserAD,PK_tUserAD,UID,1
dbo,tUserBU2Permission,PK_tUSerBU2Permission,UWG_ID,1
dbo,tUserBU2Permission,PK_tUSerBU2Permission,BU2_ID,2
dbo,tUserBU3Permission,PK_tUSerBU3Permission,UWG_ID,1
dbo,tUserBU3Permission,PK_tUSerBU3Permission,BU3_ID,2
dbo,tUserBU4Permission,PK_tUSerBU4Permission,UWG_ID,1
dbo,tUserBU4Permission,PK_tUSerBU4Permission,BU4_ID,2
dbo,tUserBUPermission,PK_tUserBUPermission,UWG_ID,1
dbo,tUserBUPermission,PK_tUserBUPermission,BU_ID,2
dbo,tUserEmpLevelPermission,PK_tUserEmpLevelPermission,UWG_ID,1
dbo,tUserEmpLevelPermission,PK_tUserEmpLevelPermission,EmpLevel_ID,2
dbo,tUserEMPTP1Permission,PK_tUserEMPTP1Permission,UWG_ID,1
dbo,tUserEMPTP1Permission,PK_tUserEMPTP1Permission,EMPTP1_ID,2
dbo,tUserEMPTP2Permission,PK_tUserEMPTP2Permission,UWG_ID,1
dbo,tUserEMPTP2Permission,PK_tUserEMPTP2Permission,EMPTP2_ID,2
dbo,tUserEMPTP3Permission,PK_tUserEMPTP3Permission,UWG_ID,1
dbo,tUserEMPTP3Permission,PK_tUserEMPTP3Permission,EMPTP3_ID,2
dbo,tUserGroup,PK_tUserGroup,USG_ID,1
dbo,tUserProjectPermission,PK_tUserProjectPermission,UWG_ID,1
dbo,tUserProjectPermission,PK_tUserProjectPermission,PRJ_ID,2
dbo,tUserWebMenuPermission,PK_tUserWebMenuPermission,UWG_ID,1
dbo,tUserWebMenuPermission,PK_tUserWebMenuPermission,Menu_ID,2
dbo,tUserWebTimeCardPermission,PK_tUserWebTimeCardPermission,Id,1
dbo,tUserWorkgroup,PK_tUserWorkgroup,UWG_ID,1
dbo,tVacationLockFlag,PK_tVacationLockFlag,ID,1
dbo,tvTimeAttendance_FieldCaption,PK_tvTimeAttendance_FieldCaption,SEQNO,1
dbo,tvTimeAttendance_FieldCaption,PK_tvTimeAttendance_FieldCaption,FieldCaption,2
dbo,tW_Option,PK_tW_Option,nKey,1
dbo,tWF_AssignQuota,PK_tWF_AssignQuota_1,EmployeeCode,1
dbo,tWF_AssignQuota,PK_tWF_AssignQuota_1,Period,2
dbo,tWF_FieldCaption,PK_tWF_FieldCaption,ROW_ID,1
dbo,tWF_Loan,PK_tWF_Loan,LOAN_ID,1
dbo,tWF_LoanPayment,PK_tWF_LoanPayment,TRANS_ID,1
dbo,tWF_Record,PK_tWF_Record,Record_ID,1
dbo,tWorkCalendar,PK_tWorkCalendar,WCD_ID,1
dbo,tWorkCalendarDetail,PK_tWorkCalendarDetail,WCD_ID,1
dbo,tWorkCalendarDetail,PK_tWorkCalendarDetail,WCDDate,2
dbo,tWorkPeriod,PK_tWorkPeriod,WorkPeriod_ID,1
dbo,tYTD_Attendance,PK_tYTD_Attendance,YEAR,1
dbo,tYTD_Attendance,PK_tYTD_Attendance,employeecode,2
dbo,tYTD_Report_Wait_Stored,PK_tYTD_Report_Wait_Stored,ID_REPORT,1
dbo,tYTD_Report_Wait_Stored,PK_tYTD_Report_Wait_Stored,YEAR,2
license,AccessClient,PK_license.AccessClient,ID,1
license,FeatureRegister,PK_license.FeatureRegister,ID,1
license,LicenseRegister,PK_license.LicenseRegister,ID,1
license,MASLicense,PK_MASLicense,NumberGen,1
license,ServiceRegister,PK_license.ServiceRegister,ID,1
maspayroll,tPayroll_ColReport,PK__tPayroll_ColReport,ReportName,1
maspayroll,tPayroll_ColReport,PK__tPayroll_ColReport,SEQNO,2
maspayroll,tPayroll_ColReport,PK__tPayroll_ColReport,ReportGroup,3
payroll,KT20A_FieldCaption,PK_KT20A_FieldCaption,CPN_ID,1
payroll,KT20A_FieldCaption_ByYear,PK_KT20A_FieldCaption_ByYear,CPN_ID,1
payroll,KT20A_FieldCaption_ByYear,PK_KT20A_FieldCaption_ByYear,YrPeriod,2
payroll,KT20A_FieldConfiguration,PK_KT20A_FieldConfiguration,PRJ_ID,1
payroll,KT20A_FieldConfiguration_ByYear,PK_KT20A_FieldConfiguration_ByYear,YrPeriod,1
payroll,KT20A_FieldConfiguration_ByYear,PK_KT20A_FieldConfiguration_ByYear,PRJ_ID,2
payroll,Period_Configuration,PK_Payroll_Period_Configuration,PMPeriod_ID,1
service,AppSyncConfig,PK_AppSyncConfig,EmployeeCode,1
service,EmployeeMappingID,PK_EmployeeMappingID,EmployeeROWID,1
service,Locations,PK_Location,LocationID,1
service,Request,PK_Request,ID,1
service,SysConfig,PK_SysConfig,SysConfigKey,1
service,tAssignMobileFunction,PK_tAssignMobileFunction,Row_ID,1
