9B7CA730-C747-4B15-BF5C-33D46A38851E,A4377C6F-890B-4562-B2BC-C87ABA6D2464,M00154,1,2026-09-14 09:12:51.023,,19/09/2026,19/09/2026,ลาพักร้อน,20260919,20260919,,0,,,,0.00,0.00,0.00,0.00,0.00,8.00,0.00,0.00,0.00,1.00,33333333-3333-3333-3333-333333333333,1,LEAVE_SYSTEM,0.00,0.00,0.00,0.00,8.00,0.00,RQ2026-004761,2026-09-14 09:12:51.023,ลาพักร้อน,,0,1,,,,038077df-ed64-4d57-9420-0e08b8896261,M00205,,,,NULL,NULL,NULL,NULL,NULL,NULL,0,0,0,0,FFFFFFFF-FFFF-FFFF-FFFF-FFFFFFFFFFFF,2026,0,0,00:00,00:00
A4F9C34E-A693-4F7F-866E-5D2B8640DC59,8506E09D-4537-4018-BAF3-E8A3410D54AE,M00403,1,2026-09-14 10:25:17.417,,14/09/2026,14/09/2026,"- Check Server, VMware, Backup, NAS, Firewall, Antivirus (Head Office, Shop4 Office, Site Office J-301,302 Site Office J-303)",20260914,20260914,,,,,,0.00,16.00,30.00,18.00,30.00,2.00,0.00,0.00,2.00,0.00,AAAAAAAA-AAAA-AAAA-AAAA-AAAAAAAAAAAA,1,OT_SYSTEM,16.00,30.00,18.00,30.00,2.00,0.00,RQ2026-004762,2026-09-14 10:25:17.417,"- Check Server, VMware, Backup, NAS, Firewall, Antivirus (Head Office, Shop4 Office, Site Office J-301,302 Site Office J-303)",,0,0,,,,5136c757-dcd0-48e4-9328-c9334606e2d9,M00225,,,,NULL,NULL,NULL,NULL,NULL,NULL,0,0,0,0,FFFFFFFF-FFFF-FFFF-FFFF-FFFFFFFFFFFF,,0,0,00:00,00:00
F48C6F08-5D5C-4D61-BEFE-B6D45A6DB399,8506E09D-4537-4018-BAF3-E8A3410D54AE,M00403,1,2026-09-14 10:25:37.983,,15/09/2026,15/09/2026,"- Check Server, VMware, Backup, NAS, Firewall, Antivirus (Head Office, Shop4 Office, Site Office J-301,302 Site Office J-303)",20260915,20260915,,,,,,0.00,16.00,30.00,18.00,30.00,2.00,0.00,0.00,2.00,0.00,AAAAAAAA-AAAA-AAAA-AAAA-AAAAAAAAAAAA,1,OT_SYSTEM,16.00,30.00,18.00,30.00,2.00,0.00,RQ2026-004763,2026-09-14 10:25:37.983,"- Check Server, VMware, Backup, NAS, Firewall, Antivirus (Head Office, Shop4 Office, Site Office J-301,302 Site Office J-303)",,0,0,,,,5136c757-dcd0-48e4-9328-c9334606e2d9,M00225,,,,NULL,NULL,NULL,NULL,NULL,NULL,0,0,0,0,FFFFFFFF-FFFF-FFFF-FFFF-FFFFFFFFFFFF,,0,0,00:00,00:00
AAE1C337-1E1F-43FF-A754-2CC90CADEB55,8506E09D-4537-4018-BAF3-E8A3410D54AE,M00403,1,2026-09-14 10:26:00.090,,16/09/2026,16/09/2026,"- Check Server, VMware, Backup, NAS, Firewall, Antivirus (Head Office, Shop4 Office, Site Office J-301,302 Site Office J-303)",20260916,20260916,,,,,,0.00,16.00,30.00,18.00,30.00,2.00,0.00,0.00,2.00,0.00,AAAAAAAA-AAAA-AAAA-AAAA-AAAAAAAAAAAA,1,OT_SYSTEM,16.00,30.00,18.00,30.00,2.00,0.00,RQ2026-004764,2026-09-14 10:26:00.090,"- Check Server, VMware, Backup, NAS, Firewall, Antivirus (Head Office, Shop4 Office, Site Office J-301,302 Site Office J-303)",,0,0,,,,5136c757-dcd0-48e4-9328-c9334606e2d9,M00225,,,,NULL,NULL,NULL,NULL,NULL,NULL,0,0,0,0,FFFFFFFF-FFFF-FFFF-FFFF-FFFFFFFFFFFF,,0,0,00:00,00:00
D1F9545B-FE84-4037-8A65-3162967EF46A,349D5B6C-7888-420C-8D9A-5A056A2F60F6,C29012,1,2026-09-14 10:40:49.430,,14/09/2026,14/09/2026,,20260914,20260914,,,,,,0.00,16.00,30.00,17.00,30.00,1.00,0.00,0.00,1.00,0.00,AAAAAAAA-AAAA-AAAA-AAAA-AAAAAAAAAAAA,1,OT_SYSTEM,16.00,30.00,17.00,30.00,1.00,0.00,RQ2026-004765,2026-09-14 10:40:49.430,,,0,0,,,,56103f38-4371-4477-b504-3e23734a659b,M00028,,,,NULL,NULL,NULL,NULL,NULL,NULL,0,0,0,0,FFFFFFFF-FFFF-FFFF-FFFF-FFFFFFFFFFFF,,0,0,00:00,00:00
FF2C0C9F-49E7-4D64-B567-833A349FB758,349D5B6C-7888-420C-8D9A-5A056A2F60F6,M00503,1,2026-09-14 10:41:13.803,,10/09/2026,11/09/2026,ทำธุระเรื่องบ้าน,20260910,20260911,,0,,,,0.00,0.00,0.00,0.00,0.00,16.00,0.00,0.00,0.00,1.00,33333333-3333-3333-3333-333333333333,1,LEAVE_SYSTEM,0.00,0.00,0.00,0.00,16.00,0.00,RQ2026-004766,2026-09-14 10:41:13.803,ทำธุระเรื่องบ้าน,,0,1,,,,56103f38-4371-4477-b504-3e23734a659b,M00028,,,,NULL,NULL,NULL,NULL,NULL,NULL,0,0,0,0,FFFFFFFF-FFFF-FFFF-FFFF-FFFFFFFFFFFF,2026,0,0,00:00,00:00
BA638E4C-9316-4F72-9869-2BFB0CAF3FE1,349D5B6C-7888-420C-8D9A-5A056A2F60F6,M00503,1,2026-09-14 10:41:49.147,,01/09/2026,01/09/2026,พัฒนาโปรแกรมบริษัท,20260901,20260901,,,,,,0.00,16.00,30.00,17.00,30.00,1.00,0.00,0.00,1.00,0.00,AAAAAAAA-AAAA-AAAA-AAAA-AAAAAAAAAAAA,1,OT_SYSTEM,16.00,30.00,17.00,30.00,1.00,0.00,RQ2026-004767,2026-09-14 10:41:49.147,พัฒนาโปรแกรมบริษัท,,0,0,,,,56103f38-4371-4477-b504-3e23734a659b,M00028,,,,NULL,NULL,NULL,NULL,NULL,NULL,0,0,0,0,FFFFFFFF-FFFF-FFFF-FFFF-FFFFFFFFFFFF,,0,0,00:00,00:00
104CF24B-9105-410C-ACF8-68B253CB9B3A,349D5B6C-7888-420C-8D9A-5A056A2F60F6,M00503,1,2026-09-14 10:42:13.533,,02/09/2026,02/09/2026,พัฒนาโปรแกรมบริษัท,20260902,20260902,,,,,,0.00,16.00,30.00,17.00,30.00,1.00,0.00,0.00,1.00,0.00,AAAAAAAA-AAAA-AAAA-AAAA-AAAAAAAAAAAA,1,OT_SYSTEM,16.00,30.00,17.00,30.00,1.00,0.00,RQ2026-004768,2026-09-14 10:42:13.533,พัฒนาโปรแกรมบริษัท,,0,0,,,,56103f38-4371-4477-b504-3e23734a659b,M00028,,,,NULL,NULL,NULL,NULL,NULL,NULL,0,0,0,0,FFFFFFFF-FFFF-FFFF-FFFF-FFFFFFFFFFFF,,0,0,00:00,00:00
6F0BAF38-B273-430B-B9D0-4AC7C5500112,349D5B6C-7888-420C-8D9A-5A056A2F60F6,C29012,1,2026-09-14 10:42:16.470,,19/09/2026,19/09/2026,กลับต่างจังหวัด,20260919,20260919,,0,,,,0.00,0.00,0.00,0.00,0.00,8.00,0.00,0.00,0.00,1.00,22222222-2222-2222-2222-222222222222,1,LEAVE_SYSTEM,0.00,0.00,0.00,0.00,8.00,0.00,RQ2026-004769,2026-09-14 10:42:16.470,กลับต่างจังหวัด,,0,1,,,,56103f38-4371-4477-b504-3e23734a659b,M00028,,,,NULL,NULL,NULL,NULL,NULL,NULL,0,0,0,0,FFFFFFFF-FFFF-FFFF-FFFF-FFFFFFFFFFFF,2026,0,0,00:00,00:00
A379EC2F-F3F1-40FA-B9A4-F2AB0F5C4504,349D5B6C-7888-420C-8D9A-5A056A2F60F6,M00503,1,2026-09-14 10:42:32.053,,03/09/2026,03/09/2026,พัฒนาโปรแกรมบริษัท,20260903,20260903,,,,,,0.00,16.00,30.00,17.00,30.00,1.00,0.00,0.00,1.00,0.00,AAAAAAAA-AAAA-AAAA-AAAA-AAAAAAAAAAAA,1,OT_SYSTEM,16.00,30.00,17.00,30.00,1.00,0.00,RQ2026-004770,2026-09-14 10:42:32.053,พัฒนาโปรแกรมบริษัท,,0,0,,,,56103f38-4371-4477-b504-3e23734a659b,M00028,,,,NULL,NULL,NULL,NULL,NULL,NULL,0,0,0,0,FFFFFFFF-FFFF-FFFF-FFFF-FFFFFFFFFFFF,,0,0,00:00,00:00
46553C3A-9396-4086-B216-1807A413574A,349D5B6C-7888-420C-8D9A-5A056A2F60F6,M00503,1,2026-09-14 10:42:49.480,,04/09/2026,04/09/2026,พัฒนาโปรแกรมบริษัท,20260904,20260904,,,,,,0.00,16.00,30.00,17.00,30.00,1.00,0.00,0.00,1.00,0.00,AAAAAAAA-AAAA-AAAA-AAAA-AAAAAAAAAAAA,1,OT_SYSTEM,16.00,30.00,17.00,30.00,1.00,0.00,RQ2026-004771,2026-09-14 10:42:49.480,พัฒนาโปรแกรมบริษัท,,0,0,,,,56103f38-4371-4477-b504-3e23734a659b,M00028,,,,NULL,NULL,NULL,NULL,NULL,NULL,0,0,0,0,FFFFFFFF-FFFF-FFFF-FFFF-FFFFFFFFFFFF,,0,0,00:00,00:00
813A3301-F704-4E1F-B2F9-EBD7FF27D78B,349D5B6C-7888-420C-8D9A-5A056A2F60F6,M00503,1,2026-09-14 10:43:09.320,,07/09/2026,07/09/2026,พัฒนาโปรแกรมบริษัท,20260907,20260907,,,,,,0.00,16.00,30.00,17.00,30.00,1.00,0.00,0.00,1.00,0.00,AAAAAAAA-AAAA-AAAA-AAAA-AAAAAAAAAAAA,1,OT_SYSTEM,16.00,30.00,17.00,30.00,1.00,0.00,RQ2026-004772,2026-09-14 10:43:09.320,พัฒนาโปรแกรมบริษัท,,0,0,,,,56103f38-4371-4477-b504-3e23734a659b,M00028,,,,NULL,NULL,NULL,NULL,NULL,NULL,0,0,0,0,FFFFFFFF-FFFF-FFFF-FFFF-FFFFFFFFFFFF,,0,0,00:00,00:00
1B10FDB3-9D6D-48CB-BEF2-1C6DB5B1DC16,349D5B6C-7888-420C-8D9A-5A056A2F60F6,M00503,1,2026-09-14 10:43:51.730,,08/09/2026,08/09/2026,พัฒนาโปรแกรมบริษัท,20260908,20260908,,,,,,0.00,16.00,30.00,17.00,30.00,1.00,0.00,0.00,1.00,0.00,AAAAAAAA-AAAA-AAAA-AAAA-AAAAAAAAAAAA,1,OT_SYSTEM,16.00,30.00,17.00,30.00,1.00,0.00,RQ2026-004773,2026-09-14 10:43:51.730,พัฒนาโปรแกรมบริษัท,,0,0,,,,56103f38-4371-4477-b504-3e23734a659b,M00028,,,,NULL,NULL,NULL,NULL,NULL,NULL,0,0,0,0,FFFFFFFF-FFFF-FFFF-FFFF-FFFFFFFFFFFF,,0,0,00:00,00:00
CCB5220E-F544-4AB1-85A2-8E28D8FFB844,349D5B6C-7888-420C-8D9A-5A056A2F60F6,M00503,1,2026-09-14 10:44:12.643,,09/09/2026,09/09/2026,พัฒนาโปรแกรมบริษัท,20260909,20260909,,,,,,0.00,16.00,30.00,17.00,30.00,1.00,0.00,0.00,1.00,0.00,AAAAAAAA-AAAA-AAAA-AAAA-AAAAAAAAAAAA,1,OT_SYSTEM,16.00,30.00,17.00,30.00,1.00,0.00,RQ2026-004774,2026-09-14 10:44:12.643,พัฒนาโปรแกรมบริษัท,,0,0,,,,56103f38-4371-4477-b504-3e23734a659b,M00028,,,,NULL,NULL,NULL,NULL,NULL,NULL,0,0,0,0,FFFFFFFF-FFFF-FFFF-FFFF-FFFFFFFFFFFF,,0,0,00:00,00:00
EF6063C0-5A6D-4B1C-BA0A-8120F306316A,349D5B6C-7888-420C-8D9A-5A056A2F60F6,M00476,1,2026-09-14 10:53:55.963,,01/09/2026,01/09/2026,พัฒนาโปรแกรมบริษัท,20260901,20260901,,,,,,0.00,16.00,30.00,17.00,30.00,1.00,0.00,0.00,1.00,0.00,AAAAAAAA-AAAA-AAAA-AAAA-AAAAAAAAAAAA,1,OT_SYSTEM,16.00,30.00,17.00,30.00,1.00,0.00,RQ2026-004775,2026-09-14 10:53:55.963,พัฒนาโปรแกรมบริษัท,,0,0,,,,56103f38-4371-4477-b504-3e23734a659b,M00028,,,,NULL,NULL,NULL,NULL,NULL,NULL,0,0,0,0,FFFFFFFF-FFFF-FFFF-FFFF-FFFFFFFFFFFF,,0,0,00:00,00:00
B24F1043-DF13-443E-9241-FBF1F027D9DB,349D5B6C-7888-420C-8D9A-5A056A2F60F6,M00476,1,2026-09-14 10:54:31.360,,02/09/2026,02/09/2026,พัฒนาโปรแกรมบริษัท,20260902,20260902,,,,,,0.00,16.00,30.00,17.00,30.00,1.00,0.00,0.00,1.00,0.00,AAAAAAAA-AAAA-AAAA-AAAA-AAAAAAAAAAAA,1,OT_SYSTEM,16.00,30.00,17.00,30.00,1.00,0.00,RQ2026-004776,2026-09-14 10:54:31.360,พัฒนาโปรแกรมบริษัท,,0,0,,,,56103f38-4371-4477-b504-3e23734a659b,M00028,,,,NULL,NULL,NULL,NULL,NULL,NULL,0,0,0,0,FFFFFFFF-FFFF-FFFF-FFFF-FFFFFFFFFFFF,,0,0,00:00,00:00
F271B390-3190-4A75-B9CA-9FBC7F5A278C,349D5B6C-7888-420C-8D9A-5A056A2F60F6,M00476,1,2026-09-14 10:54:53.790,,03/09/2026,03/09/2026,พัฒนาโปรแกรมบริษัท,20260903,20260903,,,,,,0.00,16.00,30.00,17.00,30.00,1.00,0.00,0.00,1.00,0.00,AAAAAAAA-AAAA-AAAA-AAAA-AAAAAAAAAAAA,1,OT_SYSTEM,16.00,30.00,17.00,30.00,1.00,0.00,RQ2026-004777,2026-09-14 10:54:53.790,พัฒนาโปรแกรมบริษัท,,0,0,,,,56103f38-4371-4477-b504-3e23734a659b,M00028,,,,NULL,NULL,NULL,NULL,NULL,NULL,0,0,0,0,FFFFFFFF-FFFF-FFFF-FFFF-FFFFFFFFFFFF,,0,0,00:00,00:00
0231B3A7-3057-4B9E-AA20-279FDF096C39,349D5B6C-7888-420C-8D9A-5A056A2F60F6,M00476,1,2026-09-14 10:55:13.110,,04/09/2026,04/09/2026,พัฒนาโปรแกรมบริษัท,20260904,20260904,,,,,,0.00,16.00,30.00,17.00,30.00,1.00,0.00,0.00,1.00,0.00,AAAAAAAA-AAAA-AAAA-AAAA-AAAAAAAAAAAA,1,OT_SYSTEM,16.00,30.00,17.00,30.00,1.00,0.00,RQ2026-004778,2026-09-14 10:55:13.110,พัฒนาโปรแกรมบริษัท,,0,0,,,,56103f38-4371-4477-b504-3e23734a659b,M00028,,,,NULL,NULL,NULL,NULL,NULL,NULL,0,0,0,0,FFFFFFFF-FFFF-FFFF-FFFF-FFFFFFFFFFFF,,0,0,00:00,00:00
9B8C3EBE-9EE3-41F1-9846-C83468B3502B,349D5B6C-7888-420C-8D9A-5A056A2F60F6,M00476,1,2026-09-14 10:55:37.433,,07/09/2026,07/09/2026,พัฒนาโปรแกรมบริษัท,20260907,20260907,,,,,,0.00,16.00,30.00,17.00,30.00,1.00,0.00,0.00,1.00,0.00,AAAAAAAA-AAAA-AAAA-AAAA-AAAAAAAAAAAA,1,OT_SYSTEM,16.00,30.00,17.00,30.00,1.00,0.00,RQ2026-004779,2026-09-14 10:55:37.433,พัฒนาโปรแกรมบริษัท,,0,0,,,,56103f38-4371-4477-b504-3e23734a659b,M00028,,,,NULL,NULL,NULL,NULL,NULL,NULL,0,0,0,0,FFFFFFFF-FFFF-FFFF-FFFF-FFFFFFFFFFFF,,0,0,00:00,00:00
A69694E7-06D3-472E-9FC8-3B050A62C33A,349D5B6C-7888-420C-8D9A-5A056A2F60F6,M00476,1,2026-09-14 10:56:24.620,,08/09/2026,08/09/2026,พัฒนาโปรแกรมบริษัท,20260908,20260908,,,,,,0.00,16.00,30.00,17.00,30.00,1.00,0.00,0.00,1.00,0.00,AAAAAAAA-AAAA-AAAA-AAAA-AAAAAAAAAAAA,1,OT_SYSTEM,16.00,30.00,17.00,30.00,1.00,0.00,RQ2026-004780,2026-09-14 10:56:24.620,พัฒนาโปรแกรมบริษัท,,0,0,,,,56103f38-4371-4477-b504-3e23734a659b,M00028,,,,NULL,NULL,NULL,NULL,NULL,NULL,0,0,0,0,FFFFFFFF-FFFF-FFFF-FFFF-FFFFFFFFFFFF,,0,0,00:00,00:00
F04D41B1-F921-4302-866A-4ECB59AFE033,349D5B6C-7888-420C-8D9A-5A056A2F60F6,M00476,1,2026-09-14 10:56:45.107,,09/09/2026,09/09/2026,พัฒนาโปรแกรมบริษัท,20260909,20260909,,,,,,0.00,16.00,30.00,17.00,30.00,1.00,0.00,0.00,1.00,0.00,AAAAAAAA-AAAA-AAAA-AAAA-AAAAAAAAAAAA,1,OT_SYSTEM,16.00,30.00,17.00,30.00,1.00,0.00,RQ2026-004781,2026-09-14 10:56:45.107,พัฒนาโปรแกรมบริษัท,,0,0,,,,56103f38-4371-4477-b504-3e23734a659b,M00028,,,,NULL,NULL,NULL,NULL,NULL,NULL,0,0,0,0,FFFFFFFF-FFFF-FFFF-FFFF-FFFFFFFFFFFF,,0,0,00:00,00:00
E20435C5-FBE8-4EEB-8DC8-1072FF84F55B,349D5B6C-7888-420C-8D9A-5A056A2F60F6,M00476,1,2026-09-14 10:57:05.253,,10/09/2026,10/09/2026,พัฒนาโปรแกรมบริษัท,20260910,20260910,,,,,,0.00,16.00,30.00,17.00,30.00,1.00,0.00,0.00,1.00,0.00,AAAAAAAA-AAAA-AAAA-AAAA-AAAAAAAAAAAA,1,OT_SYSTEM,16.00,30.00,17.00,30.00,1.00,0.00,RQ2026-004782,2026-09-14 10:57:05.253,พัฒนาโปรแกรมบริษัท,,0,0,,,,56103f38-4371-4477-b504-3e23734a659b,M00028,,,,NULL,NULL,NULL,NULL,NULL,NULL,0,0,0,0,FFFFFFFF-FFFF-FFFF-FFFF-FFFFFFFFFFFF,,0,0,00:00,00:00
B526A6E1-A811-4696-9EA5-4C2F5BF5E318,349D5B6C-7888-420C-8D9A-5A056A2F60F6,M00476,1,2026-09-14 10:57:37.157,,11/09/2026,11/09/2026,พัฒนาโปรแกรมบริษัท,20260911,20260911,,,,,,0.00,16.00,30.00,17.00,30.00,1.00,0.00,0.00,1.00,0.00,AAAAAAAA-AAAA-AAAA-AAAA-AAAAAAAAAAAA,1,OT_SYSTEM,16.00,30.00,17.00,30.00,1.00,0.00,RQ2026-004783,2026-09-14 10:57:37.157,พัฒนาโปรแกรมบริษัท,,0,0,,,,56103f38-4371-4477-b504-3e23734a659b,M00028,,,,NULL,NULL,NULL,NULL,NULL,NULL,0,0,0,0,FFFFFFFF-FFFF-FFFF-FFFF-FFFFFFFFFFFF,,0,0,00:00,00:00
97DF3E17-555F-465D-ADE1-1D91CC38531E,8506E09D-4537-4018-BAF3-E8A3410D54AE,C34150,1,2026-09-14 13:54:18.167,,09/09/2026,09/09/2026,เคลียงานระบบแจ้งซ่อม,20260909,20260909,,,,,,0.00,16.00,30.00,18.00,30.00,2.00,0.00,0.00,2.00,0.00,AAAAAAAA-AAAA-AAAA-AAAA-AAAAAAAAAAAA,1,OT_SYSTEM,16.00,30.00,18.00,30.00,2.00,0.00,RQ2026-004784,2026-09-14 13:54:18.167,เคลียงานระบบแจ้งซ่อม,,0,0,,,,5136c757-dcd0-48e4-9328-c9334606e2d9,M00225,,,,NULL,NULL,NULL,NULL,NULL,NULL,0,0,0,0,FFFFFFFF-FFFF-FFFF-FFFF-FFFFFFFFFFFF,,0,0,00:00,00:00
0426DD3C-696E-4F8D-B96C-877F5C656A1E,8506E09D-4537-4018-BAF3-E8A3410D54AE,C34150,1,2026-09-14 13:54:45.903,,10/09/2026,10/09/2026,แก้ไขข้อมูลในระบบ Oracle,20260910,20260910,,,,,,0.00,16.00,30.00,18.00,30.00,2.00,0.00,0.00,2.00,0.00,AAAAAAAA-AAAA-AAAA-AAAA-AAAAAAAAAAAA,1,OT_SYSTEM,16.00,30.00,18.00,30.00,2.00,0.00,RQ2026-004785,2026-09-14 13:54:45.903,แก้ไขข้อมูลในระบบ Oracle,,0,0,,,,5136c757-dcd0-48e4-9328-c9334606e2d9,M00225,,,,NULL,NULL,NULL,NULL,NULL,NULL,0,0,0,0,FFFFFFFF-FFFF-FFFF-FFFF-FFFFFFFFFFFF,,0,0,00:00,00:00
0E620848-24FA-4656-9BA8-4E2BE4E7E738,8506E09D-4537-4018-BAF3-E8A3410D54AE,C34150,1,2026-09-14 13:55:08.800,,11/09/2026,11/09/2026,เคลียงานระบบแจ้งซ่อม,20260911,20260911,,,,,,0.00,16.00,30.00,17.00,30.00,1.00,0.00,0.00,1.00,0.00,AAAAAAAA-AAAA-AAAA-AAAA-AAAAAAAAAAAA,1,OT_SYSTEM,16.00,30.00,17.00,30.00,1.00,0.00,RQ2026-004786,2026-09-14 13:55:08.800,เคลียงานระบบแจ้งซ่อม,,0,0,,,,5136c757-dcd0-48e4-9328-c9334606e2d9,M00225,,,,NULL,NULL,NULL,NULL,NULL,NULL,0,0,0,0,FFFFFFFF-FFFF-FFFF-FFFF-FFFFFFFFFFFF,,0,0,00:00,00:00
C81E56E4-6D47-4504-A1A2-805081AA57EC,F485A7E5-688A-4020-8B2D-9BE26FB7C24E,C19693,1,2026-09-14 14:00:08.533,,14/09/2026,14/09/2026,จัดเตรียมอุปกรณ์นั่งร้าน,20260914,20260914,,,,,,0.00,16.00,30.00,18.00,30.00,2.00,0.00,0.00,2.00,1.00,AAAAAAAA-AAAA-AAAA-AAAA-AAAAAAAAAAAA,1,OT_SYSTEM,16.00,30.00,18.00,30.00,2.00,0.00,RQ2026-004788,2026-09-14 14:15:00.200,จัดเตรียมอุปกรณ์นั่งร้าน,,0,1.00,,,,56103f38-4371-4477-b504-3e23734a659b,M00028,,GN2026-00287,M00514,NULL,NULL,NULL,NULL,NULL,NULL,0,0,0,0,FFFFFFFF-FFFF-FFFF-FFFF-FFFFFFFFFFFF,NULL,0,0,00:00,00:00
567BEFD8-63E9-4F35-8B64-011B5232E61A,F485A7E5-688A-4020-8B2D-9BE26FB7C24E,C28909,1,2026-09-14 14:00:08.557,,14/09/2026,14/09/2026,จัดเตรียมอุปกรณ์นั่งร้าน,20260914,20260914,,,,,,0.00,16.00,30.00,18.00,30.00,2.00,0.00,0.00,2.00,1.00,AAAAAAAA-AAAA-AAAA-AAAA-AAAAAAAAAAAA,1,OT_SYSTEM,16.00,30.00,18.00,30.00,2.00,0.00,RQ2026-004789,2026-09-14 14:15:00.280,จัดเตรียมอุปกรณ์นั่งร้าน,,0,1.00,,,,56103f38-4371-4477-b504-3e23734a659b,M00028,,GN2026-00287,M00514,NULL,NULL,NULL,NULL,NULL,NULL,0,0,0,0,FFFFFFFF-FFFF-FFFF-FFFF-FFFFFFFFFFFF,NULL,0,0,00:00,00:00
B4776E8D-D818-4435-B55B-4FC3E8A8F890,F485A7E5-688A-4020-8B2D-9BE26FB7C24E,C31319,1,2026-09-14 14:00:08.583,,14/09/2026,14/09/2026,จัดเตรียมอุปกรณ์นั่งร้าน,20260914,20260914,,,,,,0.00,16.00,30.00,18.00,30.00,2.00,0.00,0.00,2.00,1.00,AAAAAAAA-AAAA-AAAA-AAAA-AAAAAAAAAAAA,1,OT_SYSTEM,16.00,30.00,18.00,30.00,2.00,0.00,RQ2026-004790,2026-09-14 14:15:00.357,จัดเตรียมอุปกรณ์นั่งร้าน,,0,1.00,,,,56103f38-4371-4477-b504-3e23734a659b,M00028,,GN2026-00287,M00514,NULL,NULL,NULL,NULL,NULL,NULL,0,0,0,0,FFFFFFFF-FFFF-FFFF-FFFF-FFFFFFFFFFFF,NULL,0,0,00:00,00:00
8824D615-84C1-4428-A331-08B6250CF67F,F485A7E5-688A-4020-8B2D-9BE26FB7C24E,F00033,1,2026-09-14 14:00:08.607,,14/09/2026,14/09/2026,จัดเตรียมอุปกรณ์นั่งร้าน,20260914,20260914,,,,,,0.00,16.00,30.00,18.00,30.00,2.00,0.00,0.00,2.00,1.00,AAAAAAAA-AAAA-AAAA-AAAA-AAAAAAAAAAAA,1,OT_SYSTEM,16.00,30.00,18.00,30.00,2.00,0.00,RQ2026-004791,2026-09-14 14:15:00.433,จัดเตรียมอุปกรณ์นั่งร้าน,,0,1.00,,,,56103f38-4371-4477-b504-3e23734a659b,M00028,,GN2026-00287,M00514,NULL,NULL,NULL,NULL,NULL,NULL,0,0,0,0,FFFFFFFF-FFFF-FFFF-FFFF-FFFFFFFFFFFF,NULL,0,0,00:00,00:00
750406F6-E447-438A-8DB7-380337966D52,F485A7E5-688A-4020-8B2D-9BE26FB7C24E,F00034,2,2026-09-14 14:00:08.630,,14/09/2026,14/09/2026,จัดเตรียมอุปกรณ์นั่งร้าน,20260914,20260914,,,,,,0.00,16.00,30.00,18.00,30.00,2.00,0.00,0.00,2.00,1.00,AAAAAAAA-AAAA-AAAA-AAAA-AAAAAAAAAAAA,1,OT_SYSTEM,16.00,30.00,18.00,30.00,2.00,0.00,RQ2026-004792,2026-09-14 14:15:00.517,จัดเตรียมอุปกรณ์นั่งร้าน,,0,1.00,,,ไม่มีเวลาทำงาน-ไม่ได้ทำโอ,ffffffff-ffff-ffff-ffff-ffffffffffff,Nichakarn,,GN2026-00287,M00514,NULL,NULL,NULL,NULL,NULL,NULL,0,0,0,0,FFFFFFFF-FFFF-FFFF-FFFF-FFFFFFFFFFFF,NULL,0,0,00:00,00:00
9346895A-1F78-412F-8417-206AFC946D81,F485A7E5-688A-4020-8B2D-9BE26FB7C24E,F00037,1,2026-09-14 14:00:08.650,,14/09/2026,14/09/2026,จัดเตรียมอุปกรณ์นั่งร้าน,20260914,20260914,,,,,,0.00,16.00,30.00,18.00,30.00,2.00,0.00,0.00,2.00,1.00,AAAAAAAA-AAAA-AAAA-AAAA-AAAAAAAAAAAA,1,OT_SYSTEM,16.00,30.00,18.00,30.00,2.00,0.00,RQ2026-004793,2026-09-14 14:15:00.597,จัดเตรียมอุปกรณ์นั่งร้าน,,0,1.00,,,,56103f38-4371-4477-b504-3e23734a659b,M00028,,GN2026-00287,M00514,NULL,NULL,NULL,NULL,NULL,NULL,0,0,0,0,FFFFFFFF-FFFF-FFFF-FFFF-FFFFFFFFFFFF,NULL,0,0,00:00,00:00
70EFF635-7BA6-4780-B62C-56E6978F9F24,F485A7E5-688A-4020-8B2D-9BE26FB7C24E,F00038,1,2026-09-14 14:00:08.670,,14/09/2026,14/09/2026,จัดเตรียมอุปกรณ์นั่งร้าน,20260914,20260914,,,,,,0.00,16.00,30.00,18.00,30.00,2.00,0.00,0.00,2.00,1.00,AAAAAAAA-AAAA-AAAA-AAAA-AAAAAAAAAAAA,1,OT_SYSTEM,16.00,30.00,18.00,30.00,2.00,0.00,RQ2026-004794,2026-09-14 14:15:00.673,จัดเตรียมอุปกรณ์นั่งร้าน,,0,1.00,,,,56103f38-4371-4477-b504-3e23734a659b,M00028,,GN2026-00287,M00514,NULL,NULL,NULL,NULL,NULL,NULL,0,0,0,0,FFFFFFFF-FFFF-FFFF-FFFF-FFFFFFFFFFFF,NULL,0,0,00:00,00:00
F54C7D64-08CB-4D79-9C92-B2201EF81FBB,F485A7E5-688A-4020-8B2D-9BE26FB7C24E,F00043,1,2026-09-14 14:00:08.690,,14/09/2026,14/09/2026,จัดเตรียมอุปกรณ์นั่งร้าน,20260914,20260914,,,,,,0.00,16.00,30.00,18.00,30.00,2.00,0.00,0.00,2.00,1.00,AAAAAAAA-AAAA-AAAA-AAAA-AAAAAAAAAAAA,1,OT_SYSTEM,16.00,30.00,18.00,30.00,2.00,0.00,RQ2026-004795,2026-09-14 14:15:00.760,จัดเตรียมอุปกรณ์นั่งร้าน,,0,1.00,,,,56103f38-4371-4477-b504-3e23734a659b,M00028,,GN2026-00287,M00514,NULL,NULL,NULL,NULL,NULL,NULL,0,0,0,0,FFFFFFFF-FFFF-FFFF-FFFF-FFFFFFFFFFFF,NULL,0,0,00:00,00:00
03E086F2-CA50-4321-B515-0773D29B9C8B,F485A7E5-688A-4020-8B2D-9BE26FB7C24E,M00514,1,2026-09-14 14:00:24.797,,14/09/2026,14/09/2026,ทำเอกสารนั่งร้าน,20260914,20260914,,,,,,0.00,16.00,30.00,18.00,30.00,2.00,0.00,0.00,2.00,0.00,AAAAAAAA-AAAA-AAAA-AAAA-AAAAAAAAAAAA,1,OT_SYSTEM,16.00,30.00,18.00,30.00,2.00,0.00,RQ2026-004787,2026-09-14 14:00:24.797,ทำเอกสารนั่งร้าน,,0,0,,,,56103f38-4371-4477-b504-3e23734a659b,M00028,,,,NULL,NULL,NULL,NULL,NULL,NULL,0,0,0,0,FFFFFFFF-FFFF-FFFF-FFFF-FFFFFFFFFFFF,,0,0,00:00,00:00
86975ECA-4A0F-4FE2-9C62-4E961B125058,E4069CE4-F59A-41D3-9F6B-FDEAA104B033,M00493,1,2026-09-14 15:27:18.213,,11/09/2026,11/09/2026,อนุมัติโอที,20260911,20260911,,,,,,0.00,16.00,30.00,17.00,30.00,1.00,0.00,0.00,1.00,0.00,AAAAAAAA-AAAA-AAAA-AAAA-AAAAAAAAAAAA,1,OT_SYSTEM,16.00,30.00,17.00,30.00,1.00,0.00,RQ2026-004796,2026-09-14 15:27:18.213,อนุมัติโอที,,0,0,,,,5136c757-dcd0-48e4-9328-c9334606e2d9,M00225,,,,NULL,NULL,NULL,NULL,NULL,NULL,0,0,0,0,FFFFFFFF-FFFF-FFFF-FFFF-FFFFFFFFFFFF,,0,0,00:00,00:00
369DE1EB-2C8E-48FE-A261-6AABCEFD18DA,0A496725-7263-4F0A-969A-705EC7706EF6,M00373,1,2026-09-14 15:54:35.477,,13/09/2026,13/09/2026,งานเอกสารอบรม 303 อบรมต่างๆๆ,20260913,20260913,,,,,,0.00,7.00,30.00,16.00,30.00,9.00,0.00,0.00,9.00,0.00,AAAAAAAA-AAAA-AAAA-AAAA-AAAAAAAAAAAA,1,OT_SYSTEM,7.00,30.00,16.00,30.00,9.00,0.00,RQ2026-004797,2026-09-14 15:54:35.477,งานเอกสารอบรม 303 อบรมต่างๆๆ,,0,0,,,,5136c757-dcd0-48e4-9328-c9334606e2d9,M00225,,,,NULL,NULL,NULL,NULL,NULL,NULL,0,0,0,0,FFFFFFFF-FFFF-FFFF-FFFF-FFFFFFFFFFFF,,0,0,00:00,00:00
066FDA3F-91D3-4DC0-A1BE-37177BBAC323,349D5B6C-7888-420C-8D9A-5A056A2F60F6,C30970,1,2026-09-14 17:11:27.400,,14/09/2026,14/09/2026,พัฒนาโปรแกรมบริษัท,20260914,20260914,,,,,,0.00,16.00,30.00,17.00,30.00,1.00,0.00,0.00,1.00,0.00,AAAAAAAA-AAAA-AAAA-AAAA-AAAAAAAAAAAA,1,OT_SYSTEM,16.00,30.00,17.00,30.00,1.00,0.00,RQ2026-004798,2026-09-14 17:11:27.400,พัฒนาโปรแกรมบริษัท,,0,0,,,,56103f38-4371-4477-b504-3e23734a659b,M00028,,,,NULL,NULL,NULL,NULL,NULL,NULL,0,0,0,0,FFFFFFFF-FFFF-FFFF-FFFF-FFFFFFFFFFFF,,0,0,00:00,00:00
67FC2B80-393D-4F48-8B72-AE2D03B2820D,349D5B6C-7888-420C-8D9A-5A056A2F60F6,C31907,1,2026-09-14 17:23:54.300,,14/09/2026,14/09/2026,สื่อ IMS แบบจำลองการกำกับดูแลระบบบริหาร,20260914,20260914,,,,,,0.00,16.00,30.00,17.00,30.00,1.00,0.00,0.00,1.00,0.00,AAAAAAAA-AAAA-AAAA-AAAA-AAAAAAAAAAAA,1,OT_SYSTEM,16.00,30.00,17.00,30.00,1.00,0.00,RQ2026-004799,2026-09-14 17:23:54.300,สื่อ IMS แบบจำลองการกำกับดูแลระบบบริหาร,,0,0,,,,56103f38-4371-4477-b504-3e23734a659b,M00028,,,,NULL,NULL,NULL,NULL,NULL,NULL,0,0,0,0,FFFFFFFF-FFFF-FFFF-FFFF-FFFFFFFFFFFF,,0,0,00:00,00:00
76850EE3-3442-4913-89C6-3E6C7FE7B41C,349D5B6C-7888-420C-8D9A-5A056A2F60F6,M00503,1,2026-09-14 17:31:49.920,,14/09/2026,14/09/2026,พัฒนาโปรแกรมบริษัท,20260914,20260914,,,,,,0.00,16.00,30.00,17.00,30.00,1.00,0.00,0.00,1.00,0.00,AAAAAAAA-AAAA-AAAA-AAAA-AAAAAAAAAAAA,1,OT_SYSTEM,16.00,30.00,17.00,30.00,1.00,0.00,RQ2026-004800,2026-09-14 17:31:49.920,พัฒนาโปรแกรมบริษัท,,0,0,,,,56103f38-4371-4477-b504-3e23734a659b,M00028,,,,NULL,NULL,NULL,NULL,NULL,NULL,0,0,0,0,FFFFFFFF-FFFF-FFFF-FFFF-FFFFFFFFFFFF,,0,0,00:00,00:00
CE3F7ACA-428F-4D82-A3DE-F59613E25D93,349D5B6C-7888-420C-8D9A-5A056A2F60F6,M00476,1,2026-09-14 17:32:25.757,,14/09/2026,14/09/2026,พัฒนาโปรแกรมบริษัท,20260914,20260914,,,,,,0.00,16.00,30.00,17.00,30.00,1.00,0.00,0.00,1.00,0.00,AAAAAAAA-AAAA-AAAA-AAAA-AAAAAAAAAAAA,1,OT_SYSTEM,16.00,30.00,17.00,30.00,1.00,0.00,RQ2026-004801,2026-09-14 17:32:25.757,พัฒนาโปรแกรมบริษัท,,0,0,,,,56103f38-4371-4477-b504-3e23734a659b,M00028,,,,NULL,NULL,NULL,NULL,NULL,NULL,0,0,0,0,FFFFFFFF-FFFF-FFFF-FFFF-FFFFFFFFFFFF,,0,0,00:00,00:00
269D94C5-909F-4574-B6D5-B5441C9A5260,E6F30624-0EEC-4857-97DD-A684EB9958AB,M00070,1,2026-09-14 17:48:15.223,,14/09/2026,14/09/2026,รับส่งพนักงานต่างด้าว,20260914,20260914,,,,,,0.00,16.00,30.00,18.00,30.00,2.00,0.00,0.00,2.00,0.00,AAAAAAAA-AAAA-AAAA-AAAA-AAAAAAAAAAAA,1,OT_SYSTEM,16.00,30.00,18.00,30.00,2.00,0.00,RQ2026-004802,2026-09-14 17:48:15.223,รับส่งพนักงานต่างด้าว,,0,0,,,,e085af0e-feb8-4c04-a966-e43ede20e2e5,M00386,,,,NULL,NULL,NULL,NULL,NULL,NULL,0,0,0,0,FFFFFFFF-FFFF-FFFF-FFFF-FFFFFFFFFFFF,,0,0,00:00,00:00
EEFC7099-1598-4FC0-9EDF-B1D94E34539B,E6F30624-0EEC-4857-97DD-A684EB9958AB,M00394,1,2026-09-14 18:10:47.907,,14/09/2026,14/09/2026,"ทำเอกสาร ออราเคิล เข้าระบบ ",20260914,20260914,,,,,,0.00,16.00,30.00,18.00,30.00,2.00,0.00,0.00,2.00,0.00,AAAAAAAA-AAAA-AAAA-AAAA-AAAAAAAAAAAA,1,OT_SYSTEM,16.00,30.00,18.00,30.00,2.00,0.00,RQ2026-004803,2026-09-14 18:10:47.907,"ทำเอกสาร ออราเคิล เข้าระบบ ",,0,0,,,,e085af0e-feb8-4c04-a966-e43ede20e2e5,M00386,,,,NULL,NULL,NULL,NULL,NULL,NULL,0,0,0,0,FFFFFFFF-FFFF-FFFF-FFFF-FFFFFFFFFFFF,,0,0,00:00,00:00
74F6D09D-B3AA-4706-8590-54F8D33EF583,E4069CE4-F59A-41D3-9F6B-FDEAA104B033,M00524,1,2026-09-14 18:13:21.060,,14/09/2026,14/09/2026,คีย์ใบเตือน สแกนเก็บ,20260914,20260914,,,,,,0.00,16.00,30.00,18.00,30.00,2.00,0.00,0.00,2.00,0.00,AAAAAAAA-AAAA-AAAA-AAAA-AAAAAAAAAAAA,1,OT_SYSTEM,16.00,30.00,18.00,30.00,2.00,0.00,RQ2026-004804,2026-09-14 18:13:21.060,คีย์ใบเตือน สแกนเก็บ,,0,0,,,,5136c757-dcd0-48e4-9328-c9334606e2d9,M00225,,,,NULL,NULL,NULL,NULL,NULL,NULL,0,0,0,0,FFFFFFFF-FFFF-FFFF-FFFF-FFFFFFFFFFFF,,0,0,00:00,00:00
5C9540B8-2992-4116-BEE0-8D73AB45D833,E4069CE4-F59A-41D3-9F6B-FDEAA104B033,M00522,1,2026-09-14 18:14:28.993,,14/09/2026,14/09/2026,คีย์ใบลา  สแกนใบลาเก็บ,20260914,20260914,,,,,,0.00,16.00,30.00,18.00,30.00,2.00,0.00,0.00,2.00,0.00,AAAAAAAA-AAAA-AAAA-AAAA-AAAAAAAAAAAA,1,OT_SYSTEM,16.00,30.00,18.00,30.00,2.00,0.00,RQ2026-004805,2026-09-14 18:14:28.993,คีย์ใบลา  สแกนใบลาเก็บ,,0,0,,,,5136c757-dcd0-48e4-9328-c9334606e2d9,M00225,,,,NULL,NULL,NULL,NULL,NULL,NULL,0,0,0,0,FFFFFFFF-FFFF-FFFF-FFFF-FFFFFFFFFFFF,,0,0,00:00,00:00
2A077ACC-BA28-40EC-B2AF-0A7F489D0ADD,E4069CE4-F59A-41D3-9F6B-FDEAA104B033,C34947,1,2026-09-14 18:23:51.343,,14/09/2026,14/09/2026,จัดเรียงรายชื่อพนักงานอบรมที่จะยื่นส่งกรมพัฒนฯ,20260914,20260914,,,,,,0.00,16.00,30.00,18.00,30.00,2.00,0.00,0.00,2.00,0.00,AAAAAAAA-AAAA-AAAA-AAAA-AAAAAAAAAAAA,1,OT_SYSTEM,16.00,30.00,18.00,30.00,2.00,0.00,RQ2026-004806,2026-09-14 18:23:51.343,จัดเรียงรายชื่อพนักงานอบรมที่จะยื่นส่งกรมพัฒนฯ,,0,0,,,,5136c757-dcd0-48e4-9328-c9334606e2d9,M00225,,,,NULL,NULL,NULL,NULL,NULL,NULL,0,0,0,0,FFFFFFFF-FFFF-FFFF-FFFF-FFFFFFFFFFFF,,0,0,00:00,00:00
5AA72533-DA31-47B5-A494-ACF71C670701,D12AC759-0979-4F40-B017-F5E4F7B78847,M00290,1,2026-09-15 08:17:31.647,,14/09/2026,14/09/2026,ไปงานศพที่นครสวรรค์,20260914,20260914,,0,,,,0.00,0.00,0.00,0.00,0.00,8.00,0.00,0.00,0.00,1.00,22222222-2222-2222-2222-222222222222,1,LEAVE_SYSTEM,0.00,0.00,0.00,0.00,8.00,0.00,RQ2026-004807,2026-09-15 08:17:31.647,ไปงานศพที่นครสวรรค์,,0,1,,,,c67b4dd6-65ea-403f-b2b0-d9d644d70309,M00005,,,,NULL,NULL,NULL,NULL,NULL,NULL,0,0,0,0,FFFFFFFF-FFFF-FFFF-FFFF-FFFFFFFFFFFF,2026,0,0,00:00,00:00
FF80080F-FA25-4EA3-89D8-ACDDF801F3B3,349D5B6C-7888-420C-8D9A-5A056A2F60F6,C30971,1,2026-09-15 08:30:34.920,,14/09/2026,14/09/2026,ท้องเสีย,20260914,20260914,,0,,,,0.00,0.00,0.00,0.00,0.00,8.00,0.00,0.00,0.00,1.00,11111111-1111-1111-1111-111111111111,1,LEAVE_SYSTEM,0.00,0.00,0.00,0.00,8.00,0.00,RQ2026-004808,2026-09-15 08:30:34.920,ท้องเสีย,,0,1,,,,56103f38-4371-4477-b504-3e23734a659b,M00028,,,,NULL,NULL,NULL,NULL,NULL,NULL,0,0,0,0,FFFFFFFF-FFFF-FFFF-FFFF-FFFFFFFFFFFF,2026,0,0,00:00,00:00
ABEE6F09-1B60-43C7-AB0E-0D8060813B0D,8506E09D-4537-4018-BAF3-E8A3410D54AE,C34150,1,2026-09-15 09:22:43.390,,14/09/2026,14/09/2026,เคลียงานระบบแจ้งซ่อม,20260914,20260914,,,,,,0.00,16.00,30.00,18.00,30.00,2.00,0.00,0.00,2.00,0.00,AAAAAAAA-AAAA-AAAA-AAAA-AAAAAAAAAAAA,1,OT_SYSTEM,16.00,30.00,18.00,30.00,2.00,0.00,RQ2026-004809,2026-09-15 09:22:43.390,เคลียงานระบบแจ้งซ่อม,,0,0,,,,5136c757-dcd0-48e4-9328-c9334606e2d9,M00225,,,,NULL,NULL,NULL,NULL,NULL,NULL,0,0,0,0,FFFFFFFF-FFFF-FFFF-FFFF-FFFFFFFFFFFF,,0,0,00:00,00:00
3AFD3F97-A59A-43B9-878F-1AF583CFEDDE,17765644-319D-41DA-BB83-0046E86E0CEB,M00047,1,2026-09-15 09:45:20.983,,03/09/2026,03/09/2026,ทำรายชื่อexcel -คัดรูป เตรียมยื่น E-service งานอบรมความร้อนประกายไฟของเดือนสิงหาคม,20260903,20260903,,,,,,0.00,16.00,30.00,18.00,30.00,2.00,0.00,0.00,2.00,0.00,AAAAAAAA-AAAA-AAAA-AAAA-AAAAAAAAAAAA,1,OT_SYSTEM,16.00,30.00,18.00,30.00,2.00,0.00,RQ2026-004810,2026-09-15 09:45:20.983,ทำรายชื่อexcel -คัดรูป เตรียมยื่น E-service งานอบรมความร้อนประกายไฟของเดือนสิงหาคม,,0,0,,,,5136c757-dcd0-48e4-9328-c9334606e2d9,M00225,,,,NULL,NULL,NULL,NULL,NULL,NULL,0,0,0,0,FFFFFFFF-FFFF-FFFF-FFFF-FFFFFFFFFFFF,,0,0,00:00,00:00
60E55454-DD44-4CEF-AA43-7EBC7B2CB60A,17765644-319D-41DA-BB83-0046E86E0CEB,M00047,1,2026-09-15 09:46:48.897,,14/09/2026,14/09/2026,"ทำรายงาน Genertic9 ส่งรายงานอบรมกรมพัฒฯ 7 รุ่น ",20260914,20260914,,,,,,0.00,16.00,30.00,17.00,30.00,1.00,0.00,0.00,1.00,0.00,AAAAAAAA-AAAA-AAAA-AAAA-AAAAAAAAAAAA,1,OT_SYSTEM,16.00,30.00,17.00,30.00,1.00,0.00,RQ2026-004811,2026-09-15 09:46:48.897,"ทำรายงาน Genertic9 ส่งรายงานอบรมกรมพัฒฯ 7 รุ่น ",,0,0,,,,5136c757-dcd0-48e4-9328-c9334606e2d9,M00225,,,,NULL,NULL,NULL,NULL,NULL,NULL,0,0,0,0,FFFFFFFF-FFFF-FFFF-FFFF-FFFFFFFFFFFF,,0,0,00:00,00:00
E74799BF-B39D-499E-B3FC-78BD309BFF6A,349D5B6C-7888-420C-8D9A-5A056A2F60F6,C29012,1,2026-09-15 11:31:19.787,,15/09/2026,15/09/2026,,20260915,20260915,,,,,,0.00,16.00,30.00,17.00,30.00,1.00,0.00,0.00,1.00,0.00,AAAAAAAA-AAAA-AAAA-AAAA-AAAAAAAAAAAA,1,OT_SYSTEM,16.00,30.00,17.00,30.00,1.00,0.00,RQ2026-004812,2026-09-15 11:31:19.787,,,0,0,,,,56103f38-4371-4477-b504-3e23734a659b,M00028,,,,NULL,NULL,NULL,NULL,NULL,NULL,0,0,0,0,FFFFFFFF-FFFF-FFFF-FFFF-FFFFFFFFFFFF,,0,0,00:00,00:00
3DCFF016-F492-4671-BE33-6EF5BAF3AE72,349D5B6C-7888-420C-8D9A-5A056A2F60F6,M00503,1,2026-09-15 11:31:54.690,,15/09/2026,15/09/2026,พัฒนาโปรแกรมบริษัท,20260915,20260915,,,,,,0.00,16.00,30.00,17.00,30.00,1.00,0.00,0.00,1.00,0.00,AAAAAAAA-AAAA-AAAA-AAAA-AAAAAAAAAAAA,1,OT_SYSTEM,16.00,30.00,17.00,30.00,1.00,0.00,RQ2026-004813,2026-09-15 11:31:54.690,พัฒนาโปรแกรมบริษัท,,0,0,,,,56103f38-4371-4477-b504-3e23734a659b,M00028,,,,NULL,NULL,NULL,NULL,NULL,NULL,0,0,0,0,FFFFFFFF-FFFF-FFFF-FFFF-FFFFFFFFFFFF,,0,0,00:00,00:00
F5F8AA9C-000C-43D3-90AD-20FF4DDDF13A,349D5B6C-7888-420C-8D9A-5A056A2F60F6,M00476,1,2026-09-15 11:32:55.010,,15/09/2026,15/09/2026,พัฒนาโปรแกรมบริษัท,20260915,20260915,,,,,,0.00,16.00,30.00,17.00,30.00,1.00,0.00,0.00,1.00,0.00,AAAAAAAA-AAAA-AAAA-AAAA-AAAAAAAAAAAA,1,OT_SYSTEM,16.00,30.00,17.00,30.00,1.00,0.00,RQ2026-004814,2026-09-15 11:32:55.010,พัฒนาโปรแกรมบริษัท,,0,0,,,,56103f38-4371-4477-b504-3e23734a659b,M00028,,,,NULL,NULL,NULL,NULL,NULL,NULL,0,0,0,0,FFFFFFFF-FFFF-FFFF-FFFF-FFFFFFFFFFFF,,0,0,00:00,00:00
05379809-7FB0-4E75-924C-3BFA9E810F27,F485A7E5-688A-4020-8B2D-9BE26FB7C24E,C19693,1,2026-09-15 11:34:32.217,,15/09/2026,15/09/2026,จัดเตรียมอุปกรณ์นั่งร้าน,20260915,20260915,,,,,,0.00,16.00,30.00,18.00,30.00,2.00,0.00,0.00,2.00,1.00,AAAAAAAA-AAAA-AAAA-AAAA-AAAAAAAAAAAA,1,OT_SYSTEM,16.00,30.00,18.00,30.00,2.00,0.00,RQ2026-004816,2026-09-15 11:45:00.923,จัดเตรียมอุปกรณ์นั่งร้าน,,0,1.00,,,,56103f38-4371-4477-b504-3e23734a659b,M00028,,GN2026-00288,M00514,NULL,NULL,NULL,NULL,NULL,NULL,0,0,0,0,FFFFFFFF-FFFF-FFFF-FFFF-FFFFFFFFFFFF,NULL,0,0,00:00,00:00
4B436CCF-FC43-4164-8C25-E6BF7638684F,F485A7E5-688A-4020-8B2D-9BE26FB7C24E,C28909,1,2026-09-15 11:34:32.253,,15/09/2026,15/09/2026,จัดเตรียมอุปกรณ์นั่งร้าน,20260915,20260915,,,,,,0.00,16.00,30.00,18.00,30.00,2.00,0.00,0.00,2.00,1.00,AAAAAAAA-AAAA-AAAA-AAAA-AAAAAAAAAAAA,1,OT_SYSTEM,16.00,30.00,18.00,30.00,2.00,0.00,RQ2026-004817,2026-09-15 11:45:01.010,จัดเตรียมอุปกรณ์นั่งร้าน,,0,1.00,,,,56103f38-4371-4477-b504-3e23734a659b,M00028,,GN2026-00288,M00514,NULL,NULL,NULL,NULL,NULL,NULL,0,0,0,0,FFFFFFFF-FFFF-FFFF-FFFF-FFFFFFFFFFFF,NULL,0,0,00:00,00:00
8A8330C0-C37F-4C1E-A6C3-1603DC829AB5,F485A7E5-688A-4020-8B2D-9BE26FB7C24E,C31319,1,2026-09-15 11:34:32.290,,15/09/2026,15/09/2026,จัดเตรียมอุปกรณ์นั่งร้าน,20260915,20260915,,,,,,0.00,16.00,30.00,18.00,30.00,2.00,0.00,0.00,2.00,1.00,AAAAAAAA-AAAA-AAAA-AAAA-AAAAAAAAAAAA,1,OT_SYSTEM,16.00,30.00,18.00,30.00,2.00,0.00,RQ2026-004818,2026-09-15 11:45:01.093,จัดเตรียมอุปกรณ์นั่งร้าน,,0,1.00,,,,56103f38-4371-4477-b504-3e23734a659b,M00028,,GN2026-00288,M00514,NULL,NULL,NULL,NULL,NULL,NULL,0,0,0,0,FFFFFFFF-FFFF-FFFF-FFFF-FFFFFFFFFFFF,NULL,0,0,00:00,00:00
38547832-FE34-4CE5-8F03-737E8BE04853,F485A7E5-688A-4020-8B2D-9BE26FB7C24E,F00033,1,2026-09-15 11:34:32.340,,15/09/2026,15/09/2026,จัดเตรียมอุปกรณ์นั่งร้าน,20260915,20260915,,,,,,0.00,16.00,30.00,18.00,30.00,2.00,0.00,0.00,2.00,1.00,AAAAAAAA-AAAA-AAAA-AAAA-AAAAAAAAAAAA,1,OT_SYSTEM,16.00,30.00,18.00,30.00,2.00,0.00,RQ2026-004819,2026-09-15 11:45:01.177,จัดเตรียมอุปกรณ์นั่งร้าน,,0,1.00,,,,56103f38-4371-4477-b504-3e23734a659b,M00028,,GN2026-00288,M00514,NULL,NULL,NULL,NULL,NULL,NULL,0,0,0,0,FFFFFFFF-FFFF-FFFF-FFFF-FFFFFFFFFFFF,NULL,0,0,00:00,00:00
389A84CD-1AF9-440E-846A-53A75AA1BA3F,F485A7E5-688A-4020-8B2D-9BE26FB7C24E,F00034,1,2026-09-15 11:34:32.387,,15/09/2026,15/09/2026,จัดเตรียมอุปกรณ์นั่งร้าน,20260915,20260915,,,,,,0.00,16.00,30.00,18.00,30.00,2.00,0.00,0.00,2.00,1.00,AAAAAAAA-AAAA-AAAA-AAAA-AAAAAAAAAAAA,1,OT_SYSTEM,16.00,30.00,18.00,30.00,2.00,0.00,RQ2026-004820,2026-09-15 11:45:01.267,จัดเตรียมอุปกรณ์นั่งร้าน,,0,1.00,,,,56103f38-4371-4477-b504-3e23734a659b,M00028,,GN2026-00288,M00514,NULL,NULL,NULL,NULL,NULL,NULL,0,0,0,0,FFFFFFFF-FFFF-FFFF-FFFF-FFFFFFFFFFFF,NULL,0,0,00:00,00:00
A9223B78-EEFF-497C-8CF7-5F7338E97A9B,F485A7E5-688A-4020-8B2D-9BE26FB7C24E,F00037,1,2026-09-15 11:34:32.437,,15/09/2026,15/09/2026,จัดเตรียมอุปกรณ์นั่งร้าน,20260915,20260915,,,,,,0.00,16.00,30.00,18.00,30.00,2.00,0.00,0.00,2.00,1.00,AAAAAAAA-AAAA-AAAA-AAAA-AAAAAAAAAAAA,1,OT_SYSTEM,16.00,30.00,18.00,30.00,2.00,0.00,RQ2026-004821,2026-09-15 11:45:01.343,จัดเตรียมอุปกรณ์นั่งร้าน,,0,1.00,,,,56103f38-4371-4477-b504-3e23734a659b,M00028,,GN2026-00288,M00514,NULL,NULL,NULL,NULL,NULL,NULL,0,0,0,0,FFFFFFFF-FFFF-FFFF-FFFF-FFFFFFFFFFFF,NULL,0,0,00:00,00:00
FFC82B8F-262B-4094-821A-872F846D9737,F485A7E5-688A-4020-8B2D-9BE26FB7C24E,F00038,1,2026-09-15 11:34:32.470,,15/09/2026,15/09/2026,จัดเตรียมอุปกรณ์นั่งร้าน,20260915,20260915,,,,,,0.00,16.00,30.00,18.00,30.00,2.00,0.00,0.00,2.00,1.00,AAAAAAAA-AAAA-AAAA-AAAA-AAAAAAAAAAAA,1,OT_SYSTEM,16.00,30.00,18.00,30.00,2.00,0.00,RQ2026-004822,2026-09-15 11:45:01.423,จัดเตรียมอุปกรณ์นั่งร้าน,,0,1.00,,,,56103f38-4371-4477-b504-3e23734a659b,M00028,,GN2026-00288,M00514,NULL,NULL,NULL,NULL,NULL,NULL,0,0,0,0,FFFFFFFF-FFFF-FFFF-FFFF-FFFFFFFFFFFF,NULL,0,0,00:00,00:00
6B2CD5E6-99C7-4518-8E0E-5316D8736B31,F485A7E5-688A-4020-8B2D-9BE26FB7C24E,F00043,1,2026-09-15 11:34:32.507,,15/09/2026,15/09/2026,จัดเตรียมอุปกรณ์นั่งร้าน,20260915,20260915,,,,,,0.00,16.00,30.00,18.00,30.00,2.00,0.00,0.00,2.00,1.00,AAAAAAAA-AAAA-AAAA-AAAA-AAAAAAAAAAAA,1,OT_SYSTEM,16.00,30.00,18.00,30.00,2.00,0.00,RQ2026-004823,2026-09-15 11:45:01.507,จัดเตรียมอุปกรณ์นั่งร้าน,,0,1.00,,,,56103f38-4371-4477-b504-3e23734a659b,M00028,,GN2026-00288,M00514,NULL,NULL,NULL,NULL,NULL,NULL,0,0,0,0,FFFFFFFF-FFFF-FFFF-FFFF-FFFFFFFFFFFF,NULL,0,0,00:00,00:00
3E357A74-8FF0-4DB4-A158-CB189135CFCA,F485A7E5-688A-4020-8B2D-9BE26FB7C24E,M00514,1,2026-09-15 11:34:52.407,,15/09/2026,15/09/2026,ทำเอกสารนั่งร้าน,20260915,20260915,,,,,,0.00,16.00,30.00,18.00,30.00,2.00,0.00,0.00,2.00,0.00,AAAAAAAA-AAAA-AAAA-AAAA-AAAAAAAAAAAA,1,OT_SYSTEM,16.00,30.00,18.00,30.00,2.00,0.00,RQ2026-004815,2026-09-15 11:34:52.407,ทำเอกสารนั่งร้าน,,0,0,,,,56103f38-4371-4477-b504-3e23734a659b,M00028,,,,NULL,NULL,NULL,NULL,NULL,NULL,0,0,0,0,FFFFFFFF-FFFF-FFFF-FFFF-FFFFFFFFFFFF,,0,0,00:00,00:00
E4715ADC-9B71-47CB-BEBD-B2E1A3206AB0,349D5B6C-7888-420C-8D9A-5A056A2F60F6,C30971,1,2026-09-15 12:18:01.240,,15/09/2026,15/09/2026,พัฒนาโปรแกรมบริษัท,20260915,20260915,,,,,,0.00,16.00,30.00,17.00,30.00,1.00,0.00,0.00,1.00,0.00,AAAAAAAA-AAAA-AAAA-AAAA-AAAAAAAAAAAA,1,OT_SYSTEM,16.00,30.00,17.00,30.00,1.00,0.00,RQ2026-004824,2026-09-15 12:18:01.240,พัฒนาโปรแกรมบริษัท,,0,0,,,,56103f38-4371-4477-b504-3e23734a659b,M00028,,,,NULL,NULL,NULL,NULL,NULL,NULL,0,0,0,0,FFFFFFFF-FFFF-FFFF-FFFF-FFFFFFFFFFFF,,0,0,00:00,00:00
50BB703B-3913-4374-A316-AABA162306D3,0A496725-7263-4F0A-969A-705EC7706EF6,M00523,1,2026-09-15 12:48:59.690,,15/09/2026,,ปวดหัวค่ะ,20260915,,,,,,,0.00,7.00,30.00,12.00,0.00,4.00,0.00,0.00,0.00,0.00,11111111-1111-1111-1111-111111111111,1,LEAVE_SYSTEM,7.00,30.00,12.00,0.00,4.00,0.00,RQ2026-004825,2026-09-15 12:48:59.690,ปวดหัวค่ะ,,0,0,,,,5136c757-dcd0-48e4-9328-c9334606e2d9,M00225,,,,NULL,NULL,NULL,NULL,NULL,NULL,0,0,0,0,FFFFFFFF-FFFF-FFFF-FFFF-FFFFFFFFFFFF,2026,0,0,00:00,00:00
99963256-478B-43B5-A57E-5CD199FD130F,349D5B6C-7888-420C-8D9A-5A056A2F60F6,C30970,1,2026-09-15 13:03:10.537,,15/09/2026,15/09/2026,พัฒนาโปรแกรมบริษัท,20260915,20260915,,,,,,0.00,16.00,30.00,17.00,30.00,1.00,0.00,0.00,1.00,0.00,AAAAAAAA-AAAA-AAAA-AAAA-AAAAAAAAAAAA,1,OT_SYSTEM,16.00,30.00,17.00,30.00,1.00,0.00,RQ2026-004826,2026-09-15 13:03:10.537,พัฒนาโปรแกรมบริษัท,,0,0,,,,56103f38-4371-4477-b504-3e23734a659b,M00028,,,,NULL,NULL,NULL,NULL,NULL,NULL,0,0,0,0,FFFFFFFF-FFFF-FFFF-FFFF-FFFFFFFFFFFF,,0,0,00:00,00:00
1F477F7A-EA09-4D25-B94B-597DF0D4F1E9,349D5B6C-7888-420C-8D9A-5A056A2F60F6,C31907,1,2026-09-15 13:27:44.510,,15/09/2026,15/09/2026,IMS-MAN-001_3-1 (ปรับปรุงขนาดอักษรและไอคอน),20260915,20260915,,,,,,0.00,16.00,30.00,17.00,30.00,1.00,0.00,0.00,1.00,0.00,AAAAAAAA-AAAA-AAAA-AAAA-AAAAAAAAAAAA,1,OT_SYSTEM,16.00,30.00,17.00,30.00,1.00,0.00,RQ2026-004827,2026-09-15 13:27:44.510,IMS-MAN-001_3-1 (ปรับปรุงขนาดอักษรและไอคอน),,0,0,,,,56103f38-4371-4477-b504-3e23734a659b,M00028,,,,NULL,NULL,NULL,NULL,NULL,NULL,0,0,0,0,FFFFFFFF-FFFF-FFFF-FFFF-FFFFFFFFFFFF,,0,0,00:00,00:00
9A3B637F-3E75-41DA-953D-B1F599A332FE,E4069CE4-F59A-41D3-9F6B-FDEAA104B033,C34947,1,2026-09-15 17:51:43.927,,15/09/2026,15/09/2026,กรอกเอกสารข้อมูลกท.พนักงานเกิดอุบัติเหตุลง SSO E-service,20260915,20260915,,,,,,0.00,16.00,30.00,18.00,0.00,1.00,30.00,0.00,1.50,0.00,AAAAAAAA-AAAA-AAAA-AAAA-AAAAAAAAAAAA,1,OT_SYSTEM,16.00,30.00,18.00,0.00,1.00,30.00,RQ2026-004828,2026-09-15 17:51:43.927,กรอกเอกสารข้อมูลกท.พนักงานเกิดอุบัติเหตุลง SSO E-service,,0,0,,,,5136c757-dcd0-48e4-9328-c9334606e2d9,M00225,,,,NULL,NULL,NULL,NULL,NULL,NULL,0,0,0,0,FFFFFFFF-FFFF-FFFF-FFFF-FFFFFFFFFFFF,,0,0,00:00,00:00
6A8A10B7-E87B-439B-BD9A-DBBBD65B4A22,E4069CE4-F59A-41D3-9F6B-FDEAA104B033,M00524,1,2026-09-15 18:12:06.890,,15/09/2026,15/09/2026,คีย์ใบเตือน สแกนเก็บ,20260915,20260915,,,,,,0.00,16.00,30.00,18.00,30.00,2.00,0.00,0.00,2.00,0.00,AAAAAAAA-AAAA-AAAA-AAAA-AAAAAAAAAAAA,1,OT_SYSTEM,16.00,30.00,18.00,30.00,2.00,0.00,RQ2026-004829,2026-09-15 18:12:06.890,คีย์ใบเตือน สแกนเก็บ,,0,0,,,,5136c757-dcd0-48e4-9328-c9334606e2d9,M00225,,,,NULL,NULL,NULL,NULL,NULL,NULL,0,0,0,0,FFFFFFFF-FFFF-FFFF-FFFF-FFFFFFFFFFFF,,0,0,00:00,00:00
07D5929C-8781-44D3-9159-69559D8D9D36,E4069CE4-F59A-41D3-9F6B-FDEAA104B033,M00522,1,2026-09-15 18:13:14.553,,15/09/2026,15/09/2026,คีย์ใบลา  สแกนใบลาเก็บ,20260915,20260915,,,,,,0.00,16.00,30.00,18.00,30.00,2.00,0.00,0.00,2.00,0.00,AAAAAAAA-AAAA-AAAA-AAAA-AAAAAAAAAAAA,1,OT_SYSTEM,16.00,30.00,18.00,30.00,2.00,0.00,RQ2026-004830,2026-09-15 18:13:14.553,คีย์ใบลา  สแกนใบลาเก็บ,,0,0,,,,5136c757-dcd0-48e4-9328-c9334606e2d9,M00225,,,,NULL,NULL,NULL,NULL,NULL,NULL,0,0,0,0,FFFFFFFF-FFFF-FFFF-FFFF-FFFFFFFFFFFF,,0,0,00:00,00:00
B76078DD-636D-489F-B1FC-9B5C9870A12F,E6F30624-0EEC-4857-97DD-A684EB9958AB,M00070,1,2026-09-15 18:14:27.393,,15/09/2026,15/09/2026,รับส่งพนักงานต่างด้าว,20260915,20260915,,,,,,0.00,16.00,30.00,18.00,30.00,2.00,0.00,0.00,2.00,0.00,AAAAAAAA-AAAA-AAAA-AAAA-AAAAAAAAAAAA,1,OT_SYSTEM,16.00,30.00,18.00,30.00,2.00,0.00,RQ2026-004831,2026-09-15 18:14:27.393,รับส่งพนักงานต่างด้าว,,0,0,,,,e085af0e-feb8-4c04-a966-e43ede20e2e5,M00386,,,,NULL,NULL,NULL,NULL,NULL,NULL,0,0,0,0,FFFFFFFF-FFFF-FFFF-FFFF-FFFFFFFFFFFF,,0,0,00:00,00:00
687C70B4-93B1-4828-90D5-55F41D0F24D6,0A496725-7263-4F0A-969A-705EC7706EF6,M00373,1,2026-09-15 18:17:53.430,,15/09/2026,15/09/2026,งาน 303 302,20260915,20260915,,,,,,0.00,16.00,30.00,18.00,30.00,2.00,0.00,0.00,2.00,0.00,AAAAAAAA-AAAA-AAAA-AAAA-AAAAAAAAAAAA,1,OT_SYSTEM,16.00,30.00,18.00,30.00,2.00,0.00,RQ2026-004832,2026-09-15 18:17:53.430,งาน 303 302,,0,0,,,,5136c757-dcd0-48e4-9328-c9334606e2d9,M00225,,,,NULL,NULL,NULL,NULL,NULL,NULL,0,0,0,0,FFFFFFFF-FFFF-FFFF-FFFF-FFFFFFFFFFFF,,0,0,00:00,00:00
1B0FF544-B9A6-419C-B30D-B846E421B13A,E6F30624-0EEC-4857-97DD-A684EB9958AB,M00394,1,2026-09-15 18:23:03.047,,15/09/2026,15/09/2026,ทำเอกสารออราเคิล,20260915,20260915,,,,,,0.00,16.00,30.00,18.00,30.00,2.00,0.00,0.00,2.00,0.00,AAAAAAAA-AAAA-AAAA-AAAA-AAAAAAAAAAAA,1,OT_SYSTEM,16.00,30.00,18.00,30.00,2.00,0.00,RQ2026-004833,2026-09-15 18:23:03.047,ทำเอกสารออราเคิล,,0,0,,,,e085af0e-feb8-4c04-a966-e43ede20e2e5,M00386,,,,NULL,NULL,NULL,NULL,NULL,NULL,0,0,0,0,FFFFFFFF-FFFF-FFFF-FFFF-FFFFFFFFFFFF,,0,0,00:00,00:00
254284A2-1B04-4853-8253-81BA016493DF,E4069CE4-F59A-41D3-9F6B-FDEAA104B033,M00493,1,2026-09-15 18:28:14.543,,15/09/2026,15/09/2026,อนุมัติโอที,20260915,20260915,,,,,,0.00,16.00,30.00,18.00,30.00,2.00,0.00,0.00,2.00,0.00,AAAAAAAA-AAAA-AAAA-AAAA-AAAAAAAAAAAA,1,OT_SYSTEM,16.00,30.00,18.00,30.00,2.00,0.00,RQ2026-004834,2026-09-15 18:28:14.543,อนุมัติโอที,,0,0,,,,5136c757-dcd0-48e4-9328-c9334606e2d9,M00225,,,,NULL,NULL,NULL,NULL,NULL,NULL,0,0,0,0,FFFFFFFF-FFFF-FFFF-FFFF-FFFFFFFFFFFF,,0,0,00:00,00:00
AA21D93F-1F36-46A2-8368-28A9B980D47A,E4069CE4-F59A-41D3-9F6B-FDEAA104B033,M00493,1,2026-09-15 18:28:43.707,,14/09/2026,14/09/2026,อนุมัติโิอที,20260914,20260914,,,,,,0.00,16.00,30.00,18.00,30.00,2.00,0.00,0.00,2.00,0.00,AAAAAAAA-AAAA-AAAA-AAAA-AAAAAAAAAAAA,1,OT_SYSTEM,16.00,30.00,18.00,30.00,2.00,0.00,RQ2026-004835,2026-09-15 18:28:43.707,อนุมัติโิอที,,0,0,,,,5136c757-dcd0-48e4-9328-c9334606e2d9,M00225,,,,NULL,NULL,NULL,NULL,NULL,NULL,0,0,0,0,FFFFFFFF-FFFF-FFFF-FFFF-FFFFFFFFFFFF,,0,0,00:00,00:00
447F96C8-79C8-4A58-8954-2372C5F3A2F3,17765644-319D-41DA-BB83-0046E86E0CEB,M00047,1,2026-09-15 18:32:25.710,,15/09/2026,15/09/2026,ส่งconfirmรายชื่อพนักงานอบรม จป หัวหน้างาน 59 คน / เคลียรเรื่องส่งตัวพนักงานเจ็บในงานจาก รพ พญาไท ไป รพ พัทยาปัทมคุณ,20260915,20260915,,,,,,0.00,16.00,30.00,18.00,30.00,2.00,0.00,0.00,2.00,0.00,AAAAAAAA-AAAA-AAAA-AAAA-AAAAAAAAAAAA,1,OT_SYSTEM,16.00,30.00,18.00,30.00,2.00,0.00,RQ2026-004836,2026-09-15 18:32:25.710,ส่งconfirmรายชื่อพนักงานอบรม จป หัวหน้างาน 59 คน / เคลียรเรื่องส่งตัวพนักงานเจ็บในงานจาก รพ พญาไท ไป รพ พัทยาปัทมคุณ,,0,0,,,,5136c757-dcd0-48e4-9328-c9334606e2d9,M00225,,,,NULL,NULL,NULL,NULL,NULL,NULL,0,0,0,0,FFFFFFFF-FFFF-FFFF-FFFF-FFFFFFFFFFFF,,0,0,00:00,00:00
0D6B760B-CFF3-44F2-ABB7-DF89BC9F942B,8506E09D-4537-4018-BAF3-E8A3410D54AE,C34150,1,2026-09-16 07:43:59.517,,15/09/2026,15/09/2026,backup printer,20260915,20260915,,,,,,0.00,16.00,30.00,18.00,30.00,2.00,0.00,0.00,2.00,0.00,AAAAAAAA-AAAA-AAAA-AAAA-AAAAAAAAAAAA,1,OT_SYSTEM,16.00,30.00,18.00,30.00,2.00,0.00,RQ2026-004837,2026-09-16 07:43:59.517,backup printer,,0,0,,,,5136c757-dcd0-48e4-9328-c9334606e2d9,M00225,,,,NULL,NULL,NULL,NULL,NULL,NULL,0,0,0,0,FFFFFFFF-FFFF-FFFF-FFFF-FFFFFFFFFFFF,,0,0,00:00,00:00
5CAC65D8-EF71-498B-A3FD-EB04E4B166CA,8506E09D-4537-4018-BAF3-E8A3410D54AE,M00526,1,2026-09-16 07:44:25.627,,03/09/2026,03/09/2026,ลงโน๊ตบุ๊คครับ,20260903,20260903,,,,,,0.00,16.00,30.00,18.00,30.00,2.00,0.00,0.00,2.00,0.00,AAAAAAAA-AAAA-AAAA-AAAA-AAAAAAAAAAAA,1,OT_SYSTEM,16.00,30.00,18.00,30.00,2.00,0.00,RQ2026-004838,2026-09-16 07:44:25.627,ลงโน๊ตบุ๊คครับ,,0,0,,,,5136c757-dcd0-48e4-9328-c9334606e2d9,M00225,,,,NULL,NULL,NULL,NULL,NULL,NULL,0,0,0,0,FFFFFFFF-FFFF-FFFF-FFFF-FFFFFFFFFFFF,,0,0,00:00,00:00
EC560C64-08FC-4363-B6DA-6C7A85E8198C,8506E09D-4537-4018-BAF3-E8A3410D54AE,M00526,1,2026-09-16 07:45:08.507,,10/09/2026,10/09/2026,ลงคอมครับ,20260910,20260910,,,,,,0.00,16.00,30.00,18.00,30.00,2.00,0.00,0.00,2.00,0.00,AAAAAAAA-AAAA-AAAA-AAAA-AAAAAAAAAAAA,1,OT_SYSTEM,16.00,30.00,18.00,30.00,2.00,0.00,RQ2026-004839,2026-09-16 07:45:08.507,ลงคอมครับ,,0,0,,,,5136c757-dcd0-48e4-9328-c9334606e2d9,M00225,,,,NULL,NULL,NULL,NULL,NULL,NULL,0,0,0,0,FFFFFFFF-FFFF-FFFF-FFFF-FFFFFFFFFFFF,,0,0,00:00,00:00
D7439D62-AFE3-4F08-A530-669F6CAB12AD,8506E09D-4537-4018-BAF3-E8A3410D54AE,M00526,1,2026-09-16 07:45:50.243,,14/09/2026,14/09/2026,ลงคอมครับ,20260914,20260914,,,,,,0.00,16.00,30.00,17.00,30.00,1.00,0.00,0.00,1.00,0.00,AAAAAAAA-AAAA-AAAA-AAAA-AAAAAAAAAAAA,1,OT_SYSTEM,16.00,30.00,17.00,30.00,1.00,0.00,RQ2026-004840,2026-09-16 07:45:50.243,ลงคอมครับ,,0,0,,,,5136c757-dcd0-48e4-9328-c9334606e2d9,M00225,,,,NULL,NULL,NULL,NULL,NULL,NULL,0,0,0,0,FFFFFFFF-FFFF-FFFF-FFFF-FFFFFFFFFFFF,,0,0,00:00,00:00
65703452-A8AD-4240-AC68-3C1FBB075AFB,8506E09D-4537-4018-BAF3-E8A3410D54AE,M00526,1,2026-09-16 07:46:21.230,,15/09/2026,15/09/2026,ลงคอมครับ,20260915,20260915,,,,,,0.00,16.00,30.00,18.00,30.00,2.00,0.00,0.00,2.00,0.00,AAAAAAAA-AAAA-AAAA-AAAA-AAAAAAAAAAAA,1,OT_SYSTEM,16.00,30.00,18.00,30.00,2.00,0.00,RQ2026-004841,2026-09-16 07:46:21.230,ลงคอมครับ,,0,0,,,,5136c757-dcd0-48e4-9328-c9334606e2d9,M00225,,,,NULL,NULL,NULL,NULL,NULL,NULL,0,0,0,0,FFFFFFFF-FFFF-FFFF-FFFF-FFFFFFFFFFFF,,0,0,00:00,00:00
A2DD851F-B0DC-4EB7-9489-18B7454C64C2,E6F30624-0EEC-4857-97DD-A684EB9958AB,C34997,1,2026-09-16 07:48:24.733,,03/09/2026,03/09/2026,ทำรับวางบิลค่ะ,20260903,20260903,,,,,,0.00,16.00,30.00,18.00,30.00,2.00,0.00,0.00,2.00,0.00,AAAAAAAA-AAAA-AAAA-AAAA-AAAAAAAAAAAA,1,OT_SYSTEM,16.00,30.00,18.00,30.00,2.00,0.00,RQ2026-004842,2026-09-16 07:48:24.733,ทำรับวางบิลค่ะ,,0,0,,,,e085af0e-feb8-4c04-a966-e43ede20e2e5,M00386,,,,NULL,NULL,NULL,NULL,NULL,NULL,0,0,0,0,FFFFFFFF-FFFF-FFFF-FFFF-FFFFFFFFFFFF,,0,0,00:00,00:00
0347B6F2-0262-4998-9123-0F92C7B1B6BB,E6F30624-0EEC-4857-97DD-A684EB9958AB,C34997,1,2026-09-16 07:50:00.587,,10/09/2026,10/09/2026,ทำค่าโทรศัพท์ค่ะ,20260910,20260910,,,,,,0.00,16.00,30.00,18.00,30.00,2.00,0.00,0.00,2.00,0.00,AAAAAAAA-AAAA-AAAA-AAAA-AAAAAAAAAAAA,1,OT_SYSTEM,16.00,30.00,18.00,30.00,2.00,0.00,RQ2026-004843,2026-09-16 07:50:00.587,ทำค่าโทรศัพท์ค่ะ,,0,0,,,,e085af0e-feb8-4c04-a966-e43ede20e2e5,M00386,,,,NULL,NULL,NULL,NULL,NULL,NULL,0,0,0,0,FFFFFFFF-FFFF-FFFF-FFFF-FFFFFFFFFFFF,,0,0,00:00,00:00
E41AA23E-B4C1-4DCB-908F-92AD3FFC5861,E6F30624-0EEC-4857-97DD-A684EB9958AB,C34997,1,2026-09-16 07:51:36.433,,11/09/2026,11/09/2026,ทำวางบิลค่ะ,20260911,20260911,,,,,,0.00,16.00,30.00,17.00,30.00,1.00,0.00,0.00,1.00,0.00,AAAAAAAA-AAAA-AAAA-AAAA-AAAAAAAAAAAA,1,OT_SYSTEM,16.00,30.00,17.00,30.00,1.00,0.00,RQ2026-004844,2026-09-16 07:51:36.433,ทำวางบิลค่ะ,,0,0,,,,e085af0e-feb8-4c04-a966-e43ede20e2e5,M00386,,,,NULL,NULL,NULL,NULL,NULL,NULL,0,0,0,0,FFFFFFFF-FFFF-FFFF-FFFF-FFFFFFFFFFFF,,0,0,00:00,00:00
E8011C1F-C9E5-4D7F-B05B-E456A20DBD35,E6F30624-0EEC-4857-97DD-A684EB9958AB,C34997,1,2026-09-16 07:53:13.033,,14/09/2026,14/09/2026,ทำค่าโทรศัพท์ค่ะ,20260914,20260914,,,,,,0.00,16.00,30.00,17.00,30.00,1.00,0.00,0.00,1.00,0.00,AAAAAAAA-AAAA-AAAA-AAAA-AAAAAAAAAAAA,1,OT_SYSTEM,16.00,30.00,17.00,30.00,1.00,0.00,RQ2026-004845,2026-09-16 07:53:13.033,ทำค่าโทรศัพท์ค่ะ,,0,0,,,,e085af0e-feb8-4c04-a966-e43ede20e2e5,M00386,,,,NULL,NULL,NULL,NULL,NULL,NULL,0,0,0,0,FFFFFFFF-FFFF-FFFF-FFFF-FFFFFFFFFFFF,,0,0,00:00,00:00
3A312375-878D-42CA-9784-9AA72D92BDD8,E6F30624-0EEC-4857-97DD-A684EB9958AB,C34997,1,2026-09-16 07:57:19.500,,15/09/2026,15/09/2026,ทำค่าโทรศัพท์ค่ะ,20260915,20260915,,,,,,0.00,16.00,30.00,18.00,30.00,2.00,0.00,0.00,2.00,0.00,AAAAAAAA-AAAA-AAAA-AAAA-AAAAAAAAAAAA,1,OT_SYSTEM,16.00,30.00,18.00,30.00,2.00,0.00,RQ2026-004846,2026-09-16 07:57:19.500,ทำค่าโทรศัพท์ค่ะ,,0,0,,,,e085af0e-feb8-4c04-a966-e43ede20e2e5,M00386,,,,NULL,NULL,NULL,NULL,NULL,NULL,0,0,0,0,FFFFFFFF-FFFF-FFFF-FFFF-FFFFFFFFFFFF,,0,0,00:00,00:00
1C56BE8C-00C4-4109-8ED4-D8315A84091B,E4069CE4-F59A-41D3-9F6B-FDEAA104B033,M00451,1,2026-09-16 08:16:35.570,,05/09/2026,,ทำธุระส่วนตัว,20260905,,,0,,,,3.00,13.00,0.00,16.00,30.00,3.00,30.00,0.00,0.00,0.00,22222222-2222-2222-2222-222222222222,1,LEAVE_SYSTEM,13.00,0.00,16.00,30.00,3.00,30.00,RQ2026-004847,2026-09-16 08:16:35.570,ทำธุระส่วนตัว,,0,0,,,Processed via mobile app,5136c757-dcd0-48e4-9328-c9334606e2d9,M00225,,,,NULL,NULL,NULL,NULL,NULL,NULL,0,0,0,0,FFFFFFFF-FFFF-FFFF-FFFF-FFFFFFFFFFFF,2026,0,0,00:00,00:00
4C26A2D3-0573-45DB-B1E3-781B2A1BD8E8,0A496725-7263-4F0A-969A-705EC7706EF6,M00373,1,2026-09-16 09:03:47.037,,03/09/2026,03/09/2026,ทำเอกสาร,20260903,20260903,,,,,,0.00,16.00,30.00,20.00,0.00,3.00,30.00,0.00,3.50,0.00,AAAAAAAA-AAAA-AAAA-AAAA-AAAAAAAAAAAA,1,OT_SYSTEM,16.00,30.00,20.00,0.00,3.00,30.00,RQ2026-004848,2026-09-16 09:03:47.037,ทำเอกสาร,,0,0,,,Processed via mobile app,5136c757-dcd0-48e4-9328-c9334606e2d9,M00225,,,,NULL,NULL,NULL,NULL,NULL,NULL,0,0,0,0,FFFFFFFF-FFFF-FFFF-FFFF-FFFFFFFFFFFF,,0,0,00:00,00:00
23F3ED32-8E6E-4D8C-9325-7E11AAA1A75F,0A496725-7263-4F0A-969A-705EC7706EF6,M00373,1,2026-09-16 09:04:52.877,,14/09/2026,14/09/2026,ทำเอกสารอบรม 303,20260914,20260914,,,,,,0.00,16.00,30.00,18.00,30.00,2.00,0.00,0.00,2.00,0.00,AAAAAAAA-AAAA-AAAA-AAAA-AAAAAAAAAAAA,1,OT_SYSTEM,16.00,30.00,18.00,30.00,2.00,0.00,RQ2026-004849,2026-09-16 09:04:52.877,ทำเอกสารอบรม 303,,0,0,,,Processed via mobile app,5136c757-dcd0-48e4-9328-c9334606e2d9,M00225,,,,NULL,NULL,NULL,NULL,NULL,NULL,0,0,0,0,FFFFFFFF-FFFF-FFFF-FFFF-FFFFFFFFFFFF,,0,0,00:00,00:00
026C0573-42B6-4B11-A733-1F5D85A23422,E4069CE4-F59A-41D3-9F6B-FDEAA104B033,M00451,1,2026-09-16 09:06:41.960,,14/09/2026,14/09/2026,ทำหนังสือลงโทษพนักงาน,20260914,20260914,,,,,,0.00,16.00,30.00,18.00,30.00,2.00,0.00,0.00,2.00,0.00,AAAAAAAA-AAAA-AAAA-AAAA-AAAAAAAAAAAA,1,OT_SYSTEM,16.00,30.00,18.00,30.00,2.00,0.00,RQ2026-004850,2026-09-16 09:06:41.960,ทำหนังสือลงโทษพนักงาน,,0,0,,,Processed via mobile app,5136c757-dcd0-48e4-9328-c9334606e2d9,M00225,,,,NULL,NULL,NULL,NULL,NULL,NULL,0,0,0,0,FFFFFFFF-FFFF-FFFF-FFFF-FFFFFFFFFFFF,,0,0,00:00,00:00
72857C54-4C6D-4D09-A676-ED10B895B926,F485A7E5-688A-4020-8B2D-9BE26FB7C24E,C19693,1,2026-09-16 12:57:07.680,,16/09/2026,16/09/2026,จัดเตรียมอุปกรณ์นั่งร้าน,20260916,20260916,,,,,,0.00,16.00,30.00,18.00,30.00,2.00,0.00,0.00,2.00,1.00,AAAAAAAA-AAAA-AAAA-AAAA-AAAAAAAAAAAA,1,OT_SYSTEM,16.00,30.00,18.00,30.00,2.00,0.00,RQ2026-004852,2026-09-16 13:00:00.380,จัดเตรียมอุปกรณ์นั่งร้าน,,0,1.00,,,,56103f38-4371-4477-b504-3e23734a659b,M00028,,GN2026-00289,M00514,NULL,NULL,NULL,NULL,NULL,NULL,0,0,0,0,FFFFFFFF-FFFF-FFFF-FFFF-FFFFFFFFFFFF,NULL,0,0,00:00,00:00
098C1CD0-41FA-4186-A460-EB87C8F93DDF,F485A7E5-688A-4020-8B2D-9BE26FB7C24E,C28909,1,2026-09-16 12:57:07.727,,16/09/2026,16/09/2026,จัดเตรียมอุปกรณ์นั่งร้าน,20260916,20260916,,,,,,0.00,16.00,30.00,18.00,30.00,2.00,0.00,0.00,2.00,1.00,AAAAAAAA-AAAA-AAAA-AAAA-AAAAAAAAAAAA,1,OT_SYSTEM,16.00,30.00,18.00,30.00,2.00,0.00,RQ2026-004853,2026-09-16 13:00:00.513,จัดเตรียมอุปกรณ์นั่งร้าน,,0,1.00,,,,56103f38-4371-4477-b504-3e23734a659b,M00028,,GN2026-00289,M00514,NULL,NULL,NULL,NULL,NULL,NULL,0,0,0,0,FFFFFFFF-FFFF-FFFF-FFFF-FFFFFFFFFFFF,NULL,0,0,00:00,00:00
E9FEF070-11D6-46C2-96E2-6777746E895A,F485A7E5-688A-4020-8B2D-9BE26FB7C24E,C31319,1,2026-09-16 12:57:07.770,,16/09/2026,16/09/2026,จัดเตรียมอุปกรณ์นั่งร้าน,20260916,20260916,,,,,,0.00,16.00,30.00,18.00,30.00,2.00,0.00,0.00,2.00,1.00,AAAAAAAA-AAAA-AAAA-AAAA-AAAAAAAAAAAA,1,OT_SYSTEM,16.00,30.00,18.00,30.00,2.00,0.00,RQ2026-004854,2026-09-16 13:00:00.600,จัดเตรียมอุปกรณ์นั่งร้าน,,0,1.00,,,,56103f38-4371-4477-b504-3e23734a659b,M00028,,GN2026-00289,M00514,NULL,NULL,NULL,NULL,NULL,NULL,0,0,0,0,FFFFFFFF-FFFF-FFFF-FFFF-FFFFFFFFFFFF,NULL,0,0,00:00,00:00
88A5C1FD-6B10-4C71-B0D3-F37528EE0120,F485A7E5-688A-4020-8B2D-9BE26FB7C24E,F00033,1,2026-09-16 12:57:07.800,,16/09/2026,16/09/2026,จัดเตรียมอุปกรณ์นั่งร้าน,20260916,20260916,,,,,,0.00,16.00,30.00,18.00,30.00,2.00,0.00,0.00,2.00,1.00,AAAAAAAA-AAAA-AAAA-AAAA-AAAAAAAAAAAA,1,OT_SYSTEM,16.00,30.00,18.00,30.00,2.00,0.00,RQ2026-004855,2026-09-16 13:00:00.687,จัดเตรียมอุปกรณ์นั่งร้าน,,0,1.00,,,,56103f38-4371-4477-b504-3e23734a659b,M00028,,GN2026-00289,M00514,NULL,NULL,NULL,NULL,NULL,NULL,0,0,0,0,FFFFFFFF-FFFF-FFFF-FFFF-FFFFFFFFFFFF,NULL,0,0,00:00,00:00
1254840C-E3D9-4931-9280-43B19697633F,F485A7E5-688A-4020-8B2D-9BE26FB7C24E,F00034,1,2026-09-16 12:57:07.827,,16/09/2026,16/09/2026,จัดเตรียมอุปกรณ์นั่งร้าน,20260916,20260916,,,,,,0.00,16.00,30.00,18.00,30.00,2.00,0.00,0.00,2.00,1.00,AAAAAAAA-AAAA-AAAA-AAAA-AAAAAAAAAAAA,1,OT_SYSTEM,16.00,30.00,18.00,30.00,2.00,0.00,RQ2026-004856,2026-09-16 13:00:00.773,จัดเตรียมอุปกรณ์นั่งร้าน,,0,1.00,,,,56103f38-4371-4477-b504-3e23734a659b,M00028,,GN2026-00289,M00514,NULL,NULL,NULL,NULL,NULL,NULL,0,0,0,0,FFFFFFFF-FFFF-FFFF-FFFF-FFFFFFFFFFFF,NULL,0,0,00:00,00:00
B340DFE4-C848-4ACD-8E48-CA2C1298AB3D,F485A7E5-688A-4020-8B2D-9BE26FB7C24E,F00037,1,2026-09-16 12:57:07.857,,16/09/2026,16/09/2026,จัดเตรียมอุปกรณ์นั่งร้าน,20260916,20260916,,,,,,0.00,16.00,30.00,18.00,30.00,2.00,0.00,0.00,2.00,1.00,AAAAAAAA-AAAA-AAAA-AAAA-AAAAAAAAAAAA,1,OT_SYSTEM,16.00,30.00,18.00,30.00,2.00,0.00,RQ2026-004857,2026-09-16 13:00:00.850,จัดเตรียมอุปกรณ์นั่งร้าน,,0,1.00,,,,56103f38-4371-4477-b504-3e23734a659b,M00028,,GN2026-00289,M00514,NULL,NULL,NULL,NULL,NULL,NULL,0,0,0,0,FFFFFFFF-FFFF-FFFF-FFFF-FFFFFFFFFFFF,NULL,0,0,00:00,00:00
1CBCF42B-C78F-4F35-A05F-F88F415C69BD,F485A7E5-688A-4020-8B2D-9BE26FB7C24E,F00038,1,2026-09-16 12:57:07.890,,16/09/2026,16/09/2026,จัดเตรียมอุปกรณ์นั่งร้าน,20260916,20260916,,,,,,0.00,16.00,30.00,18.00,30.00,2.00,0.00,0.00,2.00,1.00,AAAAAAAA-AAAA-AAAA-AAAA-AAAAAAAAAAAA,1,OT_SYSTEM,16.00,30.00,18.00,30.00,2.00,0.00,RQ2026-004858,2026-09-16 13:00:00.930,จัดเตรียมอุปกรณ์นั่งร้าน,,0,1.00,,,,56103f38-4371-4477-b504-3e23734a659b,M00028,,GN2026-00289,M00514,NULL,NULL,NULL,NULL,NULL,NULL,0,0,0,0,FFFFFFFF-FFFF-FFFF-FFFF-FFFFFFFFFFFF,NULL,0,0,00:00,00:00
72D7067E-7A1D-4AE8-A2BA-0E2EA217089F,F485A7E5-688A-4020-8B2D-9BE26FB7C24E,F00043,1,2026-09-16 12:57:07.920,,16/09/2026,16/09/2026,จัดเตรียมอุปกรณ์นั่งร้าน,20260916,20260916,,,,,,0.00,16.00,30.00,18.00,30.00,2.00,0.00,0.00,2.00,1.00,AAAAAAAA-AAAA-AAAA-AAAA-AAAAAAAAAAAA,1,OT_SYSTEM,16.00,30.00,18.00,30.00,2.00,0.00,RQ2026-004859,2026-09-16 13:00:01.013,จัดเตรียมอุปกรณ์นั่งร้าน,,0,1.00,,,,56103f38-4371-4477-b504-3e23734a659b,M00028,,GN2026-00289,M00514,NULL,NULL,NULL,NULL,NULL,NULL,0,0,0,0,FFFFFFFF-FFFF-FFFF-FFFF-FFFFFFFFFFFF,NULL,0,0,00:00,00:00
6441637B-46B4-4B34-BA5B-AB8EF386F037,F485A7E5-688A-4020-8B2D-9BE26FB7C24E,M00514,1,2026-09-16 12:57:36.973,,16/09/2026,16/09/2026,ทำเอกสารนั่งร้าน,20260916,20260916,,,,,,0.00,16.00,30.00,18.00,30.00,2.00,0.00,0.00,2.00,0.00,AAAAAAAA-AAAA-AAAA-AAAA-AAAAAAAAAAAA,1,OT_SYSTEM,16.00,30.00,18.00,30.00,2.00,0.00,RQ2026-004851,2026-09-16 12:57:36.973,ทำเอกสารนั่งร้าน,,0,0,,,,56103f38-4371-4477-b504-3e23734a659b,M00028,,,,NULL,NULL,NULL,NULL,NULL,NULL,0,0,0,0,FFFFFFFF-FFFF-FFFF-FFFF-FFFFFFFFFFFF,,0,0,00:00,00:00
74E25A0F-481A-42D6-9AAA-F6B17E5E3C11,349D5B6C-7888-420C-8D9A-5A056A2F60F6,C29012,1,2026-09-16 14:37:44.947,,16/09/2026,16/09/2026,,20260916,20260916,,,,,,0.00,16.00,30.00,17.00,30.00,1.00,0.00,0.00,1.00,0.00,AAAAAAAA-AAAA-AAAA-AAAA-AAAAAAAAAAAA,1,OT_SYSTEM,16.00,30.00,17.00,30.00,1.00,0.00,RQ2026-004860,2026-09-16 14:37:44.947,,,0,0,,,,56103f38-4371-4477-b504-3e23734a659b,M00028,,,,NULL,NULL,NULL,NULL,NULL,NULL,0,0,0,0,FFFFFFFF-FFFF-FFFF-FFFF-FFFFFFFFFFFF,,0,0,00:00,00:00
84F19992-5F9D-4674-B395-31A2521469D7,349D5B6C-7888-420C-8D9A-5A056A2F60F6,C31907,1,2026-09-16 17:23:31.063,,16/09/2026,16/09/2026,สร้างไอคอน IMS เพิ่มอีกรูปแบบสำหรับไม่ตัดเส้นสีดำ,20260916,20260916,,,,,,0.00,16.00,30.00,17.00,30.00,1.00,0.00,0.00,1.00,0.00,AAAAAAAA-AAAA-AAAA-AAAA-AAAAAAAAAAAA,1,OT_SYSTEM,16.00,30.00,17.00,30.00,1.00,0.00,RQ2026-004861,2026-09-16 17:23:31.063,สร้างไอคอน IMS เพิ่มอีกรูปแบบสำหรับไม่ตัดเส้นสีดำ,,0,0,,,,56103f38-4371-4477-b504-3e23734a659b,M00028,,,,NULL,NULL,NULL,NULL,NULL,NULL,0,0,0,0,FFFFFFFF-FFFF-FFFF-FFFF-FFFFFFFFFFFF,,0,0,00:00,00:00
1AC080A6-5764-4F2F-9505-6A4DFE30EB6B,E6F30624-0EEC-4857-97DD-A684EB9958AB,M00070,0,2026-09-16 17:54:18.560,,16/09/2026,16/09/2026,รับส่งพนักงานต่างด้าว,20260916,20260916,,,,,,0.00,16.00,30.00,18.00,30.00,2.00,0.00,0.00,0.00,0.00,AAAAAAAA-AAAA-AAAA-AAAA-AAAAAAAAAAAA,1,OT_SYSTEM,16.00,30.00,18.00,30.00,2.00,0.00,RQ2026-004862,2026-09-16 17:54:18.560,รับส่งพนักงานต่างด้าว,,0,0,,,NULL,NULL,NULL,,,,NULL,NULL,NULL,NULL,NULL,NULL,0,0,0,0,FFFFFFFF-FFFF-FFFF-FFFF-FFFFFFFFFFFF,,0,0,00:00,00:00
3A24ADAA-4B1C-47C5-AC45-EF0DF3BDF55A,0A496725-7263-4F0A-969A-705EC7706EF6,M00373,0,2026-09-16 17:57:46.473,,16/09/2026,16/09/2026,งาน 303 302,20260916,20260916,,,,,,0.00,16.00,30.00,18.00,30.00,2.00,0.00,0.00,0.00,0.00,AAAAAAAA-AAAA-AAAA-AAAA-AAAAAAAAAAAA,1,OT_SYSTEM,16.00,30.00,18.00,30.00,2.00,0.00,RQ2026-004863,2026-09-16 17:57:46.473,งาน 303 302,,0,0,,,NULL,NULL,NULL,,,,NULL,NULL,NULL,NULL,NULL,NULL,0,0,0,0,FFFFFFFF-FFFF-FFFF-FFFF-FFFFFFFFFFFF,,0,0,00:00,00:00
A8F957CE-25CF-4E6F-8870-BA6C657C3C71,E6F30624-0EEC-4857-97DD-A684EB9958AB,M00394,0,2026-09-16 18:16:10.187,,16/09/2026,16/09/2026,"เชครายการ การสั่งยาย้อนหลัง 3 เดือน ของไซต์ ",20260916,20260916,,,,,,0.00,16.00,30.00,18.00,30.00,2.00,0.00,0.00,0.00,0.00,AAAAAAAA-AAAA-AAAA-AAAA-AAAAAAAAAAAA,1,OT_SYSTEM,16.00,30.00,18.00,30.00,2.00,0.00,RQ2026-004864,2026-09-16 18:16:10.187,"เชครายการ การสั่งยาย้อนหลัง 3 เดือน ของไซต์ ",,0,0,,,NULL,NULL,NULL,,,,NULL,NULL,NULL,NULL,NULL,NULL,0,0,0,0,FFFFFFFF-FFFF-FFFF-FFFF-FFFFFFFFFFFF,,0,0,00:00,00:00
