C00077,20260914,nSickLeave,1,Insert,Application,2026-09-15 14:05:38.513,1,มีใบแพทย์,{5C58DC69-419F-417A-8F97-7EEB0F07D0A4},NULL,NULL
C07562,20260914,nSickLeave,1,Insert,Application,2026-09-08 16:54:17.800,1,ลูกหนูบาดแขนขวา มีใบแพทย์,{5C58DC69-419F-417A-8F97-7EEB0F07D0A4},NULL,NULL
C15971,20260914,nPersonalLeave,1,Insert,Application,2026-09-15 14:16:53.437,1,ลาต่อเนื่อง,{5C58DC69-419F-417A-8F97-7EEB0F07D0A4},NULL,NULL
C16620,20260916,nPersonalLeave,1,Insert,Application,2026-09-11 13:09:47.330,1,ทำธุระ,{83425AC6-441F-438E-9C1F-2E757D995FEE},NULL,NULL
C17183,20260914,nSickLeave,1,Insert,Application,2026-09-16 08:50:01.187,1,มีใบแพทย์,{83425AC6-441F-438E-9C1F-2E757D995FEE},NULL,NULL
C17448,20260914,nVacation,1,Insert,Application,2026-09-12 10:09:58.563,1,,{83425AC6-441F-438E-9C1F-2E757D995FEE},NULL,NULL
C17448,20260915,nVacation,1,Insert,Application,2026-09-12 10:09:58.913,1,,{83425AC6-441F-438E-9C1F-2E757D995FEE},NULL,NULL
C18538,20260914,nSickLeave,1,Insert,Application,2026-09-16 08:12:30.117,1,อุบัติเหตุจราจร มีใบแพทย์,{5C58DC69-419F-417A-8F97-7EEB0F07D0A4},NULL,NULL
C18538,20260915,nSickLeave,1,Insert,Application,2026-09-16 08:12:30.470,1,อุบัติเหตุจราจร มีใบแพทย์,{5C58DC69-419F-417A-8F97-7EEB0F07D0A4},NULL,NULL
C18538,20260916,nSickLeave,1,Insert,Application,2026-09-16 08:12:30.833,1,อุบัติเหตุจราจร มีใบแพทย์,{5C58DC69-419F-417A-8F97-7EEB0F07D0A4},NULL,NULL
C19457,20260916,nPersonalLeave,1,Insert,Application,2026-09-15 14:17:36.363,1,กลับตจว.,{5C58DC69-419F-417A-8F97-7EEB0F07D0A4},NULL,NULL
C19626,20260916,nVacation,1,Insert,Application,2026-09-12 14:56:05.763,1,,{5C58DC69-419F-417A-8F97-7EEB0F07D0A4},NULL,NULL
C19681,20260914,nSickLeave,1,Insert,Application,2026-09-15 10:06:42.457,1,มีใบแพทย์,{5C58DC69-419F-417A-8F97-7EEB0F07D0A4},NULL,NULL
C20025,20260914,nPersonalLeave,0,Insert,Application,2026-09-15 10:16:04.560,1,ทำธุระ,{83425AC6-441F-438E-9C1F-2E757D995FEE},NULL,NULL
C20695,20260914,nPersonalLeave,0,Insert,Application,2026-07-14 15:23:36.370,1,กลับตจว.ดูแลแม่,{5C58DC69-419F-417A-8F97-7EEB0F07D0A4},NULL,NULL
C20695,20260915,nPersonalLeave,0,Insert,Application,2026-07-14 15:23:40.100,1,กลับตจว.ดูแลแม่,{5C58DC69-419F-417A-8F97-7EEB0F07D0A4},NULL,NULL
C20695,20260916,nPersonalLeave,0,Insert,Application,2026-07-14 15:23:43.813,1,กลับตจว.ดูแลแม่,{5C58DC69-419F-417A-8F97-7EEB0F07D0A4},NULL,NULL
C20926,20260914,nSickLeave,1,Insert,Application,2026-09-16 08:17:49.207,1,ประสบอุบัติเหตุจยย. มีใบแพทย์,{5C58DC69-419F-417A-8F97-7EEB0F07D0A4},NULL,NULL
C20926,20260915,nSickLeave,1,Insert,Application,2026-09-16 08:17:49.707,1,ประสบอุบัติเหตุจยย. มีใบแพทย์,{5C58DC69-419F-417A-8F97-7EEB0F07D0A4},NULL,NULL
C20926,20260916,nSickLeave,1,Insert,Application,2026-09-16 08:17:50.393,1,ประสบอุบัติเหตุจยย. มีใบแพทย์,{5C58DC69-419F-417A-8F97-7EEB0F07D0A4},NULL,NULL
C22566,20260915,nSickLeave,1,Insert,Application,2026-09-15 14:16:27.460,1,มีใบแพทย์,{83425AC6-441F-438E-9C1F-2E757D995FEE},NULL,NULL
C24217,20260915,nPersonalLeave,1,Insert,Application,2026-09-08 13:30:57.260,1,ทำธุระ,{83425AC6-441F-438E-9C1F-2E757D995FEE},NULL,NULL
C24537,20260914,nPersonalLeave,0,Insert,Application,2026-09-14 10:14:36.600,1,ทำธุระ,{83425AC6-441F-438E-9C1F-2E757D995FEE},NULL,NULL
C25572,20260916,nPersonalLeave,1,Insert,Application,2026-09-16 09:09:58.460,1,ทำธุระ,{83425AC6-441F-438E-9C1F-2E757D995FEE},NULL,NULL
C25793,20260915,nPersonalLeave,0,Insert,Application,2026-09-15 18:02:45.563,1,กลับบ้าน,{83425AC6-441F-438E-9C1F-2E757D995FEE},NULL,NULL
C25793,20260916,nPersonalLeave,0,Insert,Application,2026-09-15 18:01:51.520,1,กลับบ้าน,{83425AC6-441F-438E-9C1F-2E757D995FEE},NULL,NULL
C25892,20260914,nSickLeave,1,Insert,Application,2026-09-16 08:46:49.053,1,มีใบแพทย์,{83425AC6-441F-438E-9C1F-2E757D995FEE},NULL,NULL
C25892,20260915,nSickLeave,1,Insert,Application,2026-09-16 08:46:49.363,1,มีใบแพทย์,{83425AC6-441F-438E-9C1F-2E757D995FEE},NULL,NULL
C26413,20260916,nVacation,1,Insert,Application,2026-09-12 13:56:37.973,1,,{83425AC6-441F-438E-9C1F-2E757D995FEE},NULL,NULL
C26819,20260914,nSickLeave,1,Insert,Application,2026-09-15 14:16:49.933,1,มีใบแพทย์,{83425AC6-441F-438E-9C1F-2E757D995FEE},NULL,NULL
C27087,20260915,nPersonalLeave,0,Insert,Application,2026-09-16 09:10:54.180,1,กลับบ้าน,{83425AC6-441F-438E-9C1F-2E757D995FEE},NULL,NULL
C27087,20260916,nPersonalLeave,0,Insert,Application,2026-09-16 09:11:12.940,1,กลับบ้าน,{83425AC6-441F-438E-9C1F-2E757D995FEE},NULL,NULL
C27200,20260914,nSickLeave,0,Insert,Application,2026-09-12 13:44:35.777,1,มีใบแพทย์(มะเร็งลำไส้ตรง),{83425AC6-441F-438E-9C1F-2E757D995FEE},NULL,NULL
C27200,20260915,nSickLeave,0,Insert,Application,2026-09-12 13:44:37.413,1,มีใบแพทย์(มะเร็งลำไส้ตรง),{83425AC6-441F-438E-9C1F-2E757D995FEE},NULL,NULL
C27200,20260916,nSickLeave,0,Insert,Application,2026-09-12 13:44:39.007,1,มีใบแพทย์(มะเร็งลำไส้ตรง),{83425AC6-441F-438E-9C1F-2E757D995FEE},NULL,NULL
C27911,20260915,nPersonalLeave,0,Insert,Application,2026-09-15 10:17:33.160,1,กลับบ้าน,{83425AC6-441F-438E-9C1F-2E757D995FEE},NULL,NULL
C27911,20260916,nPersonalLeave,0,Insert,Application,2026-09-15 10:17:33.477,1,กลับบ้าน,{83425AC6-441F-438E-9C1F-2E757D995FEE},NULL,NULL
C28332,20260914,nSickLeave,1,Insert,Application,2026-09-16 09:57:17.073,1,มีใบแพทย์,{83425AC6-441F-438E-9C1F-2E757D995FEE},NULL,NULL
C28332,20260915,nSickLeave,1,Insert,Application,2026-09-16 09:57:17.410,1,มีใบแพทย์,{83425AC6-441F-438E-9C1F-2E757D995FEE},NULL,NULL
C28587,20260914,L01,0,Insert,Application,2026-08-01 08:27:52.990,1,,{83425AC6-441F-438E-9C1F-2E757D995FEE},NULL,NULL
C28587,20260914,L01,1,Update,Application,2026-08-01 08:30:59.287,1,,{83425AC6-441F-438E-9C1F-2E757D995FEE},0,PayLeave
C28587,20260915,L01,0,Insert,Application,2026-08-01 08:27:54.757,1,,{83425AC6-441F-438E-9C1F-2E757D995FEE},NULL,NULL
C28587,20260915,L01,1,Update,Application,2026-08-01 08:30:59.773,1,,{83425AC6-441F-438E-9C1F-2E757D995FEE},0,PayLeave
C28587,20260916,L01,0,Insert,Application,2026-08-01 08:27:56.523,1,,{83425AC6-441F-438E-9C1F-2E757D995FEE},NULL,NULL
C28587,20260916,L01,1,Update,Application,2026-08-01 08:31:00.610,1,,{83425AC6-441F-438E-9C1F-2E757D995FEE},0,PayLeave
C28722,20260914,nPersonalLeave,0,Insert,Application,2026-09-14 15:46:31.593,1,ทำธุระ,{83425AC6-441F-438E-9C1F-2E757D995FEE},NULL,NULL
C28722,20260914,nPersonalLeave,1,Update,Application,2026-09-14 15:46:39.720,1,ทำธุระ,{83425AC6-441F-438E-9C1F-2E757D995FEE},0,PayLeave
C28722,20260915,nPersonalLeave,0,Insert,Application,2026-09-14 15:46:31.940,1,ทำธุระ,{83425AC6-441F-438E-9C1F-2E757D995FEE},NULL,NULL
C28722,20260915,nPersonalLeave,1,Update,Application,2026-09-14 15:46:40.120,1,ทำธุระ,{83425AC6-441F-438E-9C1F-2E757D995FEE},0,PayLeave
C28982,20260916,nPersonalLeave,1,Insert,Application,2026-09-15 18:01:18.933,1,หมอนัด,{83425AC6-441F-438E-9C1F-2E757D995FEE},NULL,NULL
C30072,20260915,nPersonalLeave,0,Insert,Application,2026-09-16 09:14:03.270,1,ทำธุระ,{83425AC6-441F-438E-9C1F-2E757D995FEE},NULL,NULL
C30072,20260915,nPersonalLeave,1,Update,Application,2026-09-16 09:14:27.463,1,ทำธุระ,{83425AC6-441F-438E-9C1F-2E757D995FEE},0,PayLeave
C30072,20260916,nPersonalLeave,0,Insert,Application,2026-09-16 09:14:03.623,1,ทำธุระ,{83425AC6-441F-438E-9C1F-2E757D995FEE},NULL,NULL
C30078,20260915,nPersonalLeave,1,Insert,Application,2026-09-16 09:12:58.877,1,ทำธุระ,{83425AC6-441F-438E-9C1F-2E757D995FEE},NULL,NULL
C30078,20260915,nPersonalLeave,1,Delete,Application,2026-09-16 09:13:23.473,4,NULL,{83425AC6-441F-438E-9C1F-2E757D995FEE},20260915,NULL
C30078,20260916,nPersonalLeave,1,Insert,Application,2026-09-16 09:12:59.240,1,ทำธุระ,{83425AC6-441F-438E-9C1F-2E757D995FEE},NULL,NULL
C30078,20260916,nPersonalLeave,1,Delete,Application,2026-09-16 09:13:28.947,4,NULL,{83425AC6-441F-438E-9C1F-2E757D995FEE},20260916,NULL
C30152,20260915,nPersonalLeave,0,Insert,Application,2026-09-16 09:14:52.723,1,ทำธุระ,{83425AC6-441F-438E-9C1F-2E757D995FEE},NULL,NULL
C30152,20260916,nPersonalLeave,0,Insert,Application,2026-09-16 09:14:53.067,1,ทำธุระ,{83425AC6-441F-438E-9C1F-2E757D995FEE},NULL,NULL
C30483,20260914,L01,1,Insert,Application,2026-08-26 16:15:56.237,1,,{83425AC6-441F-438E-9C1F-2E757D995FEE},NULL,NULL
C30483,20260915,L01,1,Insert,Application,2026-08-26 16:15:58.050,1,,{83425AC6-441F-438E-9C1F-2E757D995FEE},NULL,NULL
C30483,20260916,L01,1,Insert,Application,2026-08-26 16:15:59.863,1,,{83425AC6-441F-438E-9C1F-2E757D995FEE},NULL,NULL
C30616,20260914,nPersonalLeave,0,Insert,Application,2026-09-03 10:04:24.213,1,กลับบ้าน,{83425AC6-441F-438E-9C1F-2E757D995FEE},NULL,NULL
C30616,20260915,nPersonalLeave,0,Insert,Application,2026-09-03 10:04:26.083,1,กลับบ้าน,{83425AC6-441F-438E-9C1F-2E757D995FEE},NULL,NULL
C30616,20260916,nPersonalLeave,0,Insert,Application,2026-09-03 10:04:27.957,1,กลับบ้าน,{83425AC6-441F-438E-9C1F-2E757D995FEE},NULL,NULL
C31509,20260914,nSickLeave,1,Insert,Application,2026-09-16 10:00:45.483,1,มีใบแพทย์,{83425AC6-441F-438E-9C1F-2E757D995FEE},NULL,NULL
C31534,20260914,nPersonalLeave,0,Insert,Application,2026-09-15 14:04:03.117,1,ไปงานศพพ่อแฟน,{83425AC6-441F-438E-9C1F-2E757D995FEE},NULL,NULL
C31534,20260915,nPersonalLeave,0,Insert,Application,2026-09-15 14:04:03.487,1,ไปงานศพพ่อแฟน,{83425AC6-441F-438E-9C1F-2E757D995FEE},NULL,NULL
C31534,20260916,nPersonalLeave,0,Insert,Application,2026-09-15 14:04:03.850,1,ไปงานศพพ่อแฟน,{83425AC6-441F-438E-9C1F-2E757D995FEE},NULL,NULL
C31673,20260916,nVacation,1,Insert,Application,2026-09-14 15:41:42.353,1,,{83425AC6-441F-438E-9C1F-2E757D995FEE},NULL,NULL
C31709,20260915,nPersonalLeave,0,Insert,Application,2026-09-15 09:48:57.087,1,ตาเสียชีวิต,{5C58DC69-419F-417A-8F97-7EEB0F07D0A4},NULL,NULL
C31709,20260916,nPersonalLeave,0,Insert,Application,2026-09-15 09:48:57.747,1,ตาเสียชีวิต,{5C58DC69-419F-417A-8F97-7EEB0F07D0A4},NULL,NULL
C31737,20260914,nPersonalLeave,0,Insert,Application,2026-09-11 16:57:07.730,1,หมอนัด,{83425AC6-441F-438E-9C1F-2E757D995FEE},NULL,NULL
C31743,20260914,nSickLeave,1,Insert,Application,2026-09-15 14:17:55.580,1,มีใบแพทย์,{83425AC6-441F-438E-9C1F-2E757D995FEE},NULL,NULL
C31747,20260914,nPersonalLeave,0,Insert,Application,2026-09-14 15:44:19.990,1,กลับบ้าน,{83425AC6-441F-438E-9C1F-2E757D995FEE},NULL,NULL
C31752,20260914,nPersonalLeave,0,Insert,Application,2026-09-14 15:43:36.887,1,กลับบ้าน,{83425AC6-441F-438E-9C1F-2E757D995FEE},NULL,NULL
C31770,20260914,nPersonalLeave,1,Insert,Application,2026-09-14 15:43:04.783,1,กลับบ้าน,{83425AC6-441F-438E-9C1F-2E757D995FEE},NULL,NULL
C31770,20260915,nPersonalLeave,1,Insert,Application,2026-09-14 15:43:05.130,1,กลับบ้าน,{83425AC6-441F-438E-9C1F-2E757D995FEE},NULL,NULL
C31817,20260914,nSickLeave,1,Insert,Application,2026-09-16 08:47:36.693,1,มีใบแพทย์,{83425AC6-441F-438E-9C1F-2E757D995FEE},NULL,NULL
C31910,20260914,nSickLeave,0,Insert,Application,2026-09-14 08:35:14.590,1,มีใบแพทย์(นิ้วก้อยหัก),{83425AC6-441F-438E-9C1F-2E757D995FEE},NULL,NULL
C31910,20260914,nSickLeave,1,Update,Application,2026-09-14 08:36:03.037,1,มีใบแพทย์(นิ้วก้อยหัก),{83425AC6-441F-438E-9C1F-2E757D995FEE},0,PayLeave
C31910,20260915,nSickLeave,0,Insert,Application,2026-09-14 08:35:14.950,1,มีใบแพทย์(นิ้วก้อยหัก),{83425AC6-441F-438E-9C1F-2E757D995FEE},NULL,NULL
C31910,20260915,nSickLeave,1,Update,Application,2026-09-14 08:36:03.850,1,มีใบแพทย์(นิ้วก้อยหัก),{83425AC6-441F-438E-9C1F-2E757D995FEE},0,PayLeave
C31910,20260916,nSickLeave,0,Insert,Application,2026-09-14 08:35:17.760,1,มีใบแพทย์(นิ้วก้อยหัก),{83425AC6-441F-438E-9C1F-2E757D995FEE},NULL,NULL
C31975,20260914,nSickLeave,1,Insert,Application,2026-09-16 07:53:36.790,1,มีใบแพทย์(โควิด),{83425AC6-441F-438E-9C1F-2E757D995FEE},NULL,NULL
C31975,20260915,nSickLeave,1,Insert,Application,2026-09-16 07:53:37.223,1,มีใบแพทย์(โควิด),{83425AC6-441F-438E-9C1F-2E757D995FEE},NULL,NULL
C31975,20260916,nSickLeave,1,Insert,Application,2026-09-16 07:53:37.860,1,มีใบแพทย์(โควิด),{83425AC6-441F-438E-9C1F-2E757D995FEE},NULL,NULL
C31992,20260914,nSickLeave,1,Insert,Application,2026-09-16 09:57:40.857,1,มีใบแพทย์,{83425AC6-441F-438E-9C1F-2E757D995FEE},NULL,NULL
C32022,20260915,nPersonalLeave,0,Insert,Application,2026-09-12 13:36:26.813,1,ทำธุระ,{83425AC6-441F-438E-9C1F-2E757D995FEE},NULL,NULL
C32078,20260914,L01,1,Insert,Application,2026-09-14 08:44:42.930,1,คลอดบุตร,{5C58DC69-419F-417A-8F97-7EEB0F07D0A4},NULL,NULL
C32078,20260915,L01,1,Insert,Application,2026-09-14 08:44:43.270,1,คลอดบุตร,{5C58DC69-419F-417A-8F97-7EEB0F07D0A4},NULL,NULL
C32078,20260916,L01,1,Insert,Application,2026-09-14 08:44:44.897,1,คลอดบุตร,{5C58DC69-419F-417A-8F97-7EEB0F07D0A4},NULL,NULL
C32110,20260915,nPersonalLeave,1,Insert,Application,2026-09-12 15:47:03.780,1,ทำธุระ,{83425AC6-441F-438E-9C1F-2E757D995FEE},NULL,NULL
C32160,20260914,nPersonalLeave,0,Insert,Application,2026-09-09 10:28:53.203,1,ไปโอนที่ดินตจว.,{5C58DC69-419F-417A-8F97-7EEB0F07D0A4},NULL,NULL
C32160,20260915,nPersonalLeave,0,Insert,Application,2026-09-09 10:28:55.500,1,ไปโอนที่ดินตจว.,{5C58DC69-419F-417A-8F97-7EEB0F07D0A4},NULL,NULL
C32292,20260916,nPersonalLeave,0,Insert,Application,2026-09-16 09:51:30.900,1,กลับบ้าน,{83425AC6-441F-438E-9C1F-2E757D995FEE},NULL,NULL
C32310,20260915,nVacation,1,Insert,Application,2026-09-10 15:16:03.783,1,,{83425AC6-441F-438E-9C1F-2E757D995FEE},NULL,NULL
C32310,20260916,nVacation,1,Insert,Application,2026-09-10 15:16:05.330,1,,{83425AC6-441F-438E-9C1F-2E757D995FEE},NULL,NULL
C32340,20260914,nPersonalLeave,0,Insert,Application,2026-09-11 14:06:20.503,1,ไปสอบที่กรมแรงงาน,{83425AC6-441F-438E-9C1F-2E757D995FEE},NULL,NULL
C32340,20260915,nPersonalLeave,0,Insert,Application,2026-09-11 14:06:22.340,1,ไปสอบที่กรมแรงงาน,{83425AC6-441F-438E-9C1F-2E757D995FEE},NULL,NULL
C32340,20260916,nPersonalLeave,0,Insert,Application,2026-09-11 14:06:24.247,1,ไปสอบที่กรมแรงงาน,{83425AC6-441F-438E-9C1F-2E757D995FEE},NULL,NULL
C32342,20260914,nPersonalLeave,0,Insert,Application,2026-09-09 14:40:10.717,1,ไปอบรมฝีมือ,{83425AC6-441F-438E-9C1F-2E757D995FEE},NULL,NULL
C32342,20260915,nPersonalLeave,0,Insert,Application,2026-09-09 14:40:12.360,1,ไปอบรมฝีมือ,{83425AC6-441F-438E-9C1F-2E757D995FEE},NULL,NULL
C32342,20260916,nPersonalLeave,0,Insert,Application,2026-09-09 14:40:13.970,1,ไปอบรมฝีมือ,{83425AC6-441F-438E-9C1F-2E757D995FEE},NULL,NULL
C32490,20260915,nSickLeave,1,Insert,Application,2026-09-16 10:30:26.477,1,มีใบแพทย์,{83425AC6-441F-438E-9C1F-2E757D995FEE},NULL,NULL
C32490,20260916,nSickLeave,1,Insert,Application,2026-09-16 10:30:26.873,1,มีใบแพทย์,{83425AC6-441F-438E-9C1F-2E757D995FEE},NULL,NULL
C32506,20260914,nPersonalLeave,0,Insert,Application,2026-09-14 15:50:13.127,1,ทำธุระ,{83425AC6-441F-438E-9C1F-2E757D995FEE},NULL,NULL
C32520,20260916,nPersonalLeave,1,Insert,Application,2026-09-16 07:50:05.583,1,พาแฟนไปหาหมอ,{83425AC6-441F-438E-9C1F-2E757D995FEE},NULL,NULL
C32654,20260914,nSickLeave,1,Insert,Application,2026-09-16 09:15:37.337,1,หมอนัด,{83425AC6-441F-438E-9C1F-2E757D995FEE},NULL,NULL
C32663,20260915,nPersonalLeave,0,Insert,Application,2026-09-15 14:33:31.860,1,พาลูกไปฉีกวัคซีน,{5C58DC69-419F-417A-8F97-7EEB0F07D0A4},NULL,NULL
C32663,20260915,nPersonalLeave,0,Update,Application,2026-09-15 14:33:54.753,1,พาลูกไปฉีดวัคซีน,{5C58DC69-419F-417A-8F97-7EEB0F07D0A4},พาลูกไปฉีกวัคซีน,Reason
C32752,20260914,nSickLeave,1,Insert,Application,2026-09-16 08:23:45.920,1,มีใบแพทย์,{83425AC6-441F-438E-9C1F-2E757D995FEE},NULL,NULL
C32776,20260915,nPersonalLeave,0,Insert,Application,2026-09-15 10:22:36.307,1,ทำธุระ,{83425AC6-441F-438E-9C1F-2E757D995FEE},NULL,NULL
C32860,20260914,nPersonalLeave,0,Insert,Application,2026-09-12 13:37:06.633,1,กลับบ้าน,{83425AC6-441F-438E-9C1F-2E757D995FEE},NULL,NULL
C32860,20260915,nPersonalLeave,0,Insert,Application,2026-09-12 13:37:08.257,1,กลับบ้าน,{83425AC6-441F-438E-9C1F-2E757D995FEE},NULL,NULL
C32874,20260914,nPersonalLeave,0,Insert,Application,2026-09-12 13:37:44.087,1,กลับบ้าน,{83425AC6-441F-438E-9C1F-2E757D995FEE},NULL,NULL
C32874,20260915,nPersonalLeave,0,Insert,Application,2026-09-12 13:37:45.700,1,กลับบ้าน,{83425AC6-441F-438E-9C1F-2E757D995FEE},NULL,NULL
C32895,20260915,nPersonalLeave,0,Insert,Application,2026-09-14 08:20:18.897,1,ทำธุระ,{83425AC6-441F-438E-9C1F-2E757D995FEE},NULL,NULL
C32897,20260914,nVacation,1,Insert,Application,2026-09-09 17:02:06.250,1,,{83425AC6-441F-438E-9C1F-2E757D995FEE},NULL,NULL
C32932,20260914,nSickLeave,1,Insert,Application,2026-09-16 08:19:48.357,1,มีใบแพทย์,{5C58DC69-419F-417A-8F97-7EEB0F07D0A4},NULL,NULL
C32935,20260914,L01,0,Insert,Application,2026-06-16 08:43:16.590,1,,{83425AC6-441F-438E-9C1F-2E757D995FEE},NULL,NULL
C32935,20260915,L01,0,Insert,Application,2026-06-16 08:43:18.673,1,,{83425AC6-441F-438E-9C1F-2E757D995FEE},NULL,NULL
C32935,20260916,L01,0,Insert,Application,2026-06-16 08:43:20.500,1,,{83425AC6-441F-438E-9C1F-2E757D995FEE},NULL,NULL
C32964,20260915,nPersonalLeave,0,Insert,Application,2026-09-16 09:16:09.970,1,ฝนตกหนักมาทำงานไมได้,{83425AC6-441F-438E-9C1F-2E757D995FEE},NULL,NULL
C32967,20260914,nPersonalLeave,0,Insert,Application,2026-09-15 14:37:08.227,1,ไปทำธุระ,{5C58DC69-419F-417A-8F97-7EEB0F07D0A4},NULL,NULL
C32981,20260914,nPersonalLeave,0,Insert,Application,2026-09-15 14:38:26.180,1,รถพังยังซ่อมไม่เสร็จ,{5C58DC69-419F-417A-8F97-7EEB0F07D0A4},NULL,NULL
C32981,20260915,nPersonalLeave,0,Insert,Application,2026-09-15 14:38:26.543,1,รถพังยังซ่อมไม่เสร็จ,{5C58DC69-419F-417A-8F97-7EEB0F07D0A4},NULL,NULL
C33132,20260914,nSickLeave,1,Insert,Application,2026-09-16 08:24:57.497,1,มีใบแพทย์(ไข้หวัด),{83425AC6-441F-438E-9C1F-2E757D995FEE},NULL,NULL
C33148,20260915,nPersonalLeave,0,Insert,Application,2026-09-16 09:17:24.910,1,ฝนตกหนักมาทำงานไม่ได้,{83425AC6-441F-438E-9C1F-2E757D995FEE},NULL,NULL
C33176,20260915,nPersonalLeave,0,Insert,Application,2026-09-12 13:38:49.597,1,ทำธุระ,{83425AC6-441F-438E-9C1F-2E757D995FEE},NULL,NULL
C33261,20260914,nSickLeave,1,Insert,Application,2026-09-16 08:21:05.460,1,มีใบแพทย์,{5C58DC69-419F-417A-8F97-7EEB0F07D0A4},NULL,NULL
C33278,20260914,nSickLeave,1,Insert,Application,2026-09-16 08:26:39.640,1,มีใบแพทย์,{5C58DC69-419F-417A-8F97-7EEB0F07D0A4},NULL,NULL
C33283,20260914,nSickLeave,1,Insert,Application,2026-09-16 08:15:39.450,1,มีใบแพทย์,{5C58DC69-419F-417A-8F97-7EEB0F07D0A4},NULL,NULL
C33291,20260915,nPersonalLeave,0,Insert,Application,2026-09-14 10:22:43.187,1,ทำธุระ,{83425AC6-441F-438E-9C1F-2E757D995FEE},NULL,NULL
C33294,20260916,nVacation,1,Insert,Application,2026-09-12 13:57:29.750,1,,{83425AC6-441F-438E-9C1F-2E757D995FEE},NULL,NULL
C33312,20260915,nPersonalLeave,0,Insert,Application,2026-09-14 10:23:10.410,1,ทำธุระ,{83425AC6-441F-438E-9C1F-2E757D995FEE},NULL,NULL
C33348,20260914,nSickLeave,1,Insert,Application,2026-09-16 08:11:10.687,1,มีใบแพทย์,{5C58DC69-419F-417A-8F97-7EEB0F07D0A4},NULL,NULL
C33348,20260915,nSickLeave,1,Insert,Application,2026-09-16 08:11:11.047,1,มีใบแพทย์,{5C58DC69-419F-417A-8F97-7EEB0F07D0A4},NULL,NULL
C33349,20260914,nSickLeave,1,Insert,Application,2026-09-16 08:10:39.613,1,มีใบแพทย์,{5C58DC69-419F-417A-8F97-7EEB0F07D0A4},NULL,NULL
C33349,20260915,nSickLeave,1,Insert,Application,2026-09-16 08:10:39.977,1,มีใบแพทย์,{5C58DC69-419F-417A-8F97-7EEB0F07D0A4},NULL,NULL
C33387,20260914,nPersonalLeave,1,Insert,Application,2026-09-16 09:18:08.603,1,ทำธุระ,{83425AC6-441F-438E-9C1F-2E757D995FEE},NULL,NULL
C33418,20260914,nPersonalLeave,0,Insert,Application,2026-09-15 10:23:21.270,1,งานศพพ่อ(รอใบมรณะบัตร),{83425AC6-441F-438E-9C1F-2E757D995FEE},NULL,NULL
C33418,20260915,nPersonalLeave,0,Insert,Application,2026-09-15 10:23:21.593,1,งานศพพ่อ(รอใบมรณะบัตร),{83425AC6-441F-438E-9C1F-2E757D995FEE},NULL,NULL
C33418,20260916,nPersonalLeave,0,Insert,Application,2026-09-15 10:23:21.940,1,งานศพพ่อ(รอใบมรณะบัตร),{83425AC6-441F-438E-9C1F-2E757D995FEE},NULL,NULL
C33419,20260915,nVacation,1,Insert,Application,2026-09-10 15:20:23.020,1,,{83425AC6-441F-438E-9C1F-2E757D995FEE},NULL,NULL
C33419,20260916,nVacation,1,Insert,Application,2026-09-10 15:20:24.640,1,,{83425AC6-441F-438E-9C1F-2E757D995FEE},NULL,NULL
C33497,20260914,nSickLeave,0,Insert,Application,2026-09-16 10:01:09.513,1,ไม่มีใบแพทย์,{83425AC6-441F-438E-9C1F-2E757D995FEE},NULL,NULL
C33508,20260914,nSickLeave,1,Insert,Application,2026-09-15 10:39:08.753,1,มีใบแพทย์,{83425AC6-441F-438E-9C1F-2E757D995FEE},NULL,NULL
C33508,20260915,nSickLeave,1,Insert,Application,2026-09-15 10:39:09.140,1,มีใบแพทย์,{83425AC6-441F-438E-9C1F-2E757D995FEE},NULL,NULL
C33649,20260914,L01,0,Insert,Application,2026-07-16 08:10:13.720,1,,{83425AC6-441F-438E-9C1F-2E757D995FEE},NULL,NULL
C33649,20260915,L01,0,Insert,Application,2026-07-16 08:10:17.200,1,,{83425AC6-441F-438E-9C1F-2E757D995FEE},NULL,NULL
C33649,20260916,L01,0,Insert,Application,2026-07-16 08:10:21.040,1,,{83425AC6-441F-438E-9C1F-2E757D995FEE},NULL,NULL
C33656,20260914,nVacation,1,Insert,Application,2026-09-09 15:38:54.993,1,,{83425AC6-441F-438E-9C1F-2E757D995FEE},NULL,NULL
C33656,20260914,nVacation,1,Delete,Application,2026-09-09 16:37:27.227,4,NULL,{83425AC6-441F-438E-9C1F-2E757D995FEE},20260914,NULL
C33656,20260915,nVacation,1,Insert,Application,2026-09-09 15:38:58.500,1,,{83425AC6-441F-438E-9C1F-2E757D995FEE},NULL,NULL
C33656,20260915,nVacation,1,Delete,Application,2026-09-09 16:37:30.783,4,NULL,{83425AC6-441F-438E-9C1F-2E757D995FEE},20260915,NULL
C33667,20260914,nVacation,1,Insert,Application,2026-09-07 14:12:23.717,1,,{5C58DC69-419F-417A-8F97-7EEB0F07D0A4},NULL,NULL
C33667,20260915,nVacation,1,Insert,Application,2026-09-07 14:12:25.470,1,,{5C58DC69-419F-417A-8F97-7EEB0F07D0A4},NULL,NULL
C33796,20260914,nSickLeave,1,Insert,Application,2026-09-16 10:01:58.267,1,มีใบแพทย์,{83425AC6-441F-438E-9C1F-2E757D995FEE},NULL,NULL
C34005,20260915,nPersonalLeave,0,Insert,Application,2026-09-15 10:24:20.940,1,กลับบ้าน,{83425AC6-441F-438E-9C1F-2E757D995FEE},NULL,NULL
C34005,20260916,nPersonalLeave,0,Insert,Application,2026-09-15 10:24:21.300,1,กลับบ้าน,{83425AC6-441F-438E-9C1F-2E757D995FEE},NULL,NULL
C34035,20260916,nVacation,1,Insert,Application,2026-09-12 13:57:54.927,1,,{83425AC6-441F-438E-9C1F-2E757D995FEE},NULL,NULL
C34100,20260915,nPersonalLeave,0,Insert,Application,2026-09-14 10:23:32.753,1,ทำธุระ,{83425AC6-441F-438E-9C1F-2E757D995FEE},NULL,NULL
C34100,20260916,nPersonalLeave,0,Insert,Application,2026-09-14 10:23:34.600,1,ทำธุระ,{83425AC6-441F-438E-9C1F-2E757D995FEE},NULL,NULL
C34149,20260914,nVacation,1,Insert,Application,2026-09-10 17:15:01.610,1,,{83425AC6-441F-438E-9C1F-2E757D995FEE},NULL,NULL
C34149,20260915,nVacation,1,Insert,Application,2026-09-10 17:15:03.697,1,,{83425AC6-441F-438E-9C1F-2E757D995FEE},NULL,NULL
C34149,20260916,nPersonalLeave,0,Insert,Application,2026-09-10 16:15:43.170,1,อบรม,{83425AC6-441F-438E-9C1F-2E757D995FEE},NULL,NULL
C34168,20260914,nPersonalLeave,0,Insert,Application,2026-09-08 08:29:33.190,1,ไปงานรับปริญาลูก,{83425AC6-441F-438E-9C1F-2E757D995FEE},NULL,NULL
C34168,20260915,nPersonalLeave,0,Insert,Application,2026-09-08 08:29:34.913,1,ไปงานรับปริญาลูก,{83425AC6-441F-438E-9C1F-2E757D995FEE},NULL,NULL
C34168,20260916,nPersonalLeave,0,Insert,Application,2026-09-08 08:29:36.640,1,ไปงานรับปริญาลูก,{83425AC6-441F-438E-9C1F-2E757D995FEE},NULL,NULL
C34175,20260915,nVacation,1,Insert,Application,2026-09-10 17:15:27.617,1,,{83425AC6-441F-438E-9C1F-2E757D995FEE},NULL,NULL
C34175,20260916,nPersonalLeave,0,Insert,Application,2026-09-10 16:16:20.150,1,ทำธุระ,{83425AC6-441F-438E-9C1F-2E757D995FEE},NULL,NULL
C34186,20260914,nSickLeave,0,Insert,Application,2026-09-04 14:50:23.320,1,มีใบแพทย์(ท้องนอกมดลูก),{83425AC6-441F-438E-9C1F-2E757D995FEE},NULL,NULL
C34186,20260915,nSickLeave,0,Insert,Application,2026-09-04 14:50:25.063,1,มีใบแพทย์(ท้องนอกมดลูก),{83425AC6-441F-438E-9C1F-2E757D995FEE},NULL,NULL
C34186,20260916,nSickLeave,0,Insert,Application,2026-09-10 16:40:27.690,1,มีใบแพทย์(ผ่าตัดท่อนำไข่),{83425AC6-441F-438E-9C1F-2E757D995FEE},NULL,NULL
C34201,20260914,nPersonalLeave,0,Insert,Application,2026-09-15 10:14:28.617,1,รถเสีย,{83425AC6-441F-438E-9C1F-2E757D995FEE},NULL,NULL
C34205,20260914,nSickLeave,1,Insert,Application,2026-09-15 18:04:19.880,1,มีใบแพทย์,{83425AC6-441F-438E-9C1F-2E757D995FEE},NULL,NULL
C34205,20260914,nSickLeave,1,Insert,Application,2026-09-15 18:04:22.080,1,มีใบแพทย์,{83425AC6-441F-438E-9C1F-2E757D995FEE},NULL,NULL
C34218,20260914,nPersonalLeave,0,Insert,Application,2026-09-03 10:07:22.733,1,ทำธุระ,{83425AC6-441F-438E-9C1F-2E757D995FEE},NULL,NULL
C34218,20260915,nPersonalLeave,0,Insert,Application,2026-09-03 10:07:24.490,1,ทำธุระ,{83425AC6-441F-438E-9C1F-2E757D995FEE},NULL,NULL
C34218,20260916,nPersonalLeave,0,Insert,Application,2026-09-03 10:07:26.167,1,ทำธุระ,{83425AC6-441F-438E-9C1F-2E757D995FEE},NULL,NULL
C34247,20260914,L01,0,Insert,Application,2026-06-16 08:54:16.837,1,,{83425AC6-441F-438E-9C1F-2E757D995FEE},NULL,NULL
C34247,20260915,L01,0,Insert,Application,2026-06-16 08:54:18.570,1,,{83425AC6-441F-438E-9C1F-2E757D995FEE},NULL,NULL
C34247,20260916,L01,0,Insert,Application,2026-06-16 08:54:20.267,1,,{83425AC6-441F-438E-9C1F-2E757D995FEE},NULL,NULL
C34301,20260914,nPersonalLeave,1,Insert,Application,2026-09-14 08:54:06.230,1,กลับบ้าน,{83425AC6-441F-438E-9C1F-2E757D995FEE},NULL,NULL
C34301,20260915,L01,1,Insert,Application,2026-09-12 14:35:37.683,1,,{83425AC6-441F-438E-9C1F-2E757D995FEE},NULL,NULL
C34301,20260916,L01,1,Insert,Application,2026-09-12 14:35:39.260,1,,{83425AC6-441F-438E-9C1F-2E757D995FEE},NULL,NULL
C34558,20260914,nSickLeave,1,Insert,Application,2026-09-10 16:46:38.650,1,มีใบแพทย์(ผ่าตัด),{83425AC6-441F-438E-9C1F-2E757D995FEE},NULL,NULL
C34606,20260914,nPersonalLeave,0,Insert,Application,2026-09-15 09:52:56.710,1,ไปราชการเกี่ยวกับเอกสาร,{5C58DC69-419F-417A-8F97-7EEB0F07D0A4},NULL,NULL
C34705,20260914,L01,1,Insert,Application,2026-08-29 09:15:33.883,1,,{83425AC6-441F-438E-9C1F-2E757D995FEE},NULL,NULL
C34705,20260915,L01,1,Insert,Application,2026-08-29 09:15:35.477,1,,{83425AC6-441F-438E-9C1F-2E757D995FEE},NULL,NULL
C34705,20260916,L01,1,Insert,Application,2026-08-29 09:15:37.103,1,,{83425AC6-441F-438E-9C1F-2E757D995FEE},NULL,NULL
C34741,20260914,nSickLeave,0,Insert,Application,2026-09-14 09:38:49.687,1,ไม่มีใบแพทย์,{83425AC6-441F-438E-9C1F-2E757D995FEE},NULL,NULL
C34794,20260914,nSickLeave,1,Insert,Application,2026-09-15 10:25:22.377,1,มีใบแพทย์,{5C58DC69-419F-417A-8F97-7EEB0F07D0A4},NULL,NULL
C34794,20260914,nSickLeave,1,Delete,Application,2026-09-15 10:27:37.230,4,NULL,{5C58DC69-419F-417A-8F97-7EEB0F07D0A4},20260914,NULL
C34794,20260914,nSickLeave,1,Insert,Application,2026-09-15 10:28:03.437,1,มีใบแพทย์,{5C58DC69-419F-417A-8F97-7EEB0F07D0A4},NULL,NULL
C34866,20260914,nPersonalLeave,0,Insert,Application,2026-09-15 14:03:06.780,1,กลับบ้าน,{83425AC6-441F-438E-9C1F-2E757D995FEE},NULL,NULL
C34866,20260914,nPersonalLeave,0,Delete,Application,2026-09-16 08:49:02.960,4,NULL,{83425AC6-441F-438E-9C1F-2E757D995FEE},20260914,NULL
C34866,20260914,nSickLeave,0,Insert,Application,2026-09-16 08:49:28.560,1,แพทย์ไม่ได้ระบุให้หยุด,{83425AC6-441F-438E-9C1F-2E757D995FEE},NULL,NULL
C34918,20260914,nSickLeave,1,Insert,Application,2026-09-16 09:05:32.500,1,มีใบแพทย์(เส้นเอ็นอักเสบ),{83425AC6-441F-438E-9C1F-2E757D995FEE},NULL,NULL
C34918,20260915,nSickLeave,1,Insert,Application,2026-09-16 09:05:32.827,1,มีใบแพทย์(เส้นเอ็นอักเสบ),{83425AC6-441F-438E-9C1F-2E757D995FEE},NULL,NULL
C34918,20260916,nSickLeave,1,Insert,Application,2026-09-16 09:05:33.157,1,มีใบแพทย์(เส้นเอ็นอักเสบ),{83425AC6-441F-438E-9C1F-2E757D995FEE},NULL,NULL
C34934,20260914,nPersonalLeave,0,Insert,Application,2026-09-16 09:19:22.207,1,ทำธุระ,{83425AC6-441F-438E-9C1F-2E757D995FEE},NULL,NULL
C34948,20260916,nPersonalLeave,1,Insert,Application,2026-09-15 10:14:58.670,1,ทำธุระ,{83425AC6-441F-438E-9C1F-2E757D995FEE},NULL,NULL
C34949,20260914,nSickLeave,1,Insert,Application,2026-09-16 09:58:48.270,1,มีใบแพทย์,{83425AC6-441F-438E-9C1F-2E757D995FEE},NULL,NULL
C34970,20260915,nPersonalLeave,1,Insert,Application,2026-09-14 15:49:43.010,1,กลับบ้าน,{83425AC6-441F-438E-9C1F-2E757D995FEE},NULL,NULL
C34970,20260916,nPersonalLeave,1,Insert,Application,2026-09-14 15:49:44.670,1,กลับบ้าน,{83425AC6-441F-438E-9C1F-2E757D995FEE},NULL,NULL
C35005,20260914,nPersonalLeave,0,Insert,Application,2026-09-10 14:38:37.827,1,กลับบ้าน,{83425AC6-441F-438E-9C1F-2E757D995FEE},NULL,NULL
C35006,20260915,nPersonalLeave,0,Insert,Application,2026-09-16 09:48:33.690,1,ทำธุระ,{83425AC6-441F-438E-9C1F-2E757D995FEE},NULL,NULL
C35058,20260914,nSickLeave,1,Insert,Application,2026-09-16 08:17:46.970,1,มีใบแพทย์(เลือดออกช่องคลอด),{83425AC6-441F-438E-9C1F-2E757D995FEE},NULL,NULL
C35071,20260914,nSickLeave,1,Insert,Application,2026-09-16 08:15:06.930,1,มีใบแพทย์(รถล้ม),{83425AC6-441F-438E-9C1F-2E757D995FEE},NULL,NULL
C35071,20260915,nSickLeave,1,Insert,Application,2026-09-16 08:15:07.313,1,มีใบแพทย์(รถล้ม),{83425AC6-441F-438E-9C1F-2E757D995FEE},NULL,NULL
C35141,20260916,nPersonalLeave,0,Insert,Application,2026-09-14 15:47:20.130,1,พาแฟนไปหาหมอ,{83425AC6-441F-438E-9C1F-2E757D995FEE},NULL,NULL
C35149,20260914,nSickLeave,1,Insert,Application,2026-09-16 10:03:50.270,1,มีใบแพทย์,{83425AC6-441F-438E-9C1F-2E757D995FEE},NULL,NULL
C35279,20260914,nPersonalLeave,0,Insert,Application,2026-09-12 13:40:11.720,1,กลับบ้าน,{83425AC6-441F-438E-9C1F-2E757D995FEE},NULL,NULL
C35279,20260915,nPersonalLeave,0,Insert,Application,2026-09-12 13:40:13.300,1,กลับบ้าน,{83425AC6-441F-438E-9C1F-2E757D995FEE},NULL,NULL
C35337,20260914,nSickLeave,1,Insert,Application,2026-09-16 10:04:24.517,1,มีใบแพทย์,{83425AC6-441F-438E-9C1F-2E757D995FEE},NULL,NULL
C35355,20260915,nPersonalLeave,0,Insert,Application,2026-09-16 08:33:32.530,1,รถเสีย,{83425AC6-441F-438E-9C1F-2E757D995FEE},NULL,NULL
C35408,20260914,nSickLeave,1,Insert,Application,2026-09-16 10:04:50.280,1,มีใบแพทย์,{83425AC6-441F-438E-9C1F-2E757D995FEE},NULL,NULL
C35445,20260915,nPersonalLeave,0,Insert,Application,2026-09-08 13:33:34.280,1,ทำธุระ,{83425AC6-441F-438E-9C1F-2E757D995FEE},NULL,NULL
C35562,20260916,nPersonalLeave,0,Insert,Application,2026-09-12 13:41:25.273,1,กลับบ้าน,{83425AC6-441F-438E-9C1F-2E757D995FEE},NULL,NULL
C35562,20260916,nPersonalLeave,1,Update,Application,2026-09-12 13:41:34.577,1,กลับบ้าน,{83425AC6-441F-438E-9C1F-2E757D995FEE},0,PayLeave
C35612,20260914,nPersonalLeave,0,Insert,Application,2026-09-10 14:39:25.627,1,กลับไปดูแลพ่อ,{83425AC6-441F-438E-9C1F-2E757D995FEE},NULL,NULL
C35612,20260915,nPersonalLeave,0,Insert,Application,2026-09-10 14:39:27.787,1,กลับไปดูแลพ่อ,{83425AC6-441F-438E-9C1F-2E757D995FEE},NULL,NULL
C35612,20260916,nPersonalLeave,0,Insert,Application,2026-09-10 14:39:29.477,1,กลับไปดูแลพ่อ,{83425AC6-441F-438E-9C1F-2E757D995FEE},NULL,NULL
C35621,20260915,nPersonalLeave,0,Insert,Application,2026-09-14 15:48:57.220,1,ทำธุระ,{83425AC6-441F-438E-9C1F-2E757D995FEE},NULL,NULL
C35621,20260916,nPersonalLeave,0,Insert,Application,2026-09-14 15:49:01.350,1,ทำธุระ,{83425AC6-441F-438E-9C1F-2E757D995FEE},NULL,NULL
C35633,20260915,nSickLeave,1,Insert,Application,2026-09-16 08:26:22.960,1,มีใบแพทย์,{83425AC6-441F-438E-9C1F-2E757D995FEE},NULL,NULL
C35662,20260914,nPersonalLeave,0,Insert,Application,2026-09-14 08:58:01.913,1,กลับบ้าน,{83425AC6-441F-438E-9C1F-2E757D995FEE},NULL,NULL
C35662,20260914,nPersonalLeave,1,Update,Application,2026-09-14 09:45:55.447,1,กลับบ้าน,{83425AC6-441F-438E-9C1F-2E757D995FEE},0,PayLeave
C35701,20260915,nPersonalLeave,0,Insert,Application,2026-09-16 09:20:06.033,1,ฝนตกหนักมาทำงานไม่ได้,{83425AC6-441F-438E-9C1F-2E757D995FEE},NULL,NULL
C35805,20260914,nPersonalLeave,1,Insert,Application,2026-09-16 08:25:53.900,1,ทำธุระ,{83425AC6-441F-438E-9C1F-2E757D995FEE},NULL,NULL
C35907,20260914,nSickLeave,1,Insert,Application,2026-09-16 10:05:12.697,1,มีใบแพทย์,{83425AC6-441F-438E-9C1F-2E757D995FEE},NULL,NULL
C35937,20260914,nSickLeave,0,Insert,Application,2026-09-16 08:27:10.487,1,ไม่มีใบแพทย์,{5C58DC69-419F-417A-8F97-7EEB0F07D0A4},NULL,NULL
C36005,20260915,nPersonalLeave,0,Insert,Application,2026-09-16 09:21:40.920,1,ฝนตกหนักมาทำงานไม่ได้,{83425AC6-441F-438E-9C1F-2E757D995FEE},NULL,NULL
C36030,20260914,nSickLeave,1,Insert,Application,2026-09-16 08:50:28.917,1,มีใบแพทย์,{83425AC6-441F-438E-9C1F-2E757D995FEE},NULL,NULL
C36073,20260914,nSickLeave,1,Insert,Application,2026-09-16 08:26:13.780,1,มีใบแพทย์,{5C58DC69-419F-417A-8F97-7EEB0F07D0A4},NULL,NULL
C36166,20260915,nPersonalLeave,0,Insert,Application,2026-09-14 10:24:35.407,1,ทำธุระ,{83425AC6-441F-438E-9C1F-2E757D995FEE},NULL,NULL
C36216,20260915,nPersonalLeave,0,Insert,Application,2026-09-16 09:22:32.440,1,ฝนตกมาทำงานไม่ได้,{83425AC6-441F-438E-9C1F-2E757D995FEE},NULL,NULL
C36219,20260915,nPersonalLeave,0,Insert,Application,2026-09-16 09:24:05.257,1,ฝนตกมาทำงานไมได้,{83425AC6-441F-438E-9C1F-2E757D995FEE},NULL,NULL
C36228,20260914,nSickLeave,1,Insert,Application,2026-09-15 14:28:43.580,1,มีใบแพทย์(ข้อเอ็นอักเสบ),{83425AC6-441F-438E-9C1F-2E757D995FEE},NULL,NULL
C36228,20260915,nSickLeave,1,Insert,Application,2026-09-15 14:28:43.943,1,มีใบแพทย์(ข้อเอ็นอักเสบ),{83425AC6-441F-438E-9C1F-2E757D995FEE},NULL,NULL
C36228,20260916,nSickLeave,1,Insert,Application,2026-09-15 14:28:44.297,1,มีใบแพทย์(ข้อเอ็นอักเสบ),{83425AC6-441F-438E-9C1F-2E757D995FEE},NULL,NULL
C36247,20260914,nSickLeave,1,Insert,Application,2026-09-16 08:20:32.390,1,มีใบแพทย์,{5C58DC69-419F-417A-8F97-7EEB0F07D0A4},NULL,NULL
C36248,20260914,nSickLeave,1,Insert,Application,2026-09-15 10:42:03.527,1,มีใบแพทย์,{5C58DC69-419F-417A-8F97-7EEB0F07D0A4},NULL,NULL
C36255,20260914,nPersonalLeave,0,Insert,Application,2026-09-16 09:25:21.257,1,ทำธุระ,{83425AC6-441F-438E-9C1F-2E757D995FEE},NULL,NULL
C36302,20260915,nSickLeave,1,Insert,Application,2026-09-16 10:05:40.333,1,มีใบแพทย์,{83425AC6-441F-438E-9C1F-2E757D995FEE},NULL,NULL
C36468,20260914,nPersonalLeave,0,Insert,Application,2026-09-14 15:42:31.117,1,แม่ป่วย,{83425AC6-441F-438E-9C1F-2E757D995FEE},NULL,NULL
C36480,20260914,nSickLeave,1,Insert,Application,2026-09-16 09:59:22.133,1,มีใบแพทย์,{83425AC6-441F-438E-9C1F-2E757D995FEE},NULL,NULL
C36563,20260916,nPersonalLeave,1,Insert,Application,2026-09-16 09:53:03.050,1,ทำธุระ,{83425AC6-441F-438E-9C1F-2E757D995FEE},NULL,NULL
C36571,20260916,nPersonalLeave,1,Insert,Application,2026-09-16 09:53:25.590,1,ทำธุระ,{83425AC6-441F-438E-9C1F-2E757D995FEE},NULL,NULL
C36636,20260914,nPersonalLeave,0,Insert,Application,2026-09-12 13:42:03.997,1,กลับบ้าน,{83425AC6-441F-438E-9C1F-2E757D995FEE},NULL,NULL
C36636,20260914,nPersonalLeave,1,Update,Application,2026-09-12 13:42:13.797,1,กลับบ้าน,{83425AC6-441F-438E-9C1F-2E757D995FEE},0,PayLeave
C36636,20260915,nPersonalLeave,0,Insert,Application,2026-09-12 13:42:05.540,1,กลับบ้าน,{83425AC6-441F-438E-9C1F-2E757D995FEE},NULL,NULL
C36636,20260915,nPersonalLeave,1,Update,Application,2026-09-12 13:42:14.160,1,กลับบ้าน,{83425AC6-441F-438E-9C1F-2E757D995FEE},0,PayLeave
C36664,20260914,nSickLeave,0,Insert,Application,2026-09-16 10:00:19.823,1,ไม่มีใบแพทย์,{83425AC6-441F-438E-9C1F-2E757D995FEE},NULL,NULL
C36675,20260914,nPersonalLeave,1,Insert,Application,2026-09-10 14:45:23.497,1,กลับบ้าน,{83425AC6-441F-438E-9C1F-2E757D995FEE},NULL,NULL
C36675,20260915,nPersonalLeave,1,Insert,Application,2026-09-10 14:45:25.133,1,กลับบ้าน,{83425AC6-441F-438E-9C1F-2E757D995FEE},NULL,NULL
C36678,20260914,nPersonalLeave,0,Insert,Application,2026-09-15 09:58:16.270,1,ไปทำธุระ,{5C58DC69-419F-417A-8F97-7EEB0F07D0A4},NULL,NULL
C36686,20260915,nSickLeave,1,Insert,Application,2026-09-16 09:33:33.293,1,มีใบแพทย์,{83425AC6-441F-438E-9C1F-2E757D995FEE},NULL,NULL
C36708,20260914,nPersonalLeave,0,Insert,Application,2026-09-07 16:04:10.773,1,ทำธุระ,{83425AC6-441F-438E-9C1F-2E757D995FEE},NULL,NULL
C36762,20260914,nSickLeave,1,Insert,Application,2026-09-16 10:06:00.593,1,มีใบแพทย์,{83425AC6-441F-438E-9C1F-2E757D995FEE},NULL,NULL
C36769,20260915,nPersonalLeave,1,Insert,Application,2026-09-15 18:03:25.907,1,ทำธุระ,{83425AC6-441F-438E-9C1F-2E757D995FEE},NULL,NULL
C36817,20260914,nPersonalLeave,1,Insert,Application,2026-09-15 10:15:30.110,1,ทำธุระ,{83425AC6-441F-438E-9C1F-2E757D995FEE},NULL,NULL
C36819,20260915,nPersonalLeave,1,Insert,Application,2026-09-09 10:33:12.080,1,ทำธุระ,{5C58DC69-419F-417A-8F97-7EEB0F07D0A4},NULL,NULL
C36819,20260916,nPersonalLeave,1,Insert,Application,2026-09-09 10:33:15.220,1,ทำธุระ,{5C58DC69-419F-417A-8F97-7EEB0F07D0A4},NULL,NULL
C36923,20260916,nPersonalLeave,1,Insert,Application,2026-09-14 09:00:32.020,1,ทำธุระ,{83425AC6-441F-438E-9C1F-2E757D995FEE},NULL,NULL
C36928,20260914,nPersonalLeave,0,Insert,Application,2026-09-16 08:16:01.773,1,ดูแลแม่ป่วย,{83425AC6-441F-438E-9C1F-2E757D995FEE},NULL,NULL
C36928,20260915,nPersonalLeave,0,Insert,Application,2026-09-16 08:16:02.133,1,ดูแลแม่ป่วย,{83425AC6-441F-438E-9C1F-2E757D995FEE},NULL,NULL
C36928,20260916,nPersonalLeave,0,Insert,Application,2026-09-16 08:16:02.480,1,ดูแลแม่ป่วย,{83425AC6-441F-438E-9C1F-2E757D995FEE},NULL,NULL
C36930,20260914,nPersonalLeave,1,Insert,Application,2026-09-16 07:47:16.280,1,พาลูกไปหาหมอ,{83425AC6-441F-438E-9C1F-2E757D995FEE},NULL,NULL
C36930,20260915,nPersonalLeave,0,Insert,Application,2026-09-16 08:32:29.280,1,ลูกไม่สบาย,{83425AC6-441F-438E-9C1F-2E757D995FEE},NULL,NULL
C36930,20260915,nPersonalLeave,1,Update,Application,2026-09-16 08:32:34.847,1,ลูกไม่สบาย,{83425AC6-441F-438E-9C1F-2E757D995FEE},0,PayLeave
C36930,20260916,nPersonalLeave,0,Insert,Application,2026-09-16 08:32:29.617,1,ลูกไม่สบาย,{83425AC6-441F-438E-9C1F-2E757D995FEE},NULL,NULL
C36941,20260914,nSickLeave,1,Insert,Application,2026-09-16 10:06:56.463,1,มีใบแพทย์,{83425AC6-441F-438E-9C1F-2E757D995FEE},NULL,NULL
C37031,20260914,nSickLeave,1,Insert,Application,2026-09-14 08:41:42.217,1,มีใบแพทย์(หนองในเยื้อหุ้มปอด),{83425AC6-441F-438E-9C1F-2E757D995FEE},NULL,NULL
C37031,20260915,nSickLeave,1,Insert,Application,2026-09-16 09:07:22.190,1,มีใบแพทย์(ฝีในช่องเยื่อหุ้มปอด),{83425AC6-441F-438E-9C1F-2E757D995FEE},NULL,NULL
C37031,20260916,nSickLeave,1,Insert,Application,2026-09-16 09:07:22.530,1,มีใบแพทย์(ฝีในช่องเยื่อหุ้มปอด),{83425AC6-441F-438E-9C1F-2E757D995FEE},NULL,NULL
C37059,20260916,nPersonalLeave,1,Insert,Application,2026-09-15 09:58:44.157,1,ไปทำธุระตจว.,{5C58DC69-419F-417A-8F97-7EEB0F07D0A4},NULL,NULL
C37060,20260916,nPersonalLeave,1,Insert,Application,2026-09-15 09:59:16.590,1,ไปทำธุระตจว.,{5C58DC69-419F-417A-8F97-7EEB0F07D0A4},NULL,NULL
C37159,20260914,nPersonalLeave,1,Insert,Application,2026-09-16 07:47:50.037,1,เกิดอุบัติเหตุ,{83425AC6-441F-438E-9C1F-2E757D995FEE},NULL,NULL
C37180,20260914,nPersonalLeave,1,Insert,Application,2026-09-16 08:35:35.073,1,ทำธุระ,{83425AC6-441F-438E-9C1F-2E757D995FEE},NULL,NULL
F00022,20260914,nSickLeave,1,Insert,Application,2026-09-15 10:45:05.663,1,อุบัติเหตุแผลฉีกเท้าซ้าย มีใบแพทย์,{5C58DC69-419F-417A-8F97-7EEB0F07D0A4},NULL,NULL
F00022,20260915,nSickLeave,1,Insert,Application,2026-09-15 10:45:06.040,1,อุบัติเหตุแผลฉีกเท้าซ้าย มีใบแพทย์,{5C58DC69-419F-417A-8F97-7EEB0F07D0A4},NULL,NULL
F00027,20260914,nPersonalLeave,1,Insert,Application,2026-09-16 08:26:48.330,1,ทำธุระ,{83425AC6-441F-438E-9C1F-2E757D995FEE},NULL,NULL
F00082,20260915,nPersonalLeave,1,Insert,Application,2026-09-16 09:56:22.293,1,ทำธุระ,{83425AC6-441F-438E-9C1F-2E757D995FEE},NULL,NULL
F00082,20260916,nPersonalLeave,1,Insert,Application,2026-09-16 09:56:22.640,1,ทำธุระ,{83425AC6-441F-438E-9C1F-2E757D995FEE},NULL,NULL
F00095,20260915,nPersonalLeave,1,Insert,Application,2026-09-16 09:56:47.593,1,ทำธุระ,{83425AC6-441F-438E-9C1F-2E757D995FEE},NULL,NULL
F00095,20260916,nPersonalLeave,1,Insert,Application,2026-09-16 09:56:47.940,1,ทำธุระ,{83425AC6-441F-438E-9C1F-2E757D995FEE},NULL,NULL
M00241,20260914,L04,0,Insert,Application,2026-09-01 13:06:45.060,1,,{83425AC6-441F-438E-9C1F-2E757D995FEE},NULL,NULL
M00241,20260915,L04,0,Insert,Application,2026-09-01 13:06:45.433,1,,{83425AC6-441F-438E-9C1F-2E757D995FEE},NULL,NULL
M00241,20260916,L04,0,Insert,Application,2026-09-01 13:06:45.793,1,,{83425AC6-441F-438E-9C1F-2E757D995FEE},NULL,NULL
M00286,20260914,nVacation,0,Insert,Application,2026-09-07 16:45:16.760,1,,{83425AC6-441F-438E-9C1F-2E757D995FEE},NULL,NULL
M00286,20260914,nVacation,1,Update,Application,2026-09-07 16:45:21.777,1,,{83425AC6-441F-438E-9C1F-2E757D995FEE},0,PayLeave
M00286,20260915,nVacation,0,Insert,Application,2026-09-07 16:45:17.117,1,,{83425AC6-441F-438E-9C1F-2E757D995FEE},NULL,NULL
M00286,20260915,nVacation,1,Update,Application,2026-09-07 16:45:22.597,1,,{83425AC6-441F-438E-9C1F-2E757D995FEE},0,PayLeave
M00313,20260914,nPersonalLeave,1,Insert,Application,2026-09-16 09:55:29.797,1,ทำธุระ,{83425AC6-441F-438E-9C1F-2E757D995FEE},NULL,NULL
M00345,20260914,nPersonalLeave,1,Insert,Application,2026-09-14 09:01:51.283,1,ทำธุระ,{83425AC6-441F-438E-9C1F-2E757D995FEE},NULL,NULL
M00346,20260914,nSickLeave,1,Insert,Application,2026-09-15 18:05:15.490,1,ไม่มีใบแพทย์,{83425AC6-441F-438E-9C1F-2E757D995FEE},NULL,NULL
M00355,20260915,nPersonalLeave,1,Insert,Application,2026-09-08 13:47:22.987,1,พาแม่ไปหาหมอ,{83425AC6-441F-438E-9C1F-2E757D995FEE},NULL,NULL
M00442,20260915,nVacation,1,Insert,Application,2026-08-21 13:29:28.077,1,,{83425AC6-441F-438E-9C1F-2E757D995FEE},NULL,NULL
M00445,20260914,nVacation,0,Insert,Application,2026-09-09 08:36:48.890,1,,{83425AC6-441F-438E-9C1F-2E757D995FEE},NULL,NULL
M00445,20260914,nVacation,1,Update,Application,2026-09-09 08:36:54.603,1,,{83425AC6-441F-438E-9C1F-2E757D995FEE},0,PayLeave
M00445,20260915,nVacation,0,Insert,Application,2026-09-09 08:36:49.220,1,,{83425AC6-441F-438E-9C1F-2E757D995FEE},NULL,NULL
M00445,20260915,nVacation,1,Update,Application,2026-09-09 08:36:54.990,1,,{83425AC6-441F-438E-9C1F-2E757D995FEE},0,PayLeave
M00445,20260916,nVacation,0,Insert,Application,2026-09-09 08:36:49.563,1,,{83425AC6-441F-438E-9C1F-2E757D995FEE},NULL,NULL
M00445,20260916,nVacation,1,Update,Application,2026-09-09 08:36:55.560,1,,{83425AC6-441F-438E-9C1F-2E757D995FEE},0,PayLeave
M00450,20260914,nPersonalLeave,1,Insert,Application,2026-09-05 15:34:15.610,1,ทำธุระ,{83425AC6-441F-438E-9C1F-2E757D995FEE},NULL,NULL
M00466,20260914,nVacation,1,Insert,Application,2026-09-07 10:19:38.757,1,,{83425AC6-441F-438E-9C1F-2E757D995FEE},NULL,NULL
M00563,20260914,nSickLeave,1,Insert,Application,2026-09-15 18:05:50.703,1,ไม่มีใบแพทย์,{83425AC6-441F-438E-9C1F-2E757D995FEE},NULL,NULL
S0006,20260914,nSickLeave,1,Insert,Application,2026-09-16 11:05:56.297,1,ไม่มีใบแพทย์,{83425AC6-441F-438E-9C1F-2E757D995FEE},NULL,NULL
S0006,20260915,nSickLeave,1,Insert,Application,2026-09-16 11:05:56.650,1,ไม่มีใบแพทย์,{83425AC6-441F-438E-9C1F-2E757D995FEE},NULL,NULL
S0069,20260915,nSickLeave,1,Insert,Application,2026-09-16 10:36:28.060,1,มีใบแพทย์,{83425AC6-441F-438E-9C1F-2E757D995FEE},NULL,NULL
S0076,20260914,nVacation,1,Insert,Application,2026-08-27 13:47:56.453,1,,{83425AC6-441F-438E-9C1F-2E757D995FEE},NULL,NULL
S0076,20260914,nVacation,1,Delete,Application,2026-09-09 16:43:02.800,4,NULL,{5C58DC69-419F-417A-8F97-7EEB0F07D0A4},20260914,NULL
S0076,20260915,nVacation,1,Insert,Application,2026-08-27 13:47:57.053,1,,{83425AC6-441F-438E-9C1F-2E757D995FEE},NULL,NULL
S0076,20260915,nVacation,1,Delete,Application,2026-09-09 16:42:58.403,4,NULL,{5C58DC69-419F-417A-8F97-7EEB0F07D0A4},20260915,NULL
S0095,20260916,nPersonalLeave,0,Insert,Application,2026-09-15 15:41:13.290,1,ไปงานศพญาติ,{83425AC6-441F-438E-9C1F-2E757D995FEE},NULL,NULL
S0183,20260915,nSickLeave,1,Insert,Application,2026-09-16 11:06:56.400,1,มีใบแพทย์,{83425AC6-441F-438E-9C1F-2E757D995FEE},NULL,NULL
S0197,20260916,nPersonalLeave,0,Insert,Application,2026-09-14 15:40:01.367,1,หมอนัด,{83425AC6-441F-438E-9C1F-2E757D995FEE},NULL,NULL
S0228,20260915,nSickLeave,1,Insert,Application,2026-09-16 11:07:41.500,1,ไม่มีใบแพทย์,{83425AC6-441F-438E-9C1F-2E757D995FEE},NULL,NULL
S0242,20260915,nSickLeave,1,Insert,Application,2026-09-17 08:12:08.457,1,มีใบแพทย์,{83425AC6-441F-438E-9C1F-2E757D995FEE},NULL,NULL
W5196,20260915,nSickLeave,1,Insert,Application,2026-09-16 09:34:52.603,1,มีใบแพทย์,{83425AC6-441F-438E-9C1F-2E757D995FEE},NULL,NULL
W5196,20260916,nSickLeave,1,Insert,Application,2026-09-16 09:34:52.960,1,มีใบแพทย์,{83425AC6-441F-438E-9C1F-2E757D995FEE},NULL,NULL
W6097,20260914,nVacation,1,Insert,Application,2026-09-08 08:58:35.153,1,,{83425AC6-441F-438E-9C1F-2E757D995FEE},NULL,NULL
W6097,20260915,nVacation,1,Insert,Application,2026-09-08 08:58:36.793,1,,{83425AC6-441F-438E-9C1F-2E757D995FEE},NULL,NULL
W6097,20260916,nPersonalLeave,0,Insert,Application,2026-09-09 14:55:50.500,1,ทำธุระ,{83425AC6-441F-438E-9C1F-2E757D995FEE},NULL,NULL
W6107,20260914,nVacation,1,Insert,Application,2026-09-09 15:41:56.243,1,,{83425AC6-441F-438E-9C1F-2E757D995FEE},NULL,NULL
W6190,20260915,nVacation,1,Insert,Application,2026-09-09 13:32:59.080,1,,{5C58DC69-419F-417A-8F97-7EEB0F07D0A4},NULL,NULL
W6190,20260916,nVacation,1,Insert,Application,2026-09-09 13:33:00.713,1,,{5C58DC69-419F-417A-8F97-7EEB0F07D0A4},NULL,NULL
W6202,20260914,nSickLeave,1,Insert,Application,2026-09-16 08:45:56.890,1,มีใบแพทย์,{83425AC6-441F-438E-9C1F-2E757D995FEE},NULL,NULL
W6221,20260914,nSickLeave,1,Insert,Application,2026-09-16 10:07:19.370,1,มีใบแพทย์,{83425AC6-441F-438E-9C1F-2E757D995FEE},NULL,NULL
W6237,20260914,nSickLeave,1,Insert,Application,2026-09-16 08:50:56.717,1,มีใบแพทย์,{83425AC6-441F-438E-9C1F-2E757D995FEE},NULL,NULL
W6275,20260914,nSickLeave,0,Insert,Application,2026-08-31 16:49:09.123,1,มีใบแพทย์(เส้นเอ็นข้อมือขาด),{83425AC6-441F-438E-9C1F-2E757D995FEE},NULL,NULL
W6275,20260914,nSickLeave,1,Update,Application,2026-08-31 16:49:37.340,1,มีใบแพทย์(เส้นเอ็นข้อมือขาด),{83425AC6-441F-438E-9C1F-2E757D995FEE},0,PayLeave
W6275,20260915,nSickLeave,0,Insert,Application,2026-08-31 16:49:10.863,1,มีใบแพทย์(เส้นเอ็นข้อมือขาด),{83425AC6-441F-438E-9C1F-2E757D995FEE},NULL,NULL
W6275,20260915,nSickLeave,1,Update,Application,2026-08-31 16:49:38.847,1,มีใบแพทย์(เส้นเอ็นข้อมือขาด),{83425AC6-441F-438E-9C1F-2E757D995FEE},0,PayLeave
W6275,20260916,nSickLeave,0,Insert,Application,2026-08-31 16:49:13.113,1,มีใบแพทย์(เส้นเอ็นข้อมือขาด),{83425AC6-441F-438E-9C1F-2E757D995FEE},NULL,NULL
W6275,20260916,nSickLeave,1,Update,Application,2026-08-31 16:49:39.267,1,มีใบแพทย์(เส้นเอ็นข้อมือขาด),{83425AC6-441F-438E-9C1F-2E757D995FEE},0,PayLeave
W6277,20260914,nSickLeave,1,Insert,Application,2026-09-15 14:30:43.707,1,มีใบแพทย์,{83425AC6-441F-438E-9C1F-2E757D995FEE},NULL,NULL
W6300,20260914,nPersonalLeave,0,Insert,Application,2026-09-10 16:26:23.020,1,ไปงานศพปู่,{83425AC6-441F-438E-9C1F-2E757D995FEE},NULL,NULL
W6416,20260914,nSickLeave,1,Insert,Application,2026-09-16 08:46:24.080,1,มีใบแพทย์,{83425AC6-441F-438E-9C1F-2E757D995FEE},NULL,NULL
W6439,20260914,nPersonalLeave,0,Insert,Application,2026-09-16 09:25:54.897,1,ทำธุระ,{83425AC6-441F-438E-9C1F-2E757D995FEE},NULL,NULL
W6483,20260914,nPersonalLeave,0,Insert,Application,2026-09-16 09:26:29.683,1,ทำธุระ,{83425AC6-441F-438E-9C1F-2E757D995FEE},NULL,NULL
W6575,20260915,nPersonalLeave,0,Insert,Application,2026-09-16 09:32:43.767,1,ทำธุระ,{83425AC6-441F-438E-9C1F-2E757D995FEE},NULL,NULL
W6598,20260914,nSickLeave,0,Insert,Application,2026-09-14 10:03:06.630,1,มีใบแพทย์(มะเร็งกระเพาะอาหาร),{83425AC6-441F-438E-9C1F-2E757D995FEE},NULL,NULL
W6598,20260914,nSickLeave,1,Update,Application,2026-09-14 10:03:34.627,1,มีใบแพทย์(มะเร็งกระเพาะอาหาร),{83425AC6-441F-438E-9C1F-2E757D995FEE},0,PayLeave
W6598,20260915,nSickLeave,0,Insert,Application,2026-09-14 10:03:07.247,1,มีใบแพทย์(มะเร็งกระเพาะอาหาร),{83425AC6-441F-438E-9C1F-2E757D995FEE},NULL,NULL
W6598,20260915,nSickLeave,1,Update,Application,2026-09-14 10:03:35.117,1,มีใบแพทย์(มะเร็งกระเพาะอาหาร),{83425AC6-441F-438E-9C1F-2E757D995FEE},0,PayLeave
W6598,20260916,nSickLeave,0,Insert,Application,2026-09-14 10:03:09.897,1,มีใบแพทย์(มะเร็งกระเพาะอาหาร),{83425AC6-441F-438E-9C1F-2E757D995FEE},NULL,NULL
W6598,20260916,nSickLeave,1,Update,Application,2026-09-14 10:03:35.513,1,มีใบแพทย์(มะเร็งกระเพาะอาหาร),{83425AC6-441F-438E-9C1F-2E757D995FEE},0,PayLeave
W6714,20260916,nPersonalLeave,1,Insert,Application,2026-09-14 10:27:05.827,1,ทำธุระ,{83425AC6-441F-438E-9C1F-2E757D995FEE},NULL,NULL
