billing,tInvoice,Subtotal,decimal
billing,tInvoice,Total,decimal
billing,tInvoiceAllowance,Total,decimal
billing,tInvoiceDetail,Total,decimal
billing,tInvoiceProjectCost,Total,decimal
customize,TimeScan_BioStar,MemoTime,nvarchar
customize,tSCC_PayAllowance,Sum_OT1,decimal
customize,tSCC_PayAllowance,Sum_OT1_5,decimal
customize,tSCC_PayAllowance,Sum_OT2,decimal
customize,tSCC_PayAllowance,Sum_OT3,decimal
customize,tSCC_PayAllowance,OT1_Accumulate,decimal
customize,tSCC_PayAllowance,OT1_5_Accumulate,decimal
customize,tSCC_PayAllowance,OT2_Accumulate,decimal
customize,tSCC_PayAllowance,OT3_Accumulate,decimal
customize,tSCC_PayAllowance,PayCOT1_Accumulate,decimal
customize,tSCC_PayAllowance,PayCOT1_5_Accumulate,decimal
customize,tSCC_PayAllowance,PayCOT2_Accumulate,decimal
customize,tSCC_PayAllowance,PayCOT3_Accumulate,decimal
dbo,tAppConnector,IsAutoTransfer,smallint
dbo,tAppConnector_File,IsAutoTransfer,smallint
dbo,tApplication,LangOther,smallint
dbo,tApplication,LangOtherDesc,varchar
dbo,tApplication,OtherSkill,varchar
dbo,tApplication,Photo,image
dbo,tApplication,PhotoFileType,varchar
dbo,tAutoPostSchedule,IsNotWork,smallint
dbo,tAutoPostSchedule,NNotWork,decimal
dbo,tAutoPostSchedule_TRM,IsOT1,smallint
dbo,tAutoPostSchedule_TRM,nOT1UnitStart,decimal
dbo,tAutoPostSchedule_TRM,nOT1UnitEnd,decimal
dbo,tAutoPostSchedule_TRM,IsOT1_5,smallint
dbo,tAutoPostSchedule_TRM,nOT1_5UnitStart,decimal
dbo,tAutoPostSchedule_TRM,nOT1_5UnitEnd,decimal
dbo,tAutoPostSchedule_TRM,IsOT2,smallint
dbo,tAutoPostSchedule_TRM,nOT2UnitStart,decimal
dbo,tAutoPostSchedule_TRM,nOT2UnitEnd,decimal
dbo,tAutoPostSchedule_TRM,IsOT3,smallint
dbo,tAutoPostSchedule_TRM,nOT3UnitStart,decimal
dbo,tAutoPostSchedule_TRM,nOT3UnitEnd,decimal
dbo,tAutoPostSchedule_TRM,IsOTInTime,smallint
dbo,tAutoPostSchedule_TRM,OTTimeInStart,datetime
dbo,tAutoPostSchedule_TRM,OTTimeInEnd,datetime
dbo,tAutoPostSchedule_TRM,IsOTOutTime,smallint
dbo,tAutoPostSchedule_TRM,OTTimeOutStart,datetime
dbo,tAutoPostSchedule_TRM,OTTimeOutEnd,datetime
dbo,tBillChargeRate,BillOT1Rate,decimal
dbo,tBillChargeRate,BillOT1_5Rate,decimal
dbo,tBillChargeRate,BillOT2Rate,decimal
dbo,tBillChargeRate,BillOT3Rate,decimal
dbo,tCompany,MinTotalIncomeForSSO,decimal
dbo,tCompany,MaxTotalIncomeForSSO,decimal
dbo,tCompany,SmallPhoto,image
dbo,tCompany,SmallPhotoFileType,varchar
dbo,tCompany,LargePhoto,image
dbo,tCompany,LargePhotoFileType,varchar
dbo,tCompany,Tax50_SmallPhoto,image
dbo,tCompany,Tax50_LargePhoto,image
dbo,tCompany,Tax50_SmallPhoto_FileType,varchar
dbo,tCompany,Tax50_LargePhoto_FileType,varchar
dbo,tCostAllocation,nOT1,decimal
dbo,tCostAllocation,nOT1_5,decimal
dbo,tCostAllocation,nOT2,decimal
dbo,tCostAllocation,nOT3,decimal
dbo,tCourseGeneration,note,varchar
dbo,tDL_tTimeInOut,nOT1,decimal
dbo,tDL_tTimeInOut,nOT1_5,decimal
dbo,tDL_tTimeInOut,nOT2,decimal
dbo,tDL_tTimeInOut,nOT3,decimal
dbo,tDL_tTimeInOut,naOT1,decimal
dbo,tDL_tTimeInOut,naOT1_5,decimal
dbo,tDL_tTimeInOut,naOT2,decimal
dbo,tDL_tTimeInOut,naOT3,decimal
dbo,tDL_tTimeInOut,nbOT1,decimal
dbo,tDL_tTimeInOut,nbOT1_5,decimal
dbo,tDL_tTimeInOut,nbOT2,decimal
dbo,tDL_tTimeInOut,nbOT3,decimal
dbo,tDL_tTimeInOut,ncOT1,decimal
dbo,tDL_tTimeInOut,ncOT1_5,decimal
dbo,tDL_tTimeInOut,ncOT2,decimal
dbo,tDL_tTimeInOut,ncOT3,decimal
dbo,tDL_tTimeInOut,BillOT1Rate,decimal
dbo,tDL_tTimeInOut,BillOT1_5Rate,decimal
dbo,tDL_tTimeInOut,BillOT2Rate,decimal
dbo,tDL_tTimeInOut,BillOT3Rate,decimal
dbo,tEmployee,ResignNoticeDate,smalldatetime
dbo,tEmployee,ResignOtherReason,varchar
dbo,tEmployee,OT1Rate,decimal
dbo,tEmployee,OT1_5Rate,decimal
dbo,tEmployee,OT2Rate,decimal
dbo,tEmployee,OT3Rate,decimal
dbo,tEmployee,nSickLeaveYearQuota,decimal
dbo,tEmployee,nPersonalLeaveYearQuota,decimal
dbo,tEmployee,nVacationYearQuota,decimal
dbo,tEmployee,nL01YearQuota,decimal
dbo,tEmployee,nL02YearQuota,decimal
dbo,tEmployee,nL03YearQuota,decimal
dbo,tEmployee,nL04YearQuota,decimal
dbo,tEmployee,nL05YearQuota,decimal
dbo,tEmployee,nL06YearQuota,decimal
dbo,tEmployee,BillOT1Rate,decimal
dbo,tEmployee,BillOT1_5Rate,decimal
dbo,tEmployee,BillOT2Rate,decimal
dbo,tEmployee,BillOT3Rate,decimal
dbo,tEmployee,nL07YearQuota,decimal
dbo,tEmployee,nL08YearQuota,decimal
dbo,tEmployee,nL09YearQuota,decimal
dbo,tEmployee,nL10YearQuota,decimal
dbo,tEmployee,nL11YearQuota,decimal
dbo,tEmployee,nL12YearQuota,decimal
dbo,tEmployee,nL13YearQuota,decimal
dbo,tEmployee,nL14YearQuota,decimal
dbo,tEmployee,nL15YearQuota,decimal
dbo,tEmployee,OTCostCenter_ID,uniqueidentifier
dbo,tEmployee,IsOTRequest,smallint
dbo,tEmployee,flowOTid,uniqueidentifier
dbo,tEmployee,nSickLeaveInitQuota,decimal
dbo,tEmployee,nPersonalLeaveInitQuota,decimal
dbo,tEmployee,nVacationInitQuota,decimal
dbo,tEmployee,nL01InitQuota,decimal
dbo,tEmployee,nL02InitQuota,decimal
dbo,tEmployee,nL03InitQuota,decimal
dbo,tEmployee,nL04InitQuota,decimal
dbo,tEmployee,nL05InitQuota,decimal
dbo,tEmployee,nL06InitQuota,decimal
dbo,tEmployee,nL07InitQuota,decimal
dbo,tEmployee,nL08InitQuota,decimal
dbo,tEmployee,nL09InitQuota,decimal
dbo,tEmployee,nL10InitQuota,decimal
dbo,tEmployee,nL11InitQuota,decimal
dbo,tEmployee,nL12InitQuota,decimal
dbo,tEmployee,nL13InitQuota,decimal
dbo,tEmployee,nL14InitQuota,decimal
dbo,tEmployee,nL15InitQuota,decimal
dbo,tEmployee,OtherID,varchar
dbo,tEmployee,OTP_Way,smallint
dbo,tEmployee,OtherID_ExpDate,smalldatetime
dbo,tEmployee,OTP_TelNo,varchar
dbo,tEmployee,IsNotAdjPVFRate,smallint
dbo,tEmployee,IsNotAdjPVFRate_EY,smallint
dbo,tEmployee,OTRF_ID,uniqueidentifier
dbo,tEmployee,nCompensateLeaveYearQuota,decimal
dbo,tEmployee,nCompensateLeaveInitQuota,decimal
dbo,tEmployee,nMaternityLeaveYearQuota,decimal
dbo,tEmployee,nParentalLeaveMomYearQuota,decimal
dbo,tEmployee,nParentalLeaveDadYearQuota,decimal
dbo,tEmployee_Children,IsDeductionProtege,bit
dbo,tEmployee_FirstFinance,First_OT1Rate,decimal
dbo,tEmployee_FirstFinance,First_OT1_5Rate,decimal
dbo,tEmployee_FirstFinance,First_OT2Rate,decimal
dbo,tEmployee_FirstFinance,First_OT3Rate,decimal
dbo,tEmployee_LeaveQuota,nSickLeaveYearQuota,decimal
dbo,tEmployee_LeaveQuota,nPersonalLeaveYearQuota,decimal
dbo,tEmployee_LeaveQuota,nVacationYearQuota,decimal
dbo,tEmployee_LeaveQuota,nL01YearQuota,decimal
dbo,tEmployee_LeaveQuota,nL02YearQuota,decimal
dbo,tEmployee_LeaveQuota,nL03YearQuota,decimal
dbo,tEmployee_LeaveQuota,nL04YearQuota,decimal
dbo,tEmployee_LeaveQuota,nL05YearQuota,decimal
dbo,tEmployee_LeaveQuota,nL06YearQuota,decimal
dbo,tEmployee_LeaveQuota,nL07YearQuota,decimal
dbo,tEmployee_LeaveQuota,nL08YearQuota,decimal
dbo,tEmployee_LeaveQuota,nL09YearQuota,decimal
dbo,tEmployee_LeaveQuota,nL10YearQuota,decimal
dbo,tEmployee_LeaveQuota,nL11YearQuota,decimal
dbo,tEmployee_LeaveQuota,nL12YearQuota,decimal
dbo,tEmployee_LeaveQuota,nL13YearQuota,decimal
dbo,tEmployee_LeaveQuota,nL14YearQuota,decimal
dbo,tEmployee_LeaveQuota,nL15YearQuota,decimal
dbo,tEmployee_LeaveQuota,nCompensateLeaveYearQuota,decimal
dbo,tEmployee_LeaveQuota,nMaternityLeaveYearQuota,decimal
dbo,tEmployee_LeaveQuota,nParentalLeaveMomYearQuota,decimal
dbo,tEmployee_LeaveQuota,nParentalLeaveDadYearQuota,decimal
dbo,tEmployee_Temp,ResignNoticeDate,smalldatetime
dbo,tEmployee_Temp,ResignOtherReason,varchar
dbo,tEmployee_Temp,OT1Rate,decimal
dbo,tEmployee_Temp,OT1_5Rate,decimal
dbo,tEmployee_Temp,OT2Rate,decimal
dbo,tEmployee_Temp,OT3Rate,decimal
dbo,tEmployee_Temp,nSickLeaveYearQuota,decimal
dbo,tEmployee_Temp,nPersonalLeaveYearQuota,decimal
dbo,tEmployee_Temp,nVacationYearQuota,decimal
dbo,tEmployee_Temp,nL01YearQuota,decimal
dbo,tEmployee_Temp,nL02YearQuota,decimal
dbo,tEmployee_Temp,nL03YearQuota,decimal
dbo,tEmployee_Temp,nL04YearQuota,decimal
dbo,tEmployee_Temp,nL05YearQuota,decimal
dbo,tEmployee_Temp,nL06YearQuota,decimal
dbo,tEmployee_Temp,BillOT1Rate,decimal
dbo,tEmployee_Temp,BillOT1_5Rate,decimal
dbo,tEmployee_Temp,BillOT2Rate,decimal
dbo,tEmployee_Temp,BillOT3Rate,decimal
dbo,tEmployee_Temp,nL07YearQuota,decimal
dbo,tEmployee_Temp,nL08YearQuota,decimal
dbo,tEmployee_Temp,nL09YearQuota,decimal
dbo,tEmployee_Temp,nL10YearQuota,decimal
dbo,tEmployee_Temp,nL11YearQuota,decimal
dbo,tEmployee_Temp,nL12YearQuota,decimal
dbo,tEmployee_Temp,nL13YearQuota,decimal
dbo,tEmployee_Temp,nL14YearQuota,decimal
dbo,tEmployee_Temp,nL15YearQuota,decimal
dbo,tEmployee_Temp,OTCostCenter_ID,uniqueidentifier
dbo,tEmployee_Temp,IsOTRequest,smallint
dbo,tEmployee_Temp,flowOTid,uniqueidentifier
dbo,tEmployee_Temp,nSickLeaveInitQuota,decimal
dbo,tEmployee_Temp,nPersonalLeaveInitQuota,decimal
dbo,tEmployee_Temp,nVacationInitQuota,decimal
dbo,tEmployee_Temp,nL01InitQuota,decimal
dbo,tEmployee_Temp,nL02InitQuota,decimal
dbo,tEmployee_Temp,nL03InitQuota,decimal
dbo,tEmployee_Temp,nL04InitQuota,decimal
dbo,tEmployee_Temp,nL05InitQuota,decimal
dbo,tEmployee_Temp,nL06InitQuota,decimal
dbo,tEmployee_Temp,nL07InitQuota,decimal
dbo,tEmployee_Temp,nL08InitQuota,decimal
dbo,tEmployee_Temp,nL09InitQuota,decimal
dbo,tEmployee_Temp,nL10InitQuota,decimal
dbo,tEmployee_Temp,nL11InitQuota,decimal
dbo,tEmployee_Temp,nL12InitQuota,decimal
dbo,tEmployee_Temp,nL13InitQuota,decimal
dbo,tEmployee_Temp,nL14InitQuota,decimal
dbo,tEmployee_Temp,nL15InitQuota,decimal
dbo,tEmployee_Temp,OtherID,varchar
dbo,tEmployee_Temp,OTP_Way,smallint
dbo,tEmployee_Temp,OtherID_ExpDate,smalldatetime
dbo,tEmployee_Temp,OTP_TelNo,varchar
dbo,tEmployee_Temp,IsNotAdjPVFRate,smallint
dbo,tEmployee_Temp,IsNotAdjPVFRate_EY,smallint
dbo,tEmployee_Temp,OTRF_ID,uniqueidentifier
dbo,tEmployee_Temp,nCompensateLeaveYearQuota,decimal
dbo,tEmployee_Temp,nCompensateLeaveInitQuota,decimal
dbo,tEmployeeAbility,LangOther,smallint
dbo,tEmployeeAbility,LangOtherDesc,varchar
dbo,tEmployeeAbility,OtherSkill,varchar
dbo,tEmployeePhoto,PhotoType,varchar
dbo,tEmployeePhoto,Photo,image
dbo,tEmployeeTitle_LeaveQuota,nSickLeaveYearQuota,decimal
dbo,tEmployeeTitle_LeaveQuota,nPersonalLeaveYearQuota,decimal
dbo,tEmployeeTitle_LeaveQuota,nVacationYearQuota,decimal
dbo,tEmployeeTitle_LeaveQuota,nL01YearQuota,decimal
dbo,tEmployeeTitle_LeaveQuota,nL02YearQuota,decimal
dbo,tEmployeeTitle_LeaveQuota,nL03YearQuota,decimal
dbo,tEmployeeTitle_LeaveQuota,nL04YearQuota,decimal
dbo,tEmployeeTitle_LeaveQuota,nL05YearQuota,decimal
dbo,tEmployeeTitle_LeaveQuota,nL06YearQuota,decimal
dbo,tEmployeeTitle_LeaveQuota,nL07YearQuota,decimal
dbo,tEmployeeTitle_LeaveQuota,nL08YearQuota,decimal
dbo,tEmployeeTitle_LeaveQuota,nL09YearQuota,decimal
dbo,tEmployeeTitle_LeaveQuota,nL10YearQuota,decimal
dbo,tEmployeeTitle_LeaveQuota,nL11YearQuota,decimal
dbo,tEmployeeTitle_LeaveQuota,nL12YearQuota,decimal
dbo,tEmployeeTitle_LeaveQuota,nL13YearQuota,decimal
dbo,tEmployeeTitle_LeaveQuota,nL14YearQuota,decimal
dbo,tEmployeeTitle_LeaveQuota,nL15YearQuota,decimal
dbo,tImport_Allowances_MappingPreset,nOT1,varchar
dbo,tImport_Allowances_MappingPreset,nOT1_5,varchar
dbo,tImport_Allowances_MappingPreset,nOT2,varchar
dbo,tImport_Allowances_MappingPreset,nOT3,varchar
dbo,tImport_Allowances_MappingPreset,naOT1,varchar
dbo,tImport_Allowances_MappingPreset,naOT1_5,varchar
dbo,tImport_Allowances_MappingPreset,naOT2,varchar
dbo,tImport_Allowances_MappingPreset,naOT3,varchar
dbo,tImport_Allowances_MappingPreset,nbOT1,varchar
dbo,tImport_Allowances_MappingPreset,nbOT1_5,varchar
dbo,tImport_Allowances_MappingPreset,nbOT2,varchar
dbo,tImport_Allowances_MappingPreset,nbOT3,varchar
dbo,tImport_Allowances_MappingPreset,ncOT1,varchar
dbo,tImport_Allowances_MappingPreset,ncOT1_5,varchar
dbo,tImport_Allowances_MappingPreset,ncOT2,varchar
dbo,tImport_Allowances_MappingPreset,ncOT3,varchar
dbo,tImport_Employee_MappingPreset,OT1Rate,varchar
dbo,tImport_Employee_MappingPreset,OT1_5Rate,varchar
dbo,tImport_Employee_MappingPreset,OT2Rate,varchar
dbo,tImport_Employee_MappingPreset,OT3Rate,varchar
dbo,tImport_Employee_MappingPreset,IsNotAdjPVFRate,varchar
dbo,tImport_Employee_MappingPreset,IsNotAdjPVFRate_EY,varchar
dbo,tImport_MappingPreset,nOT1,varchar
dbo,tImport_MappingPreset,OPnOT1,varchar
dbo,tImport_MappingPreset,OSnOT1,decimal
dbo,tImport_MappingPreset,nOT1_5,varchar
dbo,tImport_MappingPreset,OPnOT1_5,varchar
dbo,tImport_MappingPreset,OSnOT1_5,decimal
dbo,tImport_MappingPreset,nOT2,varchar
dbo,tImport_MappingPreset,OPnOT2,varchar
dbo,tImport_MappingPreset,OSnOT2,decimal
dbo,tImport_MappingPreset,nOT3,varchar
dbo,tImport_MappingPreset,OPnOT3,varchar
dbo,tImport_MappingPreset,OSnOT3,decimal
dbo,tImport_MappingPreset,OT1Rate,varchar
dbo,tImport_MappingPreset,OT1_5Rate,varchar
dbo,tImport_MappingPreset,OT2Rate,varchar
dbo,tImport_MappingPreset,OT3Rate,varchar
dbo,tImport_MappingPreset,nTotalIncomeForTax,varchar
dbo,tImport_MappingPreset,OPnTotalIncomeForTax,varchar
dbo,tImport_MappingPreset,OSnTotalIncomeForTax,decimal
dbo,tImport_MappingPreset,nTotalIncomeForSSOCT,varchar
dbo,tImport_MappingPreset,OPnTotalIncomeForSSOCT,varchar
dbo,tImport_MappingPreset,OSnTotalIncomeForSSOCT,decimal
dbo,tImport_MappingPreset,nTotalIncomeForPVF,varchar
dbo,tImport_MappingPreset,OPnTotalIncomeForPVF,varchar
dbo,tImport_MappingPreset,OSnTotalIncomeForPVF,decimal
dbo,tImport_MappingPreset,nTotalIncomeForTax40_2,varchar
dbo,tImport_MappingPreset,OPnTotalIncomeForTax40_2,varchar
dbo,tImport_MappingPreset,OSnTotalIncomeForTax40_2,decimal
dbo,tLOG_OTApprove,NoteApporve,varchar
dbo,tLog_OTClaim,CAL_nOT1,decimal
dbo,tLog_OTClaim,CAL_nOT1_5,decimal
dbo,tLog_OTClaim,CAL_nOT2,decimal
dbo,tLog_OTClaim,CAL_nOT3,decimal
dbo,tLog_OTClaim,Req_nOT1,decimal
dbo,tLog_OTClaim,Req_nOT1_5,decimal
dbo,tLog_OTClaim,Req_nOT2,decimal
dbo,tLog_OTClaim,Req_nOT3,decimal
dbo,tLog_OTClaim,Req_nOT1_H,decimal
dbo,tLog_OTClaim,Req_nOT1_M,decimal
dbo,tLog_OTClaim,Req_nOT1_5_H,decimal
dbo,tLog_OTClaim,Req_nOT1_5_M,decimal
dbo,tLog_OTClaim,Req_nOT2_H,decimal
dbo,tLog_OTClaim,Req_nOT2_M,decimal
dbo,tLog_OTClaim,Req_nOT3_H,decimal
dbo,tLog_OTClaim,Req_nOT3_M,decimal
dbo,tLog_OTClaim,Cal_nOT1_H,decimal
dbo,tLog_OTClaim,Cal_nOT1_M,decimal
dbo,tLog_OTClaim,Cal_nOT1_5_H,decimal
dbo,tLog_OTClaim,Cal_nOT1_5_M,decimal
dbo,tLog_OTClaim,Cal_nOT2_H,decimal
dbo,tLog_OTClaim,Cal_nOT2_M,decimal
dbo,tLog_OTClaim,Cal_nOT3_H,decimal
dbo,tLog_OTClaim,Cal_nOT3_M,decimal
dbo,tLOG_OTClaimApprove,LogOTClaimId,uniqueidentifier
dbo,tLOG_OTClaimApprove,nOT1,decimal
dbo,tLOG_OTClaimApprove,nOT1_5,decimal
dbo,tLOG_OTClaimApprove,nOT2,decimal
dbo,tLOG_OTClaimApprove,nOT3,decimal
dbo,tLOG_OTClaimApprove,Req_nOT1,decimal
dbo,tLOG_OTClaimApprove,Req_nOT1_5,decimal
dbo,tLOG_OTClaimApprove,Req_nOT2,decimal
dbo,tLOG_OTClaimApprove,Req_nOT3,decimal
dbo,tLOG_tProjectChargeRate,note,varchar
dbo,tLOG_UpdateWork_BU,note,varchar
dbo,tLOG_UpdateWork_Level,note,varchar
dbo,tLOG_UpdateWork_Rate,note,varchar
dbo,tLOG_UpdateWork_Title,note,varchar
dbo,tLogImport_Attendance,IsnOT1,varchar
dbo,tLogImport_Attendance,IsnOT1_5,varchar
dbo,tLogImport_Attendance,IsnOT2,varchar
dbo,tLogImport_Attendance,IsnOT3,varchar
dbo,tLogImport_Attendance,IsnaOT1,varchar
dbo,tLogImport_Attendance,IsnaOT1_5,varchar
dbo,tLogImport_Attendance,IsnaOT2,varchar
dbo,tLogImport_Attendance,IsnaOT3,varchar
dbo,tLogImport_Attendance,IsnbOT1,varchar
dbo,tLogImport_Attendance,IsnbOT1_5,varchar
dbo,tLogImport_Attendance,IsnbOT2,varchar
dbo,tLogImport_Attendance,IsnbOT3,varchar
dbo,tLogImport_Attendance,IsncOT1,varchar
dbo,tLogImport_Attendance,IsncOT1_5,varchar
dbo,tLogImport_Attendance,IsncOT2,varchar
dbo,tLogImport_Attendance,IsncOT3,varchar
dbo,tLOGMidnight_OTClaimApprove,LogOTClaimId,uniqueidentifier
dbo,tLOGMidnight_OTClaimApprove,nOT1,decimal
dbo,tLOGMidnight_OTClaimApprove,nOT1_5,decimal
dbo,tLOGMidnight_OTClaimApprove,nOT2,decimal
dbo,tLOGMidnight_OTClaimApprove,nOT3,decimal
dbo,tLOGMidnight_OTClaimApprove,Req_nOT1,decimal
dbo,tLOGMidnight_OTClaimApprove,Req_nOT1_5,decimal
dbo,tLOGMidnight_OTClaimApprove,Req_nOT2,decimal
dbo,tLOGMidnight_OTClaimApprove,Req_nOT3,decimal
dbo,tLogRequest_OT_Process,Other1_ID,uniqueidentifier
dbo,tLogRequest_OT_Process,Other2_ID,uniqueidentifier
dbo,tLogRequest_OT_Process,Other3_ID,uniqueidentifier
dbo,tLogRequest_OT_Process,Other4_ID,uniqueidentifier
dbo,tLogRequest_OT_Process,Other5_ID,uniqueidentifier
dbo,tMail_Config,MailNotifyLang,varchar
dbo,tMOD_PVF_REPORT,TOTAL_PVF,decimal
dbo,tOther_FieldCaption,Other1,varchar
dbo,tOther_FieldCaption,Other2,varchar
dbo,tOther_FieldCaption,Other3,varchar
dbo,tOther_FieldCaption,Other4,varchar
dbo,tOther_FieldCaption,Other5,varchar
dbo,tOther_FieldCaption,Other1_2,varchar
dbo,tOther_FieldCaption,Other2_2,varchar
dbo,tOther_FieldCaption,Other3_2,varchar
dbo,tOther_FieldCaption,Other4_2,varchar
dbo,tOther_FieldCaption,Other5_2,varchar
dbo,tOther_FieldCaption,Other1_EN,varchar
dbo,tOther_FieldCaption,Other2_EN,varchar
dbo,tOther_FieldCaption,Other3_EN,varchar
dbo,tOther_FieldCaption,Other4_EN,varchar
dbo,tOther_FieldCaption,Other5_EN,varchar
dbo,tOther_FieldCaption,Other1_2_EN,varchar
dbo,tOther_FieldCaption,Other2_2_EN,varchar
dbo,tOther_FieldCaption,Other3_2_EN,varchar
dbo,tOther_FieldCaption,Other4_2_EN,varchar
dbo,tOther_FieldCaption,Other5_2_EN,varchar
dbo,tOther1,Other1_ID,uniqueidentifier
dbo,tOther1,Other1DESC,varchar
dbo,tOther1,Other1DESC2,varchar
dbo,tOther1,Other1DESC_EN,varchar
dbo,tOther1,Other1DESC2_EN,varchar
dbo,tOther2,Other2_ID,uniqueidentifier
dbo,tOther2,Other2DESC,varchar
dbo,tOther2,Other2DESC2,varchar
dbo,tOther2,Other2DESC_EN,varchar
dbo,tOther2,Other2DESC2_EN,varchar
dbo,tOther3,Other3_ID,uniqueidentifier
dbo,tOther3,Other3DESC,varchar
dbo,tOther3,Other3DESC2,varchar
dbo,tOther3,Other3DESC_EN,varchar
dbo,tOther3,Other3DESC2_EN,varchar
dbo,tOther4,Other4_ID,uniqueidentifier
dbo,tOther4,Other4DESC,varchar
dbo,tOther4,Other4DESC2,varchar
dbo,tOther4,Other4DESC_EN,varchar
dbo,tOther4,Other4DESC2_EN,varchar
dbo,tOther5,Other5_ID,uniqueidentifier
dbo,tOther5,Other5DESC,varchar
dbo,tOther5,Other5DESC2,varchar
dbo,tOther5,Other5DESC_EN,varchar
dbo,tOther5,Other5DESC2_EN,varchar
dbo,tOTRequest_Form,OTRF_ID,uniqueidentifier
dbo,tOTRequest_Form,OTRF_Name,varchar
dbo,tOTRequest_Form,OTRF_Desc,varchar
dbo,tOTRequest_Form,StartOT_Working,varchar
dbo,tOTRequest_Form,StartOT_Holiday,varchar
dbo,tOTRequest_Form,OT_MinRange,smallint
dbo,tOTRequest_Form,OnOther1,smallint
dbo,tOTRequest_Form,OnOther2,smallint
dbo,tOTRequest_Form,OnOther3,smallint
dbo,tOTRequest_Form,OnOther4,smallint
dbo,tOTRequest_Form,OnOther5,smallint
dbo,tOTRequest_Form_SHFPeriod,OTRF_SHFPeriodID,uniqueidentifier
dbo,tOTRequest_Form_SHFPeriod,OTRF_ID,uniqueidentifier
dbo,tOTRequest_Form_SHFPeriod,OT_ID,varchar
dbo,tOTRequest_Time,OT_ID,uniqueidentifier
dbo,tOTRequest_Time,OTBegin_Hour,int
dbo,tOTRequest_Time,OTBegin_Minute,int
dbo,tOTRequest_Time,OTEnd_Hour,int
dbo,tOTRequest_Time,OTEnd_Minute,int
dbo,tOTRequest_Time,OTCode,varchar
dbo,tOTRequest_Time,Other1_ID,uniqueidentifier
dbo,tOTRequest_Time,Other2_ID,uniqueidentifier
dbo,tOTRequest_Time,Other3_ID,uniqueidentifier
dbo,tOTRequest_Time,Other4_ID,uniqueidentifier
dbo,tOTRequest_Time,Other5_ID,uniqueidentifier
dbo,tOTx,OT_ID,uniqueidentifier
dbo,tOTx,OTType,varchar
dbo,tOTx,OTDesc,varchar
dbo,tOTx,StartOTHour,smallint
dbo,tOTx,StartOTMinute,smallint
dbo,tOTx,EndOTHour,smallint
dbo,tOTx,EndOTMinute,smallint
dbo,tOTx,nOTX,decimal
dbo,tOTx,Previous_nOTX,decimal
dbo,tPayroll,nOT1,decimal
dbo,tPayroll,nOT1_5,decimal
dbo,tPayroll,nOT2,decimal
dbo,tPayroll,nOT3,decimal
dbo,tPayroll,COT1,decimal
dbo,tPayroll,COT1_5,decimal
dbo,tPayroll,COT2,decimal
dbo,tPayroll,COT3,decimal
dbo,tPayroll,TotalIncome,decimal
dbo,tPayroll,TotalDeduction,decimal
dbo,tPayroll,TotalIncomeForSSOCT,decimal
dbo,tPayroll,TotalIncomeForTAX,decimal
dbo,tPayroll,TotalIncomeForPVF,decimal
dbo,tPayroll,OT1Rate,decimal
dbo,tPayroll,OT1_5Rate,decimal
dbo,tPayroll,OT2Rate,decimal
dbo,tPayroll,OT3Rate,decimal
dbo,tPayroll,BillOT1Rate,decimal
dbo,tPayroll,BillOT1_5Rate,decimal
dbo,tPayroll,BillOT2Rate,decimal
dbo,tPayroll,BillOT3Rate,decimal
dbo,tPayroll,YTDTotalIncome,decimal
dbo,tPayroll,YTDTotalDeduct,decimal
dbo,tPayroll,TotalIncomeForPaymentWay,decimal
dbo,tPayroll,TotalIncomeForSSOCT_MOD,decimal
dbo,tPayroll,TotalIncomeForTAX_Resign,decimal
dbo,tPayroll,Tax91_TotalCr,decimal
dbo,tPayroll,TotalIncomeForGPF,decimal
dbo,tPayroll,YTDCOT1,decimal
dbo,tPayroll,YTDCOT1_5,decimal
dbo,tPayroll,YTDCOT2,decimal
dbo,tPayroll,YTDCOT3,decimal
dbo,tPayroll,TotalIncomeForTax40_2,decimal
dbo,tPayroll,OTCostCenter_ID,uniqueidentifier
dbo,tPayroll,TotalIncomeForTAX_WithHolding,decimal
dbo,tPayroll,TotalIncomeForTAX_Com,decimal
dbo,tPayroll,TotalIncomeForTAX_Percent,decimal
dbo,tPayroll,TotalIncomeForTAX_WithHolding40_2,decimal
dbo,tPayroll,TotalIncomeForTAX_Com40_2,decimal
dbo,tPayroll,TotalIncomeForTAX_Percent40_2,decimal
dbo,tPayroll_Detail,nOT1,decimal
dbo,tPayroll_Detail,nOT1_5,decimal
dbo,tPayroll_Detail,nOT2,decimal
dbo,tPayroll_Detail,nOT3,decimal
dbo,tPayroll_Detail,OT1Rate,decimal
dbo,tPayroll_Detail,OT1_5Rate,decimal
dbo,tPayroll_Detail,OT2Rate,decimal
dbo,tPayroll_Detail,OT3Rate,decimal
dbo,tPayroll_Detail,COT1,decimal
dbo,tPayroll_Detail,COT1_5,decimal
dbo,tPayroll_Detail,COT2,decimal
dbo,tPayroll_Detail,COT3,decimal
dbo,tPayroll_GLAccNo,GLAccNo_OT1,varchar
dbo,tPayroll_GLAccNo,GLAccNo_OT1_5,varchar
dbo,tPayroll_GLAccNo,GLAccNo_OT2,varchar
dbo,tPayroll_GLAccNo,GLAccNo_OT3,varchar
dbo,tPayroll_GLAccNo,GLAccNo_TotalIncome,varchar
dbo,tPayroll_GLAccNo,GLAccNo_TotalDeduct,varchar
dbo,tPayroll_GLAccNo,GLAccNo_TotalIncomeForSSO,varchar
dbo,tPayroll_GLAccNo,GLAccNo_TotalIncomeForPVF,varchar
dbo,tPayroll_GLAccNo,GLAccNo_TotalIncomeForTax,varchar
dbo,tPayroll_Tax,NTotalChild,int
dbo,tPayroll_Tax,CTotalChild,decimal
dbo,tPayroll_Tax,NTotalChild2,smallint
dbo,tPayroll_Tax,CTotalChild2,decimal
dbo,tPayroll_Tax,NTotalChild1,smallint
dbo,tPayroll_Tax,CTotalChild1,decimal
dbo,tPayroll_Tax,COtherDeduction,decimal
dbo,tPayroll_Tax,COtherDeduction40_2,decimal
dbo,tPayroll_Tax,CTotalIncomeResign_ForTax,decimal
dbo,tPayroll_Welfare,TotalIncomeForWelfare,decimal
dbo,tPeriod_ChargeRate,OT1Rate,decimal
dbo,tPeriod_ChargeRate,OT1_5Rate,decimal
dbo,tPeriod_ChargeRate,OT2Rate,decimal
dbo,tPeriod_ChargeRate,OT3Rate,decimal
dbo,tPeriod_ChargeRate,BillOT1Rate,decimal
dbo,tPeriod_ChargeRate,BillOT1_5Rate,decimal
dbo,tPeriod_ChargeRate,BillOT2Rate,decimal
dbo,tPeriod_ChargeRate,BillOT3Rate,decimal
dbo,tPeriod_ChargeRate,OT1_IsCalTax,smallint
dbo,tPeriod_ChargeRate,OT1_5_IsCalTax,smallint
dbo,tPeriod_ChargeRate,OT2_IsCalTax,smallint
dbo,tPeriod_ChargeRate,OT3_IsCalTax,smallint
dbo,tPeriod_ChargeRate,BillOT1_IsCalTax,smallint
dbo,tPeriod_ChargeRate,BillOT1_5_IsCalTax,smallint
dbo,tPeriod_ChargeRate,BillOT2_IsCalTax,smallint
dbo,tPeriod_ChargeRate,BillOT3_IsCalTax,smallint
dbo,tPeriod_ChargeRate,OT1_IsCalSSO,smallint
dbo,tPeriod_ChargeRate,OT1_5_IsCalSSO,smallint
dbo,tPeriod_ChargeRate,OT2_IsCalSSO,smallint
dbo,tPeriod_ChargeRate,OT3_IsCalSSO,smallint
dbo,tPeriod_ChargeRate,BillOT1_IsCalSSO,smallint
dbo,tPeriod_ChargeRate,BillOT1_5_IsCalSSO,smallint
dbo,tPeriod_ChargeRate,BillOT2_IsCalSSO,smallint
dbo,tPeriod_ChargeRate,BillOT3_IsCalSSO,smallint
dbo,tPeriod_ChargeRate,OT1_IsCalPVF,smallint
dbo,tPeriod_ChargeRate,OT1_5_IsCalPVF,smallint
dbo,tPeriod_ChargeRate,OT2_IsCalPVF,smallint
dbo,tPeriod_ChargeRate,OT3_IsCalPVF,smallint
dbo,tPeriod_ChargeRate,BillOT1_IsCalPVF,smallint
dbo,tPeriod_ChargeRate,BillOT1_5_IsCalPVF,smallint
dbo,tPeriod_ChargeRate,BillOT2_IsCalPVF,smallint
dbo,tPeriod_ChargeRate,BillOT3_IsCalPVF,smallint
dbo,tPeriod_ChargeRate,Wage_IsCalOT,smallint
dbo,tPeriod_ChargeRate,Holiday_IsCalOT,smallint
dbo,tPeriod_ChargeRate,Shift_IsCalOT,smallint
dbo,tPeriod_ChargeRate,Incentive_IsCalOT,smallint
dbo,tPeriod_ChargeRate,P01_IsCalOT,smallint
dbo,tPeriod_ChargeRate,P02_IsCalOT,smallint
dbo,tPeriod_ChargeRate,P03_IsCalOT,smallint
dbo,tPeriod_ChargeRate,P04_IsCalOT,smallint
dbo,tPeriod_ChargeRate,P05_IsCalOT,smallint
dbo,tPeriod_ChargeRate,P06_IsCalOT,smallint
dbo,tPeriod_ChargeRate,P07_IsCalOT,smallint
dbo,tPeriod_ChargeRate,P08_IsCalOT,smallint
dbo,tPeriod_ChargeRate,P09_IsCalOT,smallint
dbo,tPeriod_ChargeRate,P10_IsCalOT,smallint
dbo,tPeriod_ChargeRate,BillWage_IsCalOT,smallint
dbo,tPeriod_ChargeRate,BillHoliday_IsCalOT,smallint
dbo,tPeriod_ChargeRate,BillShift_IsCalOT,smallint
dbo,tPeriod_ChargeRate,BillIncentive_IsCalOT,smallint
dbo,tPeriod_ChargeRate,BillP01_IsCalOT,smallint
dbo,tPeriod_ChargeRate,BillP02_IsCalOT,smallint
dbo,tPeriod_ChargeRate,BillP03_IsCalOT,smallint
dbo,tPeriod_ChargeRate,BillP04_IsCalOT,smallint
dbo,tPeriod_ChargeRate,BillP05_IsCalOT,smallint
dbo,tPeriod_ChargeRate,BillP06_IsCalOT,smallint
dbo,tPeriod_ChargeRate,BillP07_IsCalOT,smallint
dbo,tPeriod_ChargeRate,BillP08_IsCalOT,smallint
dbo,tPeriod_ChargeRate,BillP09_IsCalOT,smallint
dbo,tPeriod_ChargeRate,BillP10_IsCalOT,smallint
dbo,tPMPeriod,BeginDate_OT,varchar
dbo,tPMPeriod,EndDate_OT,varchar
dbo,tPreset_Leave,SickQuota,int
dbo,tPreset_Leave,PersonalQuota,int
dbo,tPreset_Leave,VacationQuota,int
dbo,tPreset_Leave,L01Quota,int
dbo,tPreset_Leave,L02Quota,int
dbo,tPreset_Leave,L03Quota,int
dbo,tPreset_Leave,L04Quota,int
dbo,tPreset_Leave,L05Quota,int
dbo,tPreset_Leave,L06Quota,int
dbo,tProject,TypeDecimalOT,int
dbo,tProject,TypeDecimalTotalIncome,int
dbo,tProject,TypeDecimalTotalDeduct,int
dbo,tProject,TypeDecimalTotalLeaveLate,int
dbo,tProject_GLAccNo,GLAccNo_OT1,varchar
dbo,tProject_GLAccNo,GLAccNo_OT1_5,varchar
dbo,tProject_GLAccNo,GLAccNo_OT2,varchar
dbo,tProject_GLAccNo,GLAccNo_OT3,varchar
dbo,tProject_GLAccNo,GLAccNo_TotalIncome,varchar
dbo,tProject_GLAccNo,GLAccNo_TotalDeduct,varchar
dbo,tProject_GLAccNo,GLAccNo_TotalIncomeForSSO,varchar
dbo,tProject_GLAccNo,GLAccNo_TotalIncomeForPVF,varchar
dbo,tProject_GLAccNo,GLAccNo_TotalIncomeForTax,varchar
dbo,tProject_Tax,TaxCalMethod_OT1,smallint
dbo,tProject_Tax,TaxCalMethod_OT1_5,smallint
dbo,tProject_Tax,TaxCalMethod_OT2,smallint
dbo,tProject_Tax,TaxCalMethod_OT3,smallint
dbo,tProjectChargeRate,OT1Rate,decimal
dbo,tProjectChargeRate,OT1_5Rate,decimal
dbo,tProjectChargeRate,OT2Rate,decimal
dbo,tProjectChargeRate,OT3Rate,decimal
dbo,tProjectChargeRate,BillOT1Rate,decimal
dbo,tProjectChargeRate,BillOT1_5Rate,decimal
dbo,tProjectChargeRate,BillOT2Rate,decimal
dbo,tProjectChargeRate,BillOT3Rate,decimal
dbo,tProjectChargeRate,OT1_IsCalTax,smallint
dbo,tProjectChargeRate,OT1_5_IsCalTax,smallint
dbo,tProjectChargeRate,OT2_IsCalTax,smallint
dbo,tProjectChargeRate,OT3_IsCalTax,smallint
dbo,tProjectChargeRate,BillOT1_IsCalTax,smallint
dbo,tProjectChargeRate,BillOT1_5_IsCalTax,smallint
dbo,tProjectChargeRate,BillOT2_IsCalTax,smallint
dbo,tProjectChargeRate,BillOT3_IsCalTax,smallint
dbo,tProjectChargeRate,OT1_IsCalSSO,smallint
dbo,tProjectChargeRate,OT1_5_IsCalSSO,smallint
dbo,tProjectChargeRate,OT2_IsCalSSO,smallint
dbo,tProjectChargeRate,OT3_IsCalSSO,smallint
dbo,tProjectChargeRate,BillOT1_IsCalSSO,smallint
dbo,tProjectChargeRate,BillOT1_5_IsCalSSO,smallint
dbo,tProjectChargeRate,BillOT2_IsCalSSO,smallint
dbo,tProjectChargeRate,BillOT3_IsCalSSO,smallint
dbo,tProjectChargeRate,OT1_IsCalPVF,smallint
dbo,tProjectChargeRate,OT1_5_IsCalPVF,smallint
dbo,tProjectChargeRate,OT2_IsCalPVF,smallint
dbo,tProjectChargeRate,OT3_IsCalPVF,smallint
dbo,tProjectChargeRate,BillOT1_IsCalPVF,smallint
dbo,tProjectChargeRate,BillOT1_5_IsCalPVF,smallint
dbo,tProjectChargeRate,BillOT2_IsCalPVF,smallint
dbo,tProjectChargeRate,BillOT3_IsCalPVF,smallint
dbo,tProjectChargeRate,Wage_IsCalOT,smallint
dbo,tProjectChargeRate,P01_IsCalOT,smallint
dbo,tProjectChargeRate,P02_IsCalOT,smallint
dbo,tProjectChargeRate,P03_IsCalOT,smallint
dbo,tProjectChargeRate,P04_IsCalOT,smallint
dbo,tProjectChargeRate,P05_IsCalOT,smallint
dbo,tProjectChargeRate,P06_IsCalOT,smallint
dbo,tProjectChargeRate,P07_IsCalOT,smallint
dbo,tProjectChargeRate,P08_IsCalOT,smallint
dbo,tProjectChargeRate,P09_IsCalOT,smallint
dbo,tProjectChargeRate,P10_IsCalOT,smallint
dbo,tProjectChargeRate,BillWage_IsCalOT,smallint
dbo,tProjectChargeRate,BillP01_IsCalOT,smallint
dbo,tProjectChargeRate,BillP02_IsCalOT,smallint
dbo,tProjectChargeRate,BillP03_IsCalOT,smallint
dbo,tProjectChargeRate,BillP04_IsCalOT,smallint
dbo,tProjectChargeRate,BillP05_IsCalOT,smallint
dbo,tProjectChargeRate,BillP06_IsCalOT,smallint
dbo,tProjectChargeRate,BillP07_IsCalOT,smallint
dbo,tProjectChargeRate,BillP08_IsCalOT,smallint
dbo,tProjectChargeRate,BillP09_IsCalOT,smallint
dbo,tProjectChargeRate,BillP10_IsCalOT,smallint
dbo,tProjectChargeRate,OT1_FixIncome,smallint
dbo,tProjectChargeRate,OT1_5_FixIncome,smallint
dbo,tProjectChargeRate,OT2_FixIncome,smallint
dbo,tProjectChargeRate,OT3_FixIncome,smallint
dbo,tProjectChargeRate,OT1_IsCalGPF,smallint
dbo,tProjectChargeRate,OT1_5_IsCalGPF,smallint
dbo,tProjectChargeRate,OT2_IsCalGPF,smallint
dbo,tProjectChargeRate,OT3_IsCalGPF,smallint
dbo,tProjectChargeRate,BillOT1_IsCalGPF,smallint
dbo,tProjectChargeRate,BillOT1_5_IsCalGPF,smallint
dbo,tProjectChargeRate,BillOT2_IsCalGPF,smallint
dbo,tProjectChargeRate,BillOT3_IsCalGPF,smallint
dbo,tProjectChargeRate,OT1_Mode,smallint
dbo,tProjectChargeRate,OT1_5_Mode,smallint
dbo,tProjectChargeRate,OT2_Mode,smallint
dbo,tProjectChargeRate,OT3_Mode,smallint
dbo,tProjectChargeRate,P11_IsCalOT,smallint
dbo,tProjectChargeRate,P12_IsCalOT,smallint
dbo,tProjectChargeRate,P13_IsCalOT,smallint
dbo,tProjectChargeRate,P14_IsCalOT,smallint
dbo,tProjectChargeRate,P15_IsCalOT,smallint
dbo,tProjectChargeRate,P16_IsCalOT,smallint
dbo,tProjectChargeRate,P17_IsCalOT,smallint
dbo,tProjectChargeRate,P18_IsCalOT,smallint
dbo,tProjectChargeRate,P19_IsCalOT,smallint
dbo,tProjectChargeRate,P20_IsCalOT,smallint
dbo,tProjectChargeRate,P21_IsCalOT,smallint
dbo,tProjectChargeRate,P22_IsCalOT,smallint
dbo,tProjectChargeRate,P23_IsCalOT,smallint
dbo,tProjectChargeRate,P24_IsCalOT,smallint
dbo,tProjectChargeRate,P25_IsCalOT,smallint
dbo,tProjectChargeRate,P26_IsCalOT,smallint
dbo,tProjectChargeRate,P27_IsCalOT,smallint
dbo,tProjectChargeRate,P28_IsCalOT,smallint
dbo,tProjectChargeRate,P29_IsCalOT,smallint
dbo,tProjectChargeRate,P30_IsCalOT,smallint
dbo,tProjectChargeRate,BillP11_IsCalOT,smallint
dbo,tProjectChargeRate,BillP12_IsCalOT,smallint
dbo,tProjectChargeRate,BillP13_IsCalOT,smallint
dbo,tProjectChargeRate,BillP14_IsCalOT,smallint
dbo,tProjectChargeRate,BillP15_IsCalOT,smallint
dbo,tProjectChargeRate,BillP16_IsCalOT,smallint
dbo,tProjectChargeRate,BillP17_IsCalOT,smallint
dbo,tProjectChargeRate,BillP18_IsCalOT,smallint
dbo,tProjectChargeRate,BillP19_IsCalOT,smallint
dbo,tProjectChargeRate,BillP20_IsCalOT,smallint
dbo,tProjectChargeRate,BillP21_IsCalOT,smallint
dbo,tProjectChargeRate,BillP22_IsCalOT,smallint
dbo,tProjectChargeRate,BillP23_IsCalOT,smallint
dbo,tProjectChargeRate,BillP24_IsCalOT,smallint
dbo,tProjectChargeRate,BillP25_IsCalOT,smallint
dbo,tProjectChargeRate,BillP26_IsCalOT,smallint
dbo,tProjectChargeRate,BillP27_IsCalOT,smallint
dbo,tProjectChargeRate,BillP28_IsCalOT,smallint
dbo,tProjectChargeRate,BillP29_IsCalOT,smallint
dbo,tProjectChargeRate,BillP30_IsCalOT,smallint
dbo,tProjectChargeRate_Welfare,OT1_IsCalWelfare,smallint
dbo,tProjectChargeRate_Welfare,OT1_5_IsCalWelfare,smallint
dbo,tProjectChargeRate_Welfare,OT2_IsCalWelfare,smallint
dbo,tProjectChargeRate_Welfare,OT3_IsCalWelfare,smallint
dbo,tPVF_ColDef,IsDot,varchar
dbo,tRC_Application,EmpPhoto,image
dbo,tRC_Application,MotherName,varchar
dbo,tRC_Application,MotherAge,varchar
dbo,tRC_Application,MotherOccupation,varchar
dbo,tRC_Application,MotherAddress,varchar
dbo,tRC_Application,MotherPhone,varchar
dbo,tRC_Application,OwnMotorcycle,varchar
dbo,tRC_Application,MotorcycleLicense,varchar
dbo,tRC_Application,MotorcycleLicenseNo,varchar
dbo,tRC_Computer,Note,varchar
dbo,tRC_Language,Note,varchar
dbo,tRC_WorkPlace,OtherBenefits,varchar
dbo,tRequest,Other1_ID,uniqueidentifier
dbo,tRequest,Other2_ID,uniqueidentifier
dbo,tRequest,Other3_ID,uniqueidentifier
dbo,tRequest,Other4_ID,uniqueidentifier
dbo,tRequest,Other5_ID,uniqueidentifier
dbo,tRequest,Quota_LeaveYear,varchar
dbo,tRequest_byAdmin,Quota_LeaveYear,varchar
dbo,tRequest_OT_Process,Other1_ID,uniqueidentifier
dbo,tRequest_OT_Process,Other2_ID,uniqueidentifier
dbo,tRequest_OT_Process,Other3_ID,uniqueidentifier
dbo,tRequest_OT_Process,Other4_ID,uniqueidentifier
dbo,tRequest_OT_Process,Other5_ID,uniqueidentifier
dbo,tRequestType,IsFixQuota,int
dbo,tRequestType,DefaultQuota,decimal
dbo,tRule_Incentive,IsReqNoOtherLeave,smallint
dbo,tShift,OTMode,smallint
dbo,tShift,OTRounding,smallint
dbo,tShift,OTRoundingValue,decimal
dbo,tShift,PayOTOnHoliday,varchar
dbo,tShift,PayOTOnNonWorkingDay,varchar
dbo,tShift,OTRoundingValueMax,decimal
dbo,tShift,StampInTimeOT,smallint
dbo,tShift,StampOutTimeOT,smallint
dbo,tShift,IsCalOtAfterShiftWorkUnitFlying,smallint
dbo,tShift,OTRoundingValueMax_Holiday,decimal
dbo,tShift,OTRoundingValueMax_Time,smallint
dbo,tShift,OTRoundingValueMax_Time_Holiday,smallint
dbo,tShift,OTTimeOnDay,smallint
dbo,tShift,OTTime_HolidayOnDay,smallint
dbo,tShift,OTShift_Time,smallint
dbo,tShift,OTRoundingValueMax_Time_Minute,smallint
dbo,tShift,OTRoundingValueMax_Time_Holiday_Minute,smallint
dbo,tShift,TimeOT,smallint
dbo,tShift,Cut_OT_Time,smallint
dbo,tShift,Cut_OT_Minute,smallint
dbo,tShift,Cut_OT_TimeOnDay,smallint
dbo,tShift,Give_OT,varchar
dbo,tShift,OT_Midday,smallint
dbo,tShift,OT_Evening,smallint
dbo,tShift,OT_Midday_Hour,decimal
dbo,tShift,OT_Evening_Hour,decimal
dbo,tShift,ShiftTask_OTRounding,decimal
dbo,tShift,ShiftTask_OTRoundingValue,decimal
dbo,tShift,ShiftCalOTType,smallint
dbo,tShift,ShiftTask_IsCalOtAfterShiftWorkUnitFlying,smallint
dbo,tShiftOT,SHFOT_ID,uniqueidentifier
dbo,tShiftOT,OTInStartTime,smalldatetime
dbo,tShiftOT,OTInStartTime_OnDay,smallint
dbo,tShiftOT,OTInEndTime,smalldatetime
dbo,tShiftOT,OTInEndTime_OnDay,smallint
dbo,tShiftOT,OTOutStartTime,smalldatetime
dbo,tShiftOT,OTOutStartTime_OnDay,smallint
dbo,tShiftOT,OTOutEndTime,smalldatetime
dbo,tShiftOT,OTOutEndTime_OnDay,smallint
dbo,tShiftOT,OTValue,decimal
dbo,tShiftOT,aOTValue,decimal
dbo,tShiftOT,bOTValue,decimal
dbo,tShiftOT,cOTValue,decimal
dbo,tShiftOT,CodeShiftOT,varchar
dbo,tSiteTR,Other_Country,smallint
dbo,tSiteUpdatePlan,Note,nvarchar
dbo,tSuspend_Request,Other1_ID,uniqueidentifier
dbo,tSuspend_Request,Other2_ID,uniqueidentifier
dbo,tSuspend_Request,Other3_ID,uniqueidentifier
dbo,tSuspend_Request,Other4_ID,uniqueidentifier
dbo,tSuspend_Request,Other5_ID,uniqueidentifier
dbo,tSuspend_Request,Quota_LeaveYear,varchar
dbo,tSystem_Event,REMOTE_ADDR,varchar
dbo,tTax,MinSalary_Other,money
dbo,tTax,MaxSalary_Other,money
dbo,tTax,Salary_Other,money
dbo,tTax,TaxOther,decimal
dbo,tTax91,CTotalTax,decimal
dbo,tTax91,NTotalChild,int
dbo,tTax91,CTotalChild,decimal
dbo,tTax91,NTotalChild2,smallint
dbo,tTax91,CTotalChild2,decimal
dbo,tTax91,NTotalChild1,smallint
dbo,tTax91,CTotalChild1,decimal
dbo,tTax91,COtherDeduction,decimal
dbo,tTax91,COtherDeduction40_2,decimal
dbo,tTemp_AutoPushTime_Auto,InTimeOT_Hour,smallint
dbo,tTemp_AutoPushTime_Auto,InTimeOT_Minute,smallint
dbo,tTemp_AutoPushTime_Auto,OutTimeOT_Hour,smallint
dbo,tTemp_AutoPushTime_Auto,OutTimeOT_Minute,smallint
dbo,tTemp_AutoPushTime_Auto,nOT1,decimal
dbo,tTemp_AutoPushTime_Auto,nOT1_5,decimal
dbo,tTemp_AutoPushTime_Auto,nOT2,decimal
dbo,tTemp_AutoPushTime_Auto,nOT3,decimal
dbo,tTemp_AutoPushTime_Auto,naOT1,decimal
dbo,tTemp_AutoPushTime_Auto,naOT1_5,decimal
dbo,tTemp_AutoPushTime_Auto,naOT2,decimal
dbo,tTemp_AutoPushTime_Auto,naOT3,decimal
dbo,tTemp_AutoPushTime_Auto,nbOT1,decimal
dbo,tTemp_AutoPushTime_Auto,nbOT1_5,decimal
dbo,tTemp_AutoPushTime_Auto,nbOT2,decimal
dbo,tTemp_AutoPushTime_Auto,nbOT3,decimal
dbo,tTemp_AutoPushTime_Auto,ncOT1,decimal
dbo,tTemp_AutoPushTime_Auto,ncOT1_5,decimal
dbo,tTemp_AutoPushTime_Auto,ncOT2,decimal
dbo,tTemp_AutoPushTime_Auto,ncOT3,decimal
dbo,tTemp_AutoPushTime_Auto,TempInTimeOT_Hour,smallint
dbo,tTemp_AutoPushTime_Auto,TempInTimeOT_Minute,smallint
dbo,tTemp_AutoPushTime_Auto,TempOTStart_Hour,smallint
dbo,tTemp_AutoPushTime_Auto,TempOTStart_Minute,smallint
dbo,tTemp_AutoPushTime_Auto,TempOTEnd_Hour,smallint
dbo,tTemp_AutoPushTime_Auto,TempOTEnd_Minute,smallint
dbo,tTemp_AutoPushTime_Auto,CAL_nOT1,decimal
dbo,tTemp_AutoPushTime_Auto,CAL_nOT1_5,decimal
dbo,tTemp_AutoPushTime_Auto,CAL_nOT2,decimal
dbo,tTemp_AutoPushTime_Auto,CAL_nOT3,decimal
dbo,tTemp_AutoPushTime_Auto,OTApproveStatus,smallint
dbo,tTemp_AutoPushTime_MT,InTimeOT_Hour,smallint
dbo,tTemp_AutoPushTime_MT,InTimeOT_Minute,smallint
dbo,tTemp_AutoPushTime_MT,OutTimeOT_Hour,smallint
dbo,tTemp_AutoPushTime_MT,OutTimeOT_Minute,smallint
dbo,tTemp_AutoPushTime_MT,nOT1,decimal
dbo,tTemp_AutoPushTime_MT,nOT1_5,decimal
dbo,tTemp_AutoPushTime_MT,nOT2,decimal
dbo,tTemp_AutoPushTime_MT,nOT3,decimal
dbo,tTemp_AutoPushTime_MT,naOT1,decimal
dbo,tTemp_AutoPushTime_MT,naOT1_5,decimal
dbo,tTemp_AutoPushTime_MT,naOT2,decimal
dbo,tTemp_AutoPushTime_MT,naOT3,decimal
dbo,tTemp_AutoPushTime_MT,nbOT1,decimal
dbo,tTemp_AutoPushTime_MT,nbOT1_5,decimal
dbo,tTemp_AutoPushTime_MT,nbOT2,decimal
dbo,tTemp_AutoPushTime_MT,nbOT3,decimal
dbo,tTemp_AutoPushTime_MT,ncOT1,decimal
dbo,tTemp_AutoPushTime_MT,ncOT1_5,decimal
dbo,tTemp_AutoPushTime_MT,ncOT2,decimal
dbo,tTemp_AutoPushTime_MT,ncOT3,decimal
dbo,tTemp_AutoPushTime_MT,TempInTimeOT_Hour,smallint
dbo,tTemp_AutoPushTime_MT,TempInTimeOT_Minute,smallint
dbo,tTemp_AutoPushTime_MT,TempOTStart_Hour,smallint
dbo,tTemp_AutoPushTime_MT,TempOTStart_Minute,smallint
dbo,tTemp_AutoPushTime_MT,TempOTEnd_Hour,smallint
dbo,tTemp_AutoPushTime_MT,TempOTEnd_Minute,smallint
dbo,tTemp_AutoPushTime_MT,CAL_nOT1,decimal
dbo,tTemp_AutoPushTime_MT,CAL_nOT1_5,decimal
dbo,tTemp_AutoPushTime_MT,CAL_nOT2,decimal
dbo,tTemp_AutoPushTime_MT,CAL_nOT3,decimal
dbo,tTemp_AutoPushTime_MT,OTApproveStatus,smallint
dbo,tTemp_COM100005450_SYN_01,InTimeOT_Hour,smallint
dbo,tTemp_COM100005450_SYN_01,InTimeOT_Minute,smallint
dbo,tTemp_COM100005450_SYN_01,OutTimeOT_Hour,smallint
dbo,tTemp_COM100005450_SYN_01,OutTimeOT_Minute,smallint
dbo,tTemp_COM100005450_SYN_01,nOT1,decimal
dbo,tTemp_COM100005450_SYN_01,nOT1_5,decimal
dbo,tTemp_COM100005450_SYN_01,nOT2,decimal
dbo,tTemp_COM100005450_SYN_01,nOT3,decimal
dbo,tTemp_COM100005450_SYN_01,naOT1,decimal
dbo,tTemp_COM100005450_SYN_01,naOT1_5,decimal
dbo,tTemp_COM100005450_SYN_01,naOT2,decimal
dbo,tTemp_COM100005450_SYN_01,naOT3,decimal
dbo,tTemp_COM100005450_SYN_01,nbOT1,decimal
dbo,tTemp_COM100005450_SYN_01,nbOT1_5,decimal
dbo,tTemp_COM100005450_SYN_01,nbOT2,decimal
dbo,tTemp_COM100005450_SYN_01,nbOT3,decimal
dbo,tTemp_COM100005450_SYN_01,ncOT1,decimal
dbo,tTemp_COM100005450_SYN_01,ncOT1_5,decimal
dbo,tTemp_COM100005450_SYN_01,ncOT2,decimal
dbo,tTemp_COM100005450_SYN_01,ncOT3,decimal
dbo,tTemp_COM100005450_SYN_01,TempInTimeOT_Hour,smallint
dbo,tTemp_COM100005450_SYN_01,TempInTimeOT_Minute,smallint
dbo,tTemp_COM100005450_SYN_01,TempOTStart_Hour,smallint
dbo,tTemp_COM100005450_SYN_01,TempOTStart_Minute,smallint
dbo,tTemp_COM100005450_SYN_01,TempOTEnd_Hour,smallint
dbo,tTemp_COM100005450_SYN_01,TempOTEnd_Minute,smallint
dbo,tTemp_COM100005450_SYN_01,CAL_nOT1,decimal
dbo,tTemp_COM100005450_SYN_01,CAL_nOT1_5,decimal
dbo,tTemp_COM100005450_SYN_01,CAL_nOT2,decimal
dbo,tTemp_COM100005450_SYN_01,CAL_nOT3,decimal
dbo,tTemp_COM100005450_SYN_01,OTApproveStatus,smallint
dbo,tTemp_COM100006556_SYN_01,InTimeOT_Hour,smallint
dbo,tTemp_COM100006556_SYN_01,InTimeOT_Minute,smallint
dbo,tTemp_COM100006556_SYN_01,OutTimeOT_Hour,smallint
dbo,tTemp_COM100006556_SYN_01,OutTimeOT_Minute,smallint
dbo,tTemp_COM100006556_SYN_01,nOT1,decimal
dbo,tTemp_COM100006556_SYN_01,nOT1_5,decimal
dbo,tTemp_COM100006556_SYN_01,nOT2,decimal
dbo,tTemp_COM100006556_SYN_01,nOT3,decimal
dbo,tTemp_COM100006556_SYN_01,naOT1,decimal
dbo,tTemp_COM100006556_SYN_01,naOT1_5,decimal
dbo,tTemp_COM100006556_SYN_01,naOT2,decimal
dbo,tTemp_COM100006556_SYN_01,naOT3,decimal
dbo,tTemp_COM100006556_SYN_01,nbOT1,decimal
dbo,tTemp_COM100006556_SYN_01,nbOT1_5,decimal
dbo,tTemp_COM100006556_SYN_01,nbOT2,decimal
dbo,tTemp_COM100006556_SYN_01,nbOT3,decimal
dbo,tTemp_COM100006556_SYN_01,ncOT1,decimal
dbo,tTemp_COM100006556_SYN_01,ncOT1_5,decimal
dbo,tTemp_COM100006556_SYN_01,ncOT2,decimal
dbo,tTemp_COM100006556_SYN_01,ncOT3,decimal
dbo,tTemp_COM100006556_SYN_01,TempInTimeOT_Hour,smallint
dbo,tTemp_COM100006556_SYN_01,TempInTimeOT_Minute,smallint
dbo,tTemp_COM100006556_SYN_01,TempOTStart_Hour,smallint
dbo,tTemp_COM100006556_SYN_01,TempOTStart_Minute,smallint
dbo,tTemp_COM100006556_SYN_01,TempOTEnd_Hour,smallint
dbo,tTemp_COM100006556_SYN_01,TempOTEnd_Minute,smallint
dbo,tTemp_COM100006556_SYN_01,CAL_nOT1,decimal
dbo,tTemp_COM100006556_SYN_01,CAL_nOT1_5,decimal
dbo,tTemp_COM100006556_SYN_01,CAL_nOT2,decimal
dbo,tTemp_COM100006556_SYN_01,CAL_nOT3,decimal
dbo,tTemp_COM100006556_SYN_01,OTApproveStatus,smallint
dbo,tTemp_COM100009403_SYN_01,InTimeOT_Hour,smallint
dbo,tTemp_COM100009403_SYN_01,InTimeOT_Minute,smallint
dbo,tTemp_COM100009403_SYN_01,OutTimeOT_Hour,smallint
dbo,tTemp_COM100009403_SYN_01,OutTimeOT_Minute,smallint
dbo,tTemp_COM100009403_SYN_01,nOT1,decimal
dbo,tTemp_COM100009403_SYN_01,nOT1_5,decimal
dbo,tTemp_COM100009403_SYN_01,nOT2,decimal
dbo,tTemp_COM100009403_SYN_01,nOT3,decimal
dbo,tTemp_COM100009403_SYN_01,naOT1,decimal
dbo,tTemp_COM100009403_SYN_01,naOT1_5,decimal
dbo,tTemp_COM100009403_SYN_01,naOT2,decimal
dbo,tTemp_COM100009403_SYN_01,naOT3,decimal
dbo,tTemp_COM100009403_SYN_01,nbOT1,decimal
dbo,tTemp_COM100009403_SYN_01,nbOT1_5,decimal
dbo,tTemp_COM100009403_SYN_01,nbOT2,decimal
dbo,tTemp_COM100009403_SYN_01,nbOT3,decimal
dbo,tTemp_COM100009403_SYN_01,ncOT1,decimal
dbo,tTemp_COM100009403_SYN_01,ncOT1_5,decimal
dbo,tTemp_COM100009403_SYN_01,ncOT2,decimal
dbo,tTemp_COM100009403_SYN_01,ncOT3,decimal
dbo,tTemp_COM100009403_SYN_01,TempInTimeOT_Hour,smallint
dbo,tTemp_COM100009403_SYN_01,TempInTimeOT_Minute,smallint
dbo,tTemp_COM100009403_SYN_01,TempOTStart_Hour,smallint
dbo,tTemp_COM100009403_SYN_01,TempOTStart_Minute,smallint
dbo,tTemp_COM100009403_SYN_01,TempOTEnd_Hour,smallint
dbo,tTemp_COM100009403_SYN_01,TempOTEnd_Minute,smallint
dbo,tTemp_COM100009403_SYN_01,CAL_nOT1,decimal
dbo,tTemp_COM100009403_SYN_01,CAL_nOT1_5,decimal
dbo,tTemp_COM100009403_SYN_01,CAL_nOT2,decimal
dbo,tTemp_COM100009403_SYN_01,CAL_nOT3,decimal
dbo,tTemp_COM100009403_SYN_01,OTApproveStatus,smallint
dbo,tTemp_COM100009404_SYN_01,InTimeOT_Hour,smallint
dbo,tTemp_COM100009404_SYN_01,InTimeOT_Minute,smallint
dbo,tTemp_COM100009404_SYN_01,OutTimeOT_Hour,smallint
dbo,tTemp_COM100009404_SYN_01,OutTimeOT_Minute,smallint
dbo,tTemp_COM100009404_SYN_01,nOT1,decimal
dbo,tTemp_COM100009404_SYN_01,nOT1_5,decimal
dbo,tTemp_COM100009404_SYN_01,nOT2,decimal
dbo,tTemp_COM100009404_SYN_01,nOT3,decimal
dbo,tTemp_COM100009404_SYN_01,naOT1,decimal
dbo,tTemp_COM100009404_SYN_01,naOT1_5,decimal
dbo,tTemp_COM100009404_SYN_01,naOT2,decimal
dbo,tTemp_COM100009404_SYN_01,naOT3,decimal
dbo,tTemp_COM100009404_SYN_01,nbOT1,decimal
dbo,tTemp_COM100009404_SYN_01,nbOT1_5,decimal
dbo,tTemp_COM100009404_SYN_01,nbOT2,decimal
dbo,tTemp_COM100009404_SYN_01,nbOT3,decimal
dbo,tTemp_COM100009404_SYN_01,ncOT1,decimal
dbo,tTemp_COM100009404_SYN_01,ncOT1_5,decimal
dbo,tTemp_COM100009404_SYN_01,ncOT2,decimal
dbo,tTemp_COM100009404_SYN_01,ncOT3,decimal
dbo,tTemp_COM100009404_SYN_01,TempInTimeOT_Hour,smallint
dbo,tTemp_COM100009404_SYN_01,TempInTimeOT_Minute,smallint
dbo,tTemp_COM100009404_SYN_01,TempOTStart_Hour,smallint
dbo,tTemp_COM100009404_SYN_01,TempOTStart_Minute,smallint
dbo,tTemp_COM100009404_SYN_01,TempOTEnd_Hour,smallint
dbo,tTemp_COM100009404_SYN_01,TempOTEnd_Minute,smallint
dbo,tTemp_COM100009404_SYN_01,CAL_nOT1,decimal
dbo,tTemp_COM100009404_SYN_01,CAL_nOT1_5,decimal
dbo,tTemp_COM100009404_SYN_01,CAL_nOT2,decimal
dbo,tTemp_COM100009404_SYN_01,CAL_nOT3,decimal
dbo,tTemp_COM100009404_SYN_01,OTApproveStatus,smallint
dbo,tTemp_COM1000114628_SYN_01,InTimeOT_Hour,smallint
dbo,tTemp_COM1000114628_SYN_01,InTimeOT_Minute,smallint
dbo,tTemp_COM1000114628_SYN_01,OutTimeOT_Hour,smallint
dbo,tTemp_COM1000114628_SYN_01,OutTimeOT_Minute,smallint
dbo,tTemp_COM1000114628_SYN_01,nOT1,decimal
dbo,tTemp_COM1000114628_SYN_01,nOT1_5,decimal
dbo,tTemp_COM1000114628_SYN_01,nOT2,decimal
dbo,tTemp_COM1000114628_SYN_01,nOT3,decimal
dbo,tTemp_COM1000114628_SYN_01,naOT1,decimal
dbo,tTemp_COM1000114628_SYN_01,naOT1_5,decimal
dbo,tTemp_COM1000114628_SYN_01,naOT2,decimal
dbo,tTemp_COM1000114628_SYN_01,naOT3,decimal
dbo,tTemp_COM1000114628_SYN_01,nbOT1,decimal
dbo,tTemp_COM1000114628_SYN_01,nbOT1_5,decimal
dbo,tTemp_COM1000114628_SYN_01,nbOT2,decimal
dbo,tTemp_COM1000114628_SYN_01,nbOT3,decimal
dbo,tTemp_COM1000114628_SYN_01,ncOT1,decimal
dbo,tTemp_COM1000114628_SYN_01,ncOT1_5,decimal
dbo,tTemp_COM1000114628_SYN_01,ncOT2,decimal
dbo,tTemp_COM1000114628_SYN_01,ncOT3,decimal
dbo,tTemp_COM1000114628_SYN_01,TempInTimeOT_Hour,smallint
dbo,tTemp_COM1000114628_SYN_01,TempInTimeOT_Minute,smallint
dbo,tTemp_COM1000114628_SYN_01,TempOTStart_Hour,smallint
dbo,tTemp_COM1000114628_SYN_01,TempOTStart_Minute,smallint
dbo,tTemp_COM1000114628_SYN_01,TempOTEnd_Hour,smallint
dbo,tTemp_COM1000114628_SYN_01,TempOTEnd_Minute,smallint
dbo,tTemp_COM1000114628_SYN_01,CAL_nOT1,decimal
dbo,tTemp_COM1000114628_SYN_01,CAL_nOT1_5,decimal
dbo,tTemp_COM1000114628_SYN_01,CAL_nOT2,decimal
dbo,tTemp_COM1000114628_SYN_01,CAL_nOT3,decimal
dbo,tTemp_COM1000114628_SYN_01,OTApproveStatus,smallint
dbo,tTemp_COM100011613_SYN_01,InTimeOT_Hour,smallint
dbo,tTemp_COM100011613_SYN_01,InTimeOT_Minute,smallint
dbo,tTemp_COM100011613_SYN_01,OutTimeOT_Hour,smallint
dbo,tTemp_COM100011613_SYN_01,OutTimeOT_Minute,smallint
dbo,tTemp_COM100011613_SYN_01,nOT1,decimal
dbo,tTemp_COM100011613_SYN_01,nOT1_5,decimal
dbo,tTemp_COM100011613_SYN_01,nOT2,decimal
dbo,tTemp_COM100011613_SYN_01,nOT3,decimal
dbo,tTemp_COM100011613_SYN_01,naOT1,decimal
dbo,tTemp_COM100011613_SYN_01,naOT1_5,decimal
dbo,tTemp_COM100011613_SYN_01,naOT2,decimal
dbo,tTemp_COM100011613_SYN_01,naOT3,decimal
dbo,tTemp_COM100011613_SYN_01,nbOT1,decimal
dbo,tTemp_COM100011613_SYN_01,nbOT1_5,decimal
dbo,tTemp_COM100011613_SYN_01,nbOT2,decimal
dbo,tTemp_COM100011613_SYN_01,nbOT3,decimal
dbo,tTemp_COM100011613_SYN_01,ncOT1,decimal
dbo,tTemp_COM100011613_SYN_01,ncOT1_5,decimal
dbo,tTemp_COM100011613_SYN_01,ncOT2,decimal
dbo,tTemp_COM100011613_SYN_01,ncOT3,decimal
dbo,tTemp_COM100011613_SYN_01,TempInTimeOT_Hour,smallint
dbo,tTemp_COM100011613_SYN_01,TempInTimeOT_Minute,smallint
dbo,tTemp_COM100011613_SYN_01,TempOTStart_Hour,smallint
dbo,tTemp_COM100011613_SYN_01,TempOTStart_Minute,smallint
dbo,tTemp_COM100011613_SYN_01,TempOTEnd_Hour,smallint
dbo,tTemp_COM100011613_SYN_01,TempOTEnd_Minute,smallint
dbo,tTemp_COM100011613_SYN_01,CAL_nOT1,decimal
dbo,tTemp_COM100011613_SYN_01,CAL_nOT1_5,decimal
dbo,tTemp_COM100011613_SYN_01,CAL_nOT2,decimal
dbo,tTemp_COM100011613_SYN_01,CAL_nOT3,decimal
dbo,tTemp_COM100011613_SYN_01,OTApproveStatus,smallint
dbo,tTemp_COM100011658_SYN_01,InTimeOT_Hour,smallint
dbo,tTemp_COM100011658_SYN_01,InTimeOT_Minute,smallint
dbo,tTemp_COM100011658_SYN_01,OutTimeOT_Hour,smallint
dbo,tTemp_COM100011658_SYN_01,OutTimeOT_Minute,smallint
dbo,tTemp_COM100011658_SYN_01,nOT1,decimal
dbo,tTemp_COM100011658_SYN_01,nOT1_5,decimal
dbo,tTemp_COM100011658_SYN_01,nOT2,decimal
dbo,tTemp_COM100011658_SYN_01,nOT3,decimal
dbo,tTemp_COM100011658_SYN_01,naOT1,decimal
dbo,tTemp_COM100011658_SYN_01,naOT1_5,decimal
dbo,tTemp_COM100011658_SYN_01,naOT2,decimal
dbo,tTemp_COM100011658_SYN_01,naOT3,decimal
dbo,tTemp_COM100011658_SYN_01,nbOT1,decimal
dbo,tTemp_COM100011658_SYN_01,nbOT1_5,decimal
dbo,tTemp_COM100011658_SYN_01,nbOT2,decimal
dbo,tTemp_COM100011658_SYN_01,nbOT3,decimal
dbo,tTemp_COM100011658_SYN_01,ncOT1,decimal
dbo,tTemp_COM100011658_SYN_01,ncOT1_5,decimal
dbo,tTemp_COM100011658_SYN_01,ncOT2,decimal
dbo,tTemp_COM100011658_SYN_01,ncOT3,decimal
dbo,tTemp_COM100011658_SYN_01,TempInTimeOT_Hour,smallint
dbo,tTemp_COM100011658_SYN_01,TempInTimeOT_Minute,smallint
dbo,tTemp_COM100011658_SYN_01,TempOTStart_Hour,smallint
dbo,tTemp_COM100011658_SYN_01,TempOTStart_Minute,smallint
dbo,tTemp_COM100011658_SYN_01,TempOTEnd_Hour,smallint
dbo,tTemp_COM100011658_SYN_01,TempOTEnd_Minute,smallint
dbo,tTemp_COM100011658_SYN_01,CAL_nOT1,decimal
dbo,tTemp_COM100011658_SYN_01,CAL_nOT1_5,decimal
dbo,tTemp_COM100011658_SYN_01,CAL_nOT2,decimal
dbo,tTemp_COM100011658_SYN_01,CAL_nOT3,decimal
dbo,tTemp_COM100011658_SYN_01,OTApproveStatus,smallint
dbo,tTemp_COM100012952_SYN_01,InTimeOT_Hour,smallint
dbo,tTemp_COM100012952_SYN_01,InTimeOT_Minute,smallint
dbo,tTemp_COM100012952_SYN_01,OutTimeOT_Hour,smallint
dbo,tTemp_COM100012952_SYN_01,OutTimeOT_Minute,smallint
dbo,tTemp_COM100012952_SYN_01,nOT1,decimal
dbo,tTemp_COM100012952_SYN_01,nOT1_5,decimal
dbo,tTemp_COM100012952_SYN_01,nOT2,decimal
dbo,tTemp_COM100012952_SYN_01,nOT3,decimal
dbo,tTemp_COM100012952_SYN_01,naOT1,decimal
dbo,tTemp_COM100012952_SYN_01,naOT1_5,decimal
dbo,tTemp_COM100012952_SYN_01,naOT2,decimal
dbo,tTemp_COM100012952_SYN_01,naOT3,decimal
dbo,tTemp_COM100012952_SYN_01,nbOT1,decimal
dbo,tTemp_COM100012952_SYN_01,nbOT1_5,decimal
dbo,tTemp_COM100012952_SYN_01,nbOT2,decimal
dbo,tTemp_COM100012952_SYN_01,nbOT3,decimal
dbo,tTemp_COM100012952_SYN_01,ncOT1,decimal
dbo,tTemp_COM100012952_SYN_01,ncOT1_5,decimal
dbo,tTemp_COM100012952_SYN_01,ncOT2,decimal
dbo,tTemp_COM100012952_SYN_01,ncOT3,decimal
dbo,tTemp_COM100012952_SYN_01,TempInTimeOT_Hour,smallint
dbo,tTemp_COM100012952_SYN_01,TempInTimeOT_Minute,smallint
dbo,tTemp_COM100012952_SYN_01,TempOTStart_Hour,smallint
dbo,tTemp_COM100012952_SYN_01,TempOTStart_Minute,smallint
dbo,tTemp_COM100012952_SYN_01,TempOTEnd_Hour,smallint
dbo,tTemp_COM100012952_SYN_01,TempOTEnd_Minute,smallint
dbo,tTemp_COM100012952_SYN_01,CAL_nOT1,decimal
dbo,tTemp_COM100012952_SYN_01,CAL_nOT1_5,decimal
dbo,tTemp_COM100012952_SYN_01,CAL_nOT2,decimal
dbo,tTemp_COM100012952_SYN_01,CAL_nOT3,decimal
dbo,tTemp_COM100012952_SYN_01,OTApproveStatus,smallint
dbo,tTemp_COM1000129521_SYN_01,InTimeOT_Hour,smallint
dbo,tTemp_COM1000129521_SYN_01,InTimeOT_Minute,smallint
dbo,tTemp_COM1000129521_SYN_01,OutTimeOT_Hour,smallint
dbo,tTemp_COM1000129521_SYN_01,OutTimeOT_Minute,smallint
dbo,tTemp_COM1000129521_SYN_01,nOT1,decimal
dbo,tTemp_COM1000129521_SYN_01,nOT1_5,decimal
dbo,tTemp_COM1000129521_SYN_01,nOT2,decimal
dbo,tTemp_COM1000129521_SYN_01,nOT3,decimal
dbo,tTemp_COM1000129521_SYN_01,naOT1,decimal
dbo,tTemp_COM1000129521_SYN_01,naOT1_5,decimal
dbo,tTemp_COM1000129521_SYN_01,naOT2,decimal
dbo,tTemp_COM1000129521_SYN_01,naOT3,decimal
dbo,tTemp_COM1000129521_SYN_01,nbOT1,decimal
dbo,tTemp_COM1000129521_SYN_01,nbOT1_5,decimal
dbo,tTemp_COM1000129521_SYN_01,nbOT2,decimal
dbo,tTemp_COM1000129521_SYN_01,nbOT3,decimal
dbo,tTemp_COM1000129521_SYN_01,ncOT1,decimal
dbo,tTemp_COM1000129521_SYN_01,ncOT1_5,decimal
dbo,tTemp_COM1000129521_SYN_01,ncOT2,decimal
dbo,tTemp_COM1000129521_SYN_01,ncOT3,decimal
dbo,tTemp_COM1000129521_SYN_01,TempInTimeOT_Hour,smallint
dbo,tTemp_COM1000129521_SYN_01,TempInTimeOT_Minute,smallint
dbo,tTemp_COM1000129521_SYN_01,TempOTStart_Hour,smallint
dbo,tTemp_COM1000129521_SYN_01,TempOTStart_Minute,smallint
dbo,tTemp_COM1000129521_SYN_01,TempOTEnd_Hour,smallint
dbo,tTemp_COM1000129521_SYN_01,TempOTEnd_Minute,smallint
dbo,tTemp_COM1000129521_SYN_01,CAL_nOT1,decimal
dbo,tTemp_COM1000129521_SYN_01,CAL_nOT1_5,decimal
dbo,tTemp_COM1000129521_SYN_01,CAL_nOT2,decimal
dbo,tTemp_COM1000129521_SYN_01,CAL_nOT3,decimal
dbo,tTemp_COM1000129521_SYN_01,OTApproveStatus,smallint
dbo,tTemp_COM100014629_SYN_01,InTimeOT_Hour,smallint
dbo,tTemp_COM100014629_SYN_01,InTimeOT_Minute,smallint
dbo,tTemp_COM100014629_SYN_01,OutTimeOT_Hour,smallint
dbo,tTemp_COM100014629_SYN_01,OutTimeOT_Minute,smallint
dbo,tTemp_COM100014629_SYN_01,nOT1,decimal
dbo,tTemp_COM100014629_SYN_01,nOT1_5,decimal
dbo,tTemp_COM100014629_SYN_01,nOT2,decimal
dbo,tTemp_COM100014629_SYN_01,nOT3,decimal
dbo,tTemp_COM100014629_SYN_01,naOT1,decimal
dbo,tTemp_COM100014629_SYN_01,naOT1_5,decimal
dbo,tTemp_COM100014629_SYN_01,naOT2,decimal
dbo,tTemp_COM100014629_SYN_01,naOT3,decimal
dbo,tTemp_COM100014629_SYN_01,nbOT1,decimal
dbo,tTemp_COM100014629_SYN_01,nbOT1_5,decimal
dbo,tTemp_COM100014629_SYN_01,nbOT2,decimal
dbo,tTemp_COM100014629_SYN_01,nbOT3,decimal
dbo,tTemp_COM100014629_SYN_01,ncOT1,decimal
dbo,tTemp_COM100014629_SYN_01,ncOT1_5,decimal
dbo,tTemp_COM100014629_SYN_01,ncOT2,decimal
dbo,tTemp_COM100014629_SYN_01,ncOT3,decimal
dbo,tTemp_COM100014629_SYN_01,TempInTimeOT_Hour,smallint
dbo,tTemp_COM100014629_SYN_01,TempInTimeOT_Minute,smallint
dbo,tTemp_COM100014629_SYN_01,TempOTStart_Hour,smallint
dbo,tTemp_COM100014629_SYN_01,TempOTStart_Minute,smallint
dbo,tTemp_COM100014629_SYN_01,TempOTEnd_Hour,smallint
dbo,tTemp_COM100014629_SYN_01,TempOTEnd_Minute,smallint
dbo,tTemp_COM100014629_SYN_01,CAL_nOT1,decimal
dbo,tTemp_COM100014629_SYN_01,CAL_nOT1_5,decimal
dbo,tTemp_COM100014629_SYN_01,CAL_nOT2,decimal
dbo,tTemp_COM100014629_SYN_01,CAL_nOT3,decimal
dbo,tTemp_COM100014629_SYN_01,OTApproveStatus,smallint
dbo,tTemp_COM133_SYN_01,InTimeOT_Hour,smallint
dbo,tTemp_COM133_SYN_01,InTimeOT_Minute,smallint
dbo,tTemp_COM133_SYN_01,OutTimeOT_Hour,smallint
dbo,tTemp_COM133_SYN_01,OutTimeOT_Minute,smallint
dbo,tTemp_COM133_SYN_01,nOT1,decimal
dbo,tTemp_COM133_SYN_01,nOT1_5,decimal
dbo,tTemp_COM133_SYN_01,nOT2,decimal
dbo,tTemp_COM133_SYN_01,nOT3,decimal
dbo,tTemp_COM133_SYN_01,naOT1,decimal
dbo,tTemp_COM133_SYN_01,naOT1_5,decimal
dbo,tTemp_COM133_SYN_01,naOT2,decimal
dbo,tTemp_COM133_SYN_01,naOT3,decimal
dbo,tTemp_COM133_SYN_01,nbOT1,decimal
dbo,tTemp_COM133_SYN_01,nbOT1_5,decimal
dbo,tTemp_COM133_SYN_01,nbOT2,decimal
dbo,tTemp_COM133_SYN_01,nbOT3,decimal
dbo,tTemp_COM133_SYN_01,ncOT1,decimal
dbo,tTemp_COM133_SYN_01,ncOT1_5,decimal
dbo,tTemp_COM133_SYN_01,ncOT2,decimal
dbo,tTemp_COM133_SYN_01,ncOT3,decimal
dbo,tTemp_COM133_SYN_01,TempInTimeOT_Hour,smallint
dbo,tTemp_COM133_SYN_01,TempInTimeOT_Minute,smallint
dbo,tTemp_COM133_SYN_01,TempOTStart_Hour,smallint
dbo,tTemp_COM133_SYN_01,TempOTStart_Minute,smallint
dbo,tTemp_COM133_SYN_01,TempOTEnd_Hour,smallint
dbo,tTemp_COM133_SYN_01,TempOTEnd_Minute,smallint
dbo,tTemp_COM133_SYN_01,CAL_nOT1,decimal
dbo,tTemp_COM133_SYN_01,CAL_nOT1_5,decimal
dbo,tTemp_COM133_SYN_01,CAL_nOT2,decimal
dbo,tTemp_COM133_SYN_01,CAL_nOT3,decimal
dbo,tTemp_COM133_SYN_01,OTApproveStatus,smallint
dbo,tTemp_DESKTOPCPFG9DI_SYN_01,InTimeOT_Hour,smallint
dbo,tTemp_DESKTOPCPFG9DI_SYN_01,InTimeOT_Minute,smallint
dbo,tTemp_DESKTOPCPFG9DI_SYN_01,OutTimeOT_Hour,smallint
dbo,tTemp_DESKTOPCPFG9DI_SYN_01,OutTimeOT_Minute,smallint
dbo,tTemp_DESKTOPCPFG9DI_SYN_01,nOT1,decimal
dbo,tTemp_DESKTOPCPFG9DI_SYN_01,nOT1_5,decimal
dbo,tTemp_DESKTOPCPFG9DI_SYN_01,nOT2,decimal
dbo,tTemp_DESKTOPCPFG9DI_SYN_01,nOT3,decimal
dbo,tTemp_DESKTOPCPFG9DI_SYN_01,naOT1,decimal
dbo,tTemp_DESKTOPCPFG9DI_SYN_01,naOT1_5,decimal
dbo,tTemp_DESKTOPCPFG9DI_SYN_01,naOT2,decimal
dbo,tTemp_DESKTOPCPFG9DI_SYN_01,naOT3,decimal
dbo,tTemp_DESKTOPCPFG9DI_SYN_01,nbOT1,decimal
dbo,tTemp_DESKTOPCPFG9DI_SYN_01,nbOT1_5,decimal
dbo,tTemp_DESKTOPCPFG9DI_SYN_01,nbOT2,decimal
dbo,tTemp_DESKTOPCPFG9DI_SYN_01,nbOT3,decimal
dbo,tTemp_DESKTOPCPFG9DI_SYN_01,ncOT1,decimal
dbo,tTemp_DESKTOPCPFG9DI_SYN_01,ncOT1_5,decimal
dbo,tTemp_DESKTOPCPFG9DI_SYN_01,ncOT2,decimal
dbo,tTemp_DESKTOPCPFG9DI_SYN_01,ncOT3,decimal
dbo,tTemp_DESKTOPCPFG9DI_SYN_01,TempInTimeOT_Hour,smallint
dbo,tTemp_DESKTOPCPFG9DI_SYN_01,TempInTimeOT_Minute,smallint
dbo,tTemp_DESKTOPCPFG9DI_SYN_01,TempOTStart_Hour,smallint
dbo,tTemp_DESKTOPCPFG9DI_SYN_01,TempOTStart_Minute,smallint
dbo,tTemp_DESKTOPCPFG9DI_SYN_01,TempOTEnd_Hour,smallint
dbo,tTemp_DESKTOPCPFG9DI_SYN_01,TempOTEnd_Minute,smallint
dbo,tTemp_DESKTOPCPFG9DI_SYN_01,CAL_nOT1,decimal
dbo,tTemp_DESKTOPCPFG9DI_SYN_01,CAL_nOT1_5,decimal
dbo,tTemp_DESKTOPCPFG9DI_SYN_01,CAL_nOT2,decimal
dbo,tTemp_DESKTOPCPFG9DI_SYN_01,CAL_nOT3,decimal
dbo,tTemp_DESKTOPCPFG9DI_SYN_01,OTApproveStatus,smallint
dbo,tTemp_ImportTime_SCC,InTimeOT_Hour,smallint
dbo,tTemp_ImportTime_SCC,InTimeOT_Minute,smallint
dbo,tTemp_ImportTime_SCC,OutTimeOT_Hour,smallint
dbo,tTemp_ImportTime_SCC,OutTimeOT_Minute,smallint
dbo,tTemp_ImportTime_SCC,nOT1,decimal
dbo,tTemp_ImportTime_SCC,nOT1_5,decimal
dbo,tTemp_ImportTime_SCC,nOT2,decimal
dbo,tTemp_ImportTime_SCC,nOT3,decimal
dbo,tTemp_ImportTime_SCC,naOT1,decimal
dbo,tTemp_ImportTime_SCC,naOT1_5,decimal
dbo,tTemp_ImportTime_SCC,naOT2,decimal
dbo,tTemp_ImportTime_SCC,naOT3,decimal
dbo,tTemp_ImportTime_SCC,nbOT1,decimal
dbo,tTemp_ImportTime_SCC,nbOT1_5,decimal
dbo,tTemp_ImportTime_SCC,nbOT2,decimal
dbo,tTemp_ImportTime_SCC,nbOT3,decimal
dbo,tTemp_ImportTime_SCC,ncOT1,decimal
dbo,tTemp_ImportTime_SCC,ncOT1_5,decimal
dbo,tTemp_ImportTime_SCC,ncOT2,decimal
dbo,tTemp_ImportTime_SCC,ncOT3,decimal
dbo,tTemp_ImportTime_SCC,TempInTimeOT_Hour,smallint
dbo,tTemp_ImportTime_SCC,TempInTimeOT_Minute,smallint
dbo,tTemp_ImportTime_SCC,TempOTStart_Hour,smallint
dbo,tTemp_ImportTime_SCC,TempOTStart_Minute,smallint
dbo,tTemp_ImportTime_SCC,TempOTEnd_Hour,smallint
dbo,tTemp_ImportTime_SCC,TempOTEnd_Minute,smallint
dbo,tTemp_ImportTime_SCC,CAL_nOT1,decimal
dbo,tTemp_ImportTime_SCC,CAL_nOT1_5,decimal
dbo,tTemp_ImportTime_SCC,CAL_nOT2,decimal
dbo,tTemp_ImportTime_SCC,CAL_nOT3,decimal
dbo,tTemp_ImportTime_SCC,OTApproveStatus,smallint
dbo,tTemp_Khemchapasorn_SYN_01,InTimeOT_Hour,smallint
dbo,tTemp_Khemchapasorn_SYN_01,InTimeOT_Minute,smallint
dbo,tTemp_Khemchapasorn_SYN_01,OutTimeOT_Hour,smallint
dbo,tTemp_Khemchapasorn_SYN_01,OutTimeOT_Minute,smallint
dbo,tTemp_Khemchapasorn_SYN_01,nOT1,decimal
dbo,tTemp_Khemchapasorn_SYN_01,nOT1_5,decimal
dbo,tTemp_Khemchapasorn_SYN_01,nOT2,decimal
dbo,tTemp_Khemchapasorn_SYN_01,nOT3,decimal
dbo,tTemp_Khemchapasorn_SYN_01,naOT1,decimal
dbo,tTemp_Khemchapasorn_SYN_01,naOT1_5,decimal
dbo,tTemp_Khemchapasorn_SYN_01,naOT2,decimal
dbo,tTemp_Khemchapasorn_SYN_01,naOT3,decimal
dbo,tTemp_Khemchapasorn_SYN_01,nbOT1,decimal
dbo,tTemp_Khemchapasorn_SYN_01,nbOT1_5,decimal
dbo,tTemp_Khemchapasorn_SYN_01,nbOT2,decimal
dbo,tTemp_Khemchapasorn_SYN_01,nbOT3,decimal
dbo,tTemp_Khemchapasorn_SYN_01,ncOT1,decimal
dbo,tTemp_Khemchapasorn_SYN_01,ncOT1_5,decimal
dbo,tTemp_Khemchapasorn_SYN_01,ncOT2,decimal
dbo,tTemp_Khemchapasorn_SYN_01,ncOT3,decimal
dbo,tTemp_Khemchapasorn_SYN_01,TempInTimeOT_Hour,smallint
dbo,tTemp_Khemchapasorn_SYN_01,TempInTimeOT_Minute,smallint
dbo,tTemp_Khemchapasorn_SYN_01,TempOTStart_Hour,smallint
dbo,tTemp_Khemchapasorn_SYN_01,TempOTStart_Minute,smallint
dbo,tTemp_Khemchapasorn_SYN_01,TempOTEnd_Hour,smallint
dbo,tTemp_Khemchapasorn_SYN_01,TempOTEnd_Minute,smallint
dbo,tTemp_Khemchapasorn_SYN_01,CAL_nOT1,decimal
dbo,tTemp_Khemchapasorn_SYN_01,CAL_nOT1_5,decimal
dbo,tTemp_Khemchapasorn_SYN_01,CAL_nOT2,decimal
dbo,tTemp_Khemchapasorn_SYN_01,CAL_nOT3,decimal
dbo,tTemp_Khemchapasorn_SYN_01,OTApproveStatus,smallint
dbo,tTemp_Leave,Quota_sic,decimal
dbo,tTemp_Leave,Quota_per,decimal
dbo,tTemp_Leave,Quota_vac,decimal
dbo,tTemp_Leave,Quota_L01,decimal
dbo,tTemp_Leave,Quota_L02,decimal
dbo,tTemp_Leave,Quota_L03,decimal
dbo,tTemp_Leave,Quota_L04,decimal
dbo,tTemp_Leave,Quota_L05,decimal
dbo,tTemp_Leave,Quota_L06,decimal
dbo,tTemp_Leave,Quota_L07,decimal
dbo,tTemp_Leave,Quota_L08,decimal
dbo,tTemp_Leave,Quota_L09,decimal
dbo,tTemp_Leave,Quota_L10,decimal
dbo,tTemp_Leave,Quota_L11,decimal
dbo,tTemp_Leave,Quota_L12,decimal
dbo,tTemp_Leave,Quota_L13,decimal
dbo,tTemp_Leave,Quota_L14,decimal
dbo,tTemp_Leave,Quota_L15,decimal
dbo,tTemp_Leave,IsNotPayDay_sic,decimal
dbo,tTemp_Leave,IsNotPayDay_per,decimal
dbo,tTemp_Leave,IsNotPayDay_vac,decimal
dbo,tTemp_Leave,IsNotPayDay_L01,decimal
dbo,tTemp_Leave,IsNotPayDay_L02,decimal
dbo,tTemp_Leave,IsNotPayDay_L03,decimal
dbo,tTemp_Leave,IsNotPayDay_L04,decimal
dbo,tTemp_Leave,IsNotPayDay_L05,decimal
dbo,tTemp_Leave,IsNotPayDay_L06,decimal
dbo,tTemp_Leave,IsNotPayDay_L07,decimal
dbo,tTemp_Leave,IsNotPayDay_L08,decimal
dbo,tTemp_Leave,IsNotPayDay_L09,decimal
dbo,tTemp_Leave,IsNotPayDay_L10,decimal
dbo,tTemp_Leave,IsNotPayDay_L11,decimal
dbo,tTemp_Leave,IsNotPayDay_L12,decimal
dbo,tTemp_Leave,IsNotPayDay_L13,decimal
dbo,tTemp_Leave,IsNotPayDay_L14,decimal
dbo,tTemp_Leave,IsNotPayDay_L15,decimal
dbo,tTemp_SCCDB01_SYN_01,InTimeOT_Hour,smallint
dbo,tTemp_SCCDB01_SYN_01,InTimeOT_Minute,smallint
dbo,tTemp_SCCDB01_SYN_01,OutTimeOT_Hour,smallint
dbo,tTemp_SCCDB01_SYN_01,OutTimeOT_Minute,smallint
dbo,tTemp_SCCDB01_SYN_01,nOT1,decimal
dbo,tTemp_SCCDB01_SYN_01,nOT1_5,decimal
dbo,tTemp_SCCDB01_SYN_01,nOT2,decimal
dbo,tTemp_SCCDB01_SYN_01,nOT3,decimal
dbo,tTemp_SCCDB01_SYN_01,naOT1,decimal
dbo,tTemp_SCCDB01_SYN_01,naOT1_5,decimal
dbo,tTemp_SCCDB01_SYN_01,naOT2,decimal
dbo,tTemp_SCCDB01_SYN_01,naOT3,decimal
dbo,tTemp_SCCDB01_SYN_01,nbOT1,decimal
dbo,tTemp_SCCDB01_SYN_01,nbOT1_5,decimal
dbo,tTemp_SCCDB01_SYN_01,nbOT2,decimal
dbo,tTemp_SCCDB01_SYN_01,nbOT3,decimal
dbo,tTemp_SCCDB01_SYN_01,ncOT1,decimal
dbo,tTemp_SCCDB01_SYN_01,ncOT1_5,decimal
dbo,tTemp_SCCDB01_SYN_01,ncOT2,decimal
dbo,tTemp_SCCDB01_SYN_01,ncOT3,decimal
dbo,tTemp_SCCDB01_SYN_01,TempInTimeOT_Hour,smallint
dbo,tTemp_SCCDB01_SYN_01,TempInTimeOT_Minute,smallint
dbo,tTemp_SCCDB01_SYN_01,TempOTStart_Hour,smallint
dbo,tTemp_SCCDB01_SYN_01,TempOTStart_Minute,smallint
dbo,tTemp_SCCDB01_SYN_01,TempOTEnd_Hour,smallint
dbo,tTemp_SCCDB01_SYN_01,TempOTEnd_Minute,smallint
dbo,tTemp_SCCDB01_SYN_01,CAL_nOT1,decimal
dbo,tTemp_SCCDB01_SYN_01,CAL_nOT1_5,decimal
dbo,tTemp_SCCDB01_SYN_01,CAL_nOT2,decimal
dbo,tTemp_SCCDB01_SYN_01,CAL_nOT3,decimal
dbo,tTemp_SCCDB01_SYN_01,OTApproveStatus,smallint
dbo,tTemp_SCCWEB01_SYN_01,InTimeOT_Hour,smallint
dbo,tTemp_SCCWEB01_SYN_01,InTimeOT_Minute,smallint
dbo,tTemp_SCCWEB01_SYN_01,OutTimeOT_Hour,smallint
dbo,tTemp_SCCWEB01_SYN_01,OutTimeOT_Minute,smallint
dbo,tTemp_SCCWEB01_SYN_01,nOT1,decimal
dbo,tTemp_SCCWEB01_SYN_01,nOT1_5,decimal
dbo,tTemp_SCCWEB01_SYN_01,nOT2,decimal
dbo,tTemp_SCCWEB01_SYN_01,nOT3,decimal
dbo,tTemp_SCCWEB01_SYN_01,naOT1,decimal
dbo,tTemp_SCCWEB01_SYN_01,naOT1_5,decimal
dbo,tTemp_SCCWEB01_SYN_01,naOT2,decimal
dbo,tTemp_SCCWEB01_SYN_01,naOT3,decimal
dbo,tTemp_SCCWEB01_SYN_01,nbOT1,decimal
dbo,tTemp_SCCWEB01_SYN_01,nbOT1_5,decimal
dbo,tTemp_SCCWEB01_SYN_01,nbOT2,decimal
dbo,tTemp_SCCWEB01_SYN_01,nbOT3,decimal
dbo,tTemp_SCCWEB01_SYN_01,ncOT1,decimal
dbo,tTemp_SCCWEB01_SYN_01,ncOT1_5,decimal
dbo,tTemp_SCCWEB01_SYN_01,ncOT2,decimal
dbo,tTemp_SCCWEB01_SYN_01,ncOT3,decimal
dbo,tTemp_SCCWEB01_SYN_01,TempInTimeOT_Hour,smallint
dbo,tTemp_SCCWEB01_SYN_01,TempInTimeOT_Minute,smallint
dbo,tTemp_SCCWEB01_SYN_01,TempOTStart_Hour,smallint
dbo,tTemp_SCCWEB01_SYN_01,TempOTStart_Minute,smallint
dbo,tTemp_SCCWEB01_SYN_01,TempOTEnd_Hour,smallint
dbo,tTemp_SCCWEB01_SYN_01,TempOTEnd_Minute,smallint
dbo,tTemp_SCCWEB01_SYN_01,CAL_nOT1,decimal
dbo,tTemp_SCCWEB01_SYN_01,CAL_nOT1_5,decimal
dbo,tTemp_SCCWEB01_SYN_01,CAL_nOT2,decimal
dbo,tTemp_SCCWEB01_SYN_01,CAL_nOT3,decimal
dbo,tTemp_SCCWEB01_SYN_01,OTApproveStatus,smallint
dbo,tTemp_SCCWIN10_SYN_01,InTimeOT_Hour,smallint
dbo,tTemp_SCCWIN10_SYN_01,InTimeOT_Minute,smallint
dbo,tTemp_SCCWIN10_SYN_01,OutTimeOT_Hour,smallint
dbo,tTemp_SCCWIN10_SYN_01,OutTimeOT_Minute,smallint
dbo,tTemp_SCCWIN10_SYN_01,nOT1,decimal
dbo,tTemp_SCCWIN10_SYN_01,nOT1_5,decimal
dbo,tTemp_SCCWIN10_SYN_01,nOT2,decimal
dbo,tTemp_SCCWIN10_SYN_01,nOT3,decimal
dbo,tTemp_SCCWIN10_SYN_01,naOT1,decimal
dbo,tTemp_SCCWIN10_SYN_01,naOT1_5,decimal
dbo,tTemp_SCCWIN10_SYN_01,naOT2,decimal
dbo,tTemp_SCCWIN10_SYN_01,naOT3,decimal
dbo,tTemp_SCCWIN10_SYN_01,nbOT1,decimal
dbo,tTemp_SCCWIN10_SYN_01,nbOT1_5,decimal
dbo,tTemp_SCCWIN10_SYN_01,nbOT2,decimal
dbo,tTemp_SCCWIN10_SYN_01,nbOT3,decimal
dbo,tTemp_SCCWIN10_SYN_01,ncOT1,decimal
dbo,tTemp_SCCWIN10_SYN_01,ncOT1_5,decimal
dbo,tTemp_SCCWIN10_SYN_01,ncOT2,decimal
dbo,tTemp_SCCWIN10_SYN_01,ncOT3,decimal
dbo,tTemp_SCCWIN10_SYN_01,TempInTimeOT_Hour,smallint
dbo,tTemp_SCCWIN10_SYN_01,TempInTimeOT_Minute,smallint
dbo,tTemp_SCCWIN10_SYN_01,TempOTStart_Hour,smallint
dbo,tTemp_SCCWIN10_SYN_01,TempOTStart_Minute,smallint
dbo,tTemp_SCCWIN10_SYN_01,TempOTEnd_Hour,smallint
dbo,tTemp_SCCWIN10_SYN_01,TempOTEnd_Minute,smallint
dbo,tTemp_SCCWIN10_SYN_01,CAL_nOT1,decimal
dbo,tTemp_SCCWIN10_SYN_01,CAL_nOT1_5,decimal
dbo,tTemp_SCCWIN10_SYN_01,CAL_nOT2,decimal
dbo,tTemp_SCCWIN10_SYN_01,CAL_nOT3,decimal
dbo,tTemp_SCCWIN10_SYN_01,OTApproveStatus,smallint
dbo,tTemp_SSOSum,TotalWages,decimal
dbo,tTemp_SSOSum,TotalPaidEmployee,decimal
dbo,tTemp_SSOSum,TotalPaidEmployer,decimal
dbo,tTemp_SSOSum,TotalPaid,decimal
dbo,tTemp_SSOSum,TotalEmployee,decimal
dbo,tTemp_Timeinout_01,InTimeOT_Hour,smallint
dbo,tTemp_Timeinout_01,InTimeOT_Minute,smallint
dbo,tTemp_Timeinout_01,OutTimeOT_Hour,smallint
dbo,tTemp_Timeinout_01,OutTimeOT_Minute,smallint
dbo,tTemp_Timeinout_01,nOT1,decimal
dbo,tTemp_Timeinout_01,nOT1_5,decimal
dbo,tTemp_Timeinout_01,nOT2,decimal
dbo,tTemp_Timeinout_01,nOT3,decimal
dbo,tTemp_Timeinout_01,naOT1,decimal
dbo,tTemp_Timeinout_01,naOT1_5,decimal
dbo,tTemp_Timeinout_01,naOT2,decimal
dbo,tTemp_Timeinout_01,naOT3,decimal
dbo,tTemp_Timeinout_01,nbOT1,decimal
dbo,tTemp_Timeinout_01,nbOT1_5,decimal
dbo,tTemp_Timeinout_01,nbOT2,decimal
dbo,tTemp_Timeinout_01,nbOT3,decimal
dbo,tTemp_Timeinout_01,ncOT1,decimal
dbo,tTemp_Timeinout_01,ncOT1_5,decimal
dbo,tTemp_Timeinout_01,ncOT2,decimal
dbo,tTemp_Timeinout_01,ncOT3,decimal
dbo,tTemp_Timeinout_01,TempInTimeOT_Hour,smallint
dbo,tTemp_Timeinout_01,TempInTimeOT_Minute,smallint
dbo,tTemp_Timeinout_01,TempOTStart_Hour,smallint
dbo,tTemp_Timeinout_01,TempOTStart_Minute,smallint
dbo,tTemp_Timeinout_01,TempOTEnd_Hour,smallint
dbo,tTemp_Timeinout_01,TempOTEnd_Minute,smallint
dbo,tTemp_Timeinout_01,CAL_nOT1,decimal
dbo,tTemp_Timeinout_01,CAL_nOT1_5,decimal
dbo,tTemp_Timeinout_01,CAL_nOT2,decimal
dbo,tTemp_Timeinout_01,CAL_nOT3,decimal
dbo,tTemp_Timeinout_01,OTApproveStatus,smallint
dbo,tTemp_Wanthida_SYN_01,InTimeOT_Hour,smallint
dbo,tTemp_Wanthida_SYN_01,InTimeOT_Minute,smallint
dbo,tTemp_Wanthida_SYN_01,OutTimeOT_Hour,smallint
dbo,tTemp_Wanthida_SYN_01,OutTimeOT_Minute,smallint
dbo,tTemp_Wanthida_SYN_01,nOT1,decimal
dbo,tTemp_Wanthida_SYN_01,nOT1_5,decimal
dbo,tTemp_Wanthida_SYN_01,nOT2,decimal
dbo,tTemp_Wanthida_SYN_01,nOT3,decimal
dbo,tTemp_Wanthida_SYN_01,naOT1,decimal
dbo,tTemp_Wanthida_SYN_01,naOT1_5,decimal
dbo,tTemp_Wanthida_SYN_01,naOT2,decimal
dbo,tTemp_Wanthida_SYN_01,naOT3,decimal
dbo,tTemp_Wanthida_SYN_01,nbOT1,decimal
dbo,tTemp_Wanthida_SYN_01,nbOT1_5,decimal
dbo,tTemp_Wanthida_SYN_01,nbOT2,decimal
dbo,tTemp_Wanthida_SYN_01,nbOT3,decimal
dbo,tTemp_Wanthida_SYN_01,ncOT1,decimal
dbo,tTemp_Wanthida_SYN_01,ncOT1_5,decimal
dbo,tTemp_Wanthida_SYN_01,ncOT2,decimal
dbo,tTemp_Wanthida_SYN_01,ncOT3,decimal
dbo,tTemp_Wanthida_SYN_01,TempInTimeOT_Hour,smallint
dbo,tTemp_Wanthida_SYN_01,TempInTimeOT_Minute,smallint
dbo,tTemp_Wanthida_SYN_01,TempOTStart_Hour,smallint
dbo,tTemp_Wanthida_SYN_01,TempOTStart_Minute,smallint
dbo,tTemp_Wanthida_SYN_01,TempOTEnd_Hour,smallint
dbo,tTemp_Wanthida_SYN_01,TempOTEnd_Minute,smallint
dbo,tTemp_Wanthida_SYN_01,CAL_nOT1,decimal
dbo,tTemp_Wanthida_SYN_01,CAL_nOT1_5,decimal
dbo,tTemp_Wanthida_SYN_01,CAL_nOT2,decimal
dbo,tTemp_Wanthida_SYN_01,CAL_nOT3,decimal
dbo,tTemp_Wanthida_SYN_01,OTApproveStatus,smallint
dbo,tTemp_webadmin_SYN_01,InTimeOT_Hour,smallint
dbo,tTemp_webadmin_SYN_01,InTimeOT_Minute,smallint
dbo,tTemp_webadmin_SYN_01,OutTimeOT_Hour,smallint
dbo,tTemp_webadmin_SYN_01,OutTimeOT_Minute,smallint
dbo,tTemp_webadmin_SYN_01,nOT1,decimal
dbo,tTemp_webadmin_SYN_01,nOT1_5,decimal
dbo,tTemp_webadmin_SYN_01,nOT2,decimal
dbo,tTemp_webadmin_SYN_01,nOT3,decimal
dbo,tTemp_webadmin_SYN_01,naOT1,decimal
dbo,tTemp_webadmin_SYN_01,naOT1_5,decimal
dbo,tTemp_webadmin_SYN_01,naOT2,decimal
dbo,tTemp_webadmin_SYN_01,naOT3,decimal
dbo,tTemp_webadmin_SYN_01,nbOT1,decimal
dbo,tTemp_webadmin_SYN_01,nbOT1_5,decimal
dbo,tTemp_webadmin_SYN_01,nbOT2,decimal
dbo,tTemp_webadmin_SYN_01,nbOT3,decimal
dbo,tTemp_webadmin_SYN_01,ncOT1,decimal
dbo,tTemp_webadmin_SYN_01,ncOT1_5,decimal
dbo,tTemp_webadmin_SYN_01,ncOT2,decimal
dbo,tTemp_webadmin_SYN_01,ncOT3,decimal
dbo,tTemp_webadmin_SYN_01,TempInTimeOT_Hour,smallint
dbo,tTemp_webadmin_SYN_01,TempInTimeOT_Minute,smallint
dbo,tTemp_webadmin_SYN_01,TempOTStart_Hour,smallint
dbo,tTemp_webadmin_SYN_01,TempOTStart_Minute,smallint
dbo,tTemp_webadmin_SYN_01,TempOTEnd_Hour,smallint
dbo,tTemp_webadmin_SYN_01,TempOTEnd_Minute,smallint
dbo,tTemp_webadmin_SYN_01,CAL_nOT1,decimal
dbo,tTemp_webadmin_SYN_01,CAL_nOT1_5,decimal
dbo,tTemp_webadmin_SYN_01,CAL_nOT2,decimal
dbo,tTemp_webadmin_SYN_01,CAL_nOT3,decimal
dbo,tTemp_webadmin_SYN_01,OTApproveStatus,smallint
dbo,tTemp_WORAVUT_SYN_01,InTimeOT_Hour,smallint
dbo,tTemp_WORAVUT_SYN_01,InTimeOT_Minute,smallint
dbo,tTemp_WORAVUT_SYN_01,OutTimeOT_Hour,smallint
dbo,tTemp_WORAVUT_SYN_01,OutTimeOT_Minute,smallint
dbo,tTemp_WORAVUT_SYN_01,nOT1,decimal
dbo,tTemp_WORAVUT_SYN_01,nOT1_5,decimal
dbo,tTemp_WORAVUT_SYN_01,nOT2,decimal
dbo,tTemp_WORAVUT_SYN_01,nOT3,decimal
dbo,tTemp_WORAVUT_SYN_01,naOT1,decimal
dbo,tTemp_WORAVUT_SYN_01,naOT1_5,decimal
dbo,tTemp_WORAVUT_SYN_01,naOT2,decimal
dbo,tTemp_WORAVUT_SYN_01,naOT3,decimal
dbo,tTemp_WORAVUT_SYN_01,nbOT1,decimal
dbo,tTemp_WORAVUT_SYN_01,nbOT1_5,decimal
dbo,tTemp_WORAVUT_SYN_01,nbOT2,decimal
dbo,tTemp_WORAVUT_SYN_01,nbOT3,decimal
dbo,tTemp_WORAVUT_SYN_01,ncOT1,decimal
dbo,tTemp_WORAVUT_SYN_01,ncOT1_5,decimal
dbo,tTemp_WORAVUT_SYN_01,ncOT2,decimal
dbo,tTemp_WORAVUT_SYN_01,ncOT3,decimal
dbo,tTemp_WORAVUT_SYN_01,TempInTimeOT_Hour,smallint
dbo,tTemp_WORAVUT_SYN_01,TempInTimeOT_Minute,smallint
dbo,tTemp_WORAVUT_SYN_01,TempOTStart_Hour,smallint
dbo,tTemp_WORAVUT_SYN_01,TempOTStart_Minute,smallint
dbo,tTemp_WORAVUT_SYN_01,TempOTEnd_Hour,smallint
dbo,tTemp_WORAVUT_SYN_01,TempOTEnd_Minute,smallint
dbo,tTemp_WORAVUT_SYN_01,CAL_nOT1,decimal
dbo,tTemp_WORAVUT_SYN_01,CAL_nOT1_5,decimal
dbo,tTemp_WORAVUT_SYN_01,CAL_nOT2,decimal
dbo,tTemp_WORAVUT_SYN_01,CAL_nOT3,decimal
dbo,tTemp_WORAVUT_SYN_01,OTApproveStatus,smallint
dbo,tTempBatch_TimeInOut,InTimeOT_Hour,smallint
dbo,tTempBatch_TimeInOut,InTimeOT_Minute,smallint
dbo,tTempBatch_TimeInOut,OutTimeOT_Hour,smallint
dbo,tTempBatch_TimeInOut,OutTimeOT_Minute,smallint
dbo,tTempBatch_TimeInOut,nOT1,decimal
dbo,tTempBatch_TimeInOut,nOT1_5,decimal
dbo,tTempBatch_TimeInOut,nOT2,decimal
dbo,tTempBatch_TimeInOut,nOT3,decimal
dbo,tTempBatch_TimeInOut,naOT1,decimal
dbo,tTempBatch_TimeInOut,naOT1_5,decimal
dbo,tTempBatch_TimeInOut,naOT2,decimal
dbo,tTempBatch_TimeInOut,naOT3,decimal
dbo,tTempBatch_TimeInOut,nbOT1,decimal
dbo,tTempBatch_TimeInOut,nbOT1_5,decimal
dbo,tTempBatch_TimeInOut,nbOT2,decimal
dbo,tTempBatch_TimeInOut,nbOT3,decimal
dbo,tTempBatch_TimeInOut,ncOT1,decimal
dbo,tTempBatch_TimeInOut,ncOT1_5,decimal
dbo,tTempBatch_TimeInOut,ncOT2,decimal
dbo,tTempBatch_TimeInOut,ncOT3,decimal
dbo,tTempBatch_TimeInOut,TempInTimeOT_Hour,smallint
dbo,tTempBatch_TimeInOut,TempInTimeOT_Minute,smallint
dbo,tTempBatch_TimeInOut,TempOTStart_Hour,smallint
dbo,tTempBatch_TimeInOut,TempOTStart_Minute,smallint
dbo,tTempBatch_TimeInOut,TempOTEnd_Hour,smallint
dbo,tTempBatch_TimeInOut,TempOTEnd_Minute,smallint
dbo,tTempBatch_TimeInOut,CAL_nOT1,decimal
dbo,tTempBatch_TimeInOut,CAL_nOT1_5,decimal
dbo,tTempBatch_TimeInOut,CAL_nOT2,decimal
dbo,tTempBatch_TimeInOut,CAL_nOT3,decimal
dbo,tTempBatch_TimeInOut,OTApproveStatus,smallint
dbo,tTempBatchEmp,OTCostCenter_ID,uniqueidentifier
dbo,tTempBatchTime,OTCostCenter_ID,uniqueidentifier
dbo,tTempCalTime_SCCWEB01_01,InTimeOT_Hour,smallint
dbo,tTempCalTime_SCCWEB01_01,InTimeOT_Minute,smallint
dbo,tTempCalTime_SCCWEB01_01,OutTimeOT_Hour,smallint
dbo,tTempCalTime_SCCWEB01_01,OutTimeOT_Minute,smallint
dbo,tTempCalTime_SCCWEB01_01,nOT1,decimal
dbo,tTempCalTime_SCCWEB01_01,nOT1_5,decimal
dbo,tTempCalTime_SCCWEB01_01,nOT2,decimal
dbo,tTempCalTime_SCCWEB01_01,nOT3,decimal
dbo,tTempCalTime_SCCWEB01_01,naOT1,decimal
dbo,tTempCalTime_SCCWEB01_01,naOT1_5,decimal
dbo,tTempCalTime_SCCWEB01_01,naOT2,decimal
dbo,tTempCalTime_SCCWEB01_01,naOT3,decimal
dbo,tTempCalTime_SCCWEB01_01,nbOT1,decimal
dbo,tTempCalTime_SCCWEB01_01,nbOT1_5,decimal
dbo,tTempCalTime_SCCWEB01_01,nbOT2,decimal
dbo,tTempCalTime_SCCWEB01_01,nbOT3,decimal
dbo,tTempCalTime_SCCWEB01_01,ncOT1,decimal
dbo,tTempCalTime_SCCWEB01_01,ncOT1_5,decimal
dbo,tTempCalTime_SCCWEB01_01,ncOT2,decimal
dbo,tTempCalTime_SCCWEB01_01,ncOT3,decimal
dbo,tTempCalTime_SCCWEB01_01,TempInTimeOT_Hour,smallint
dbo,tTempCalTime_SCCWEB01_01,TempInTimeOT_Minute,smallint
dbo,tTempCalTime_SCCWEB01_01,TempOTStart_Hour,smallint
dbo,tTempCalTime_SCCWEB01_01,TempOTStart_Minute,smallint
dbo,tTempCalTime_SCCWEB01_01,TempOTEnd_Hour,smallint
dbo,tTempCalTime_SCCWEB01_01,TempOTEnd_Minute,smallint
dbo,tTempCalTime_SCCWEB01_01,CAL_nOT1,decimal
dbo,tTempCalTime_SCCWEB01_01,CAL_nOT1_5,decimal
dbo,tTempCalTime_SCCWEB01_01,CAL_nOT2,decimal
dbo,tTempCalTime_SCCWEB01_01,CAL_nOT3,decimal
dbo,tTempCalTime_SCCWEB01_01,OTApproveStatus,smallint
dbo,tTempGet_TimeMode20,InTimeOT_Hour,smallint
dbo,tTempGet_TimeMode20,InTimeOT_Minute,smallint
dbo,tTempGet_TimeMode20,OutTimeOT_Hour,smallint
dbo,tTempGet_TimeMode20,OutTimeOT_Minute,smallint
dbo,tTempGet_TimeMode20,Note,varchar
dbo,tTempGet_TimeMode20,OTApproveStatus,smallint
dbo,tTempTransfer_Log,REMOTE_ADDR,varchar
dbo,tTimeCard_HideCol,col_nOT1,int
dbo,tTimeCard_HideCol,col_nOT1_5,int
dbo,tTimeCard_HideCol,col_nOT2,int
dbo,tTimeCard_HideCol,col_nOT3,int
dbo,tTimeCard_HideCol,col_nOT1_MAN,int
dbo,tTimeCard_HideCol,col_nOT1_5_MAN,int
dbo,tTimeCard_HideCol,col_nOT2_MAN,int
dbo,tTimeCard_HideCol,col_nOT3_MAN,int
dbo,tTimeCard_HideCol,col_OTStart_MAN,int
dbo,tTimeCard_HideCol,col_OTEnd_MAN,int
dbo,tTimeCard_Permission,OT1,int
dbo,tTimeCard_Permission,OT1_5,int
dbo,tTimeCard_Permission,OT2,int
dbo,tTimeCard_Permission,OT3,int
dbo,tTimeInOut,nOT1,decimal
dbo,tTimeInOut,nOT1_5,decimal
dbo,tTimeInOut,nOT2,decimal
dbo,tTimeInOut,nOT3,decimal
dbo,tTimeInOut,naOT1,decimal
dbo,tTimeInOut,naOT1_5,decimal
dbo,tTimeInOut,naOT2,decimal
dbo,tTimeInOut,naOT3,decimal
dbo,tTimeInOut,nbOT1,decimal
dbo,tTimeInOut,nbOT1_5,decimal
dbo,tTimeInOut,nbOT2,decimal
dbo,tTimeInOut,nbOT3,decimal
dbo,tTimeInOut,ncOT1,decimal
dbo,tTimeInOut,ncOT1_5,decimal
dbo,tTimeInOut,ncOT2,decimal
dbo,tTimeInOut,ncOT3,decimal
dbo,tTimeInOut,BillOT1Rate,decimal
dbo,tTimeInOut,BillOT1_5Rate,decimal
dbo,tTimeInOut,BillOT2Rate,decimal
dbo,tTimeInOut,BillOT3Rate,decimal
dbo,tTimeInOut,InTimeOT_Hour,smallint
dbo,tTimeInOut,InTimeOT_Minute,smallint
dbo,tTimeInOut,OutTimeOT_Hour,smallint
dbo,tTimeInOut,OutTimeOT_Minute,smallint
dbo,tTimeInOut,CAL_nOT1,decimal
dbo,tTimeInOut,CAL_nOT1_5,decimal
dbo,tTimeInOut,CAL_nOT2,decimal
dbo,tTimeInOut,CAL_nOT3,decimal
dbo,tTimeInOut,CAL_nOT4,decimal
dbo,tTimeInOut,Note,varchar
dbo,tTimeInOut,OTApproveStatus,smallint
dbo,tTimeInOut,ReplaceOT1,decimal
dbo,tTimeInOut,ReplaceOT2,decimal
dbo,tTimeInOut,ReplaceOT1_5,decimal
dbo,tTimeInOut,ReplaceOT3,decimal
dbo,tTimeInOut,nOT1_H,decimal
dbo,tTimeInOut,nOT1_M,decimal
dbo,tTimeInOut,nOT1_5_H,decimal
dbo,tTimeInOut,nOT1_5_M,decimal
dbo,tTimeInOut,nOT2_H,decimal
dbo,tTimeInOut,nOT2_M,decimal
dbo,tTimeInOut,nOT3_H,decimal
dbo,tTimeInOut,nOT3_M,decimal
dbo,tTimeInOut,Cal_nOT1_H,decimal
dbo,tTimeInOut,Cal_nOT1_M,decimal
dbo,tTimeInOut,Cal_nOT1_5_H,decimal
dbo,tTimeInOut,Cal_nOT1_5_M,decimal
dbo,tTimeInOut,Cal_nOT2_H,decimal
dbo,tTimeInOut,Cal_nOT2_M,decimal
dbo,tTimeInOut,Cal_nOT3_H,decimal
dbo,tTimeInOut,Cal_nOT3_M,decimal
dbo,tTimeInOut,naOT1_H,decimal
dbo,tTimeInOut,naOT1_M,decimal
dbo,tTimeInOut,naOT1_5_H,decimal
dbo,tTimeInOut,naOT1_5_M,decimal
dbo,tTimeInOut,naOT2_H,decimal
dbo,tTimeInOut,naOT3_H,decimal
dbo,tTimeInOut,naOT3_M,decimal
dbo,tTimeInOut,Cal_naOT1_H,decimal
dbo,tTimeInOut,Cal_naOT1_M,decimal
dbo,tTimeInOut,Cal_naOT1_5_H,decimal
dbo,tTimeInOut,Cal_naOT1_5_M,decimal
dbo,tTimeInOut,Cal_naOT2_H,decimal
dbo,tTimeInOut,Cal_naOT2_M,decimal
dbo,tTimeInOut,Cal_naOT3_H,decimal
dbo,tTimeInOut,Cal_naOT3_M,decimal
dbo,tTimeInOut,Cal_naOT1,decimal
dbo,tTimeInOut,Cal_naOT1_5,decimal
dbo,tTimeInOut,Cal_naOT2,decimal
dbo,tTimeInOut,Cal_naOT3,decimal
dbo,tTimeInOut,naOT2_M,decimal
dbo,tTimeInOut_Data,Time_Other_Country,smallint
dbo,tTimeInOut_FieldCaption,aOT,varchar
dbo,tTimeInOut_FieldCaption,bOT,varchar
dbo,tTimeInOut_FieldCaption,cOT,varchar
dbo,tTimeInOut_FieldCaption,naOT1,varchar
dbo,tTimeInOut_FieldCaption,naOT1_5,varchar
dbo,tTimeInOut_FieldCaption,naOT2,varchar
dbo,tTimeInOut_FieldCaption,naOT3,varchar
dbo,tTimeInOut_FieldCaption,nbOT1,varchar
dbo,tTimeInOut_FieldCaption,nbOT1_5,varchar
dbo,tTimeInOut_FieldCaption,nbOT2,varchar
dbo,tTimeInOut_FieldCaption,nbOT3,varchar
dbo,tTimeInOut_FieldCaption,ncOT1,varchar
dbo,tTimeInOut_FieldCaption,ncOT1_5,varchar
dbo,tTimeInOut_FieldCaption,ncOT2,varchar
dbo,tTimeInOut_FieldCaption,ncOT3,varchar
dbo,tTimeSheet,nOT1,decimal
dbo,tTimeSheet,nOT1_5,decimal
dbo,tTimeSheet,nOT2,decimal
dbo,tTimeSheet,nOT3,decimal
dbo,tTimeSheet_Log,REMOTE_ADDR,varchar
dbo,tTimeSheet_MultiPeriod,nOT1,decimal
dbo,tTimeSheet_MultiPeriod,nOT1_5,decimal
dbo,tTimeSheet_MultiPeriod,nOT2,decimal
dbo,tTimeSheet_MultiPeriod,nOT3,decimal
dbo,tUser,IsAutoPhotoBrowseEmployee,smallint
dbo,tUser,IsAutoShowOTClaim,int
dbo,tUser,IsAutoShowOTClaimRetro,int
dbo,tUser,IsAutoShowOTRequest,int
dbo,tWF_Record,Note,varchar
dbo,tYTD_Attendance,Quota_Vacation,nvarchar
dbo,tYTD_Attendance,Quota_Vacation_Y,nvarchar
payroll,KT20A_FieldConfiguration,Is_OT1_ShowField01,bit
payroll,KT20A_FieldConfiguration,Is_OT1_ShowField02,bit
payroll,KT20A_FieldConfiguration,Is_OT1_ShowField03,bit
payroll,KT20A_FieldConfiguration,Is_OT1_ShowField04,bit
payroll,KT20A_FieldConfiguration,Is_OT1_ShowField05,bit
payroll,KT20A_FieldConfiguration,Is_OT1_ShowField06,bit
payroll,KT20A_FieldConfiguration,Is_OT1_ShowField07,bit
payroll,KT20A_FieldConfiguration,Is_OT1_ShowField08,bit
payroll,KT20A_FieldConfiguration,Is_OT1_ShowField09,bit
payroll,KT20A_FieldConfiguration,Is_OT1_5_ShowField01,bit
payroll,KT20A_FieldConfiguration,Is_OT1_5_ShowField02,bit
payroll,KT20A_FieldConfiguration,Is_OT1_5_ShowField03,bit
payroll,KT20A_FieldConfiguration,Is_OT1_5_ShowField04,bit
payroll,KT20A_FieldConfiguration,Is_OT1_5_ShowField05,bit
payroll,KT20A_FieldConfiguration,Is_OT1_5_ShowField06,bit
payroll,KT20A_FieldConfiguration,Is_OT1_5_ShowField07,bit
payroll,KT20A_FieldConfiguration,Is_OT1_5_ShowField08,bit
payroll,KT20A_FieldConfiguration,Is_OT1_5_ShowField09,bit
payroll,KT20A_FieldConfiguration,Is_OT2_ShowField01,bit
payroll,KT20A_FieldConfiguration,Is_OT2_ShowField02,bit
payroll,KT20A_FieldConfiguration,Is_OT2_ShowField03,bit
payroll,KT20A_FieldConfiguration,Is_OT2_ShowField04,bit
payroll,KT20A_FieldConfiguration,Is_OT2_ShowField05,bit
payroll,KT20A_FieldConfiguration,Is_OT2_ShowField06,bit
payroll,KT20A_FieldConfiguration,Is_OT2_ShowField07,bit
payroll,KT20A_FieldConfiguration,Is_OT2_ShowField08,bit
payroll,KT20A_FieldConfiguration,Is_OT2_ShowField09,bit
payroll,KT20A_FieldConfiguration,Is_OT3_ShowField01,bit
payroll,KT20A_FieldConfiguration,Is_OT3_ShowField02,bit
payroll,KT20A_FieldConfiguration,Is_OT3_ShowField03,bit
payroll,KT20A_FieldConfiguration,Is_OT3_ShowField04,bit
payroll,KT20A_FieldConfiguration,Is_OT3_ShowField05,bit
payroll,KT20A_FieldConfiguration,Is_OT3_ShowField06,bit
payroll,KT20A_FieldConfiguration,Is_OT3_ShowField07,bit
payroll,KT20A_FieldConfiguration,Is_OT3_ShowField08,bit
payroll,KT20A_FieldConfiguration,Is_OT3_ShowField09,bit
payroll,KT20A_FieldConfiguration_ByYear,Is_OT1_ShowField01,bit
payroll,KT20A_FieldConfiguration_ByYear,Is_OT1_ShowField02,bit
payroll,KT20A_FieldConfiguration_ByYear,Is_OT1_ShowField03,bit
payroll,KT20A_FieldConfiguration_ByYear,Is_OT1_ShowField04,bit
payroll,KT20A_FieldConfiguration_ByYear,Is_OT1_ShowField05,bit
payroll,KT20A_FieldConfiguration_ByYear,Is_OT1_ShowField06,bit
payroll,KT20A_FieldConfiguration_ByYear,Is_OT1_ShowField07,bit
payroll,KT20A_FieldConfiguration_ByYear,Is_OT1_ShowField08,bit
payroll,KT20A_FieldConfiguration_ByYear,Is_OT1_ShowField09,bit
payroll,KT20A_FieldConfiguration_ByYear,Is_OT1_5_ShowField01,bit
payroll,KT20A_FieldConfiguration_ByYear,Is_OT1_5_ShowField02,bit
payroll,KT20A_FieldConfiguration_ByYear,Is_OT1_5_ShowField03,bit
payroll,KT20A_FieldConfiguration_ByYear,Is_OT1_5_ShowField04,bit
payroll,KT20A_FieldConfiguration_ByYear,Is_OT1_5_ShowField05,bit
payroll,KT20A_FieldConfiguration_ByYear,Is_OT1_5_ShowField06,bit
payroll,KT20A_FieldConfiguration_ByYear,Is_OT1_5_ShowField07,bit
payroll,KT20A_FieldConfiguration_ByYear,Is_OT1_5_ShowField08,bit
payroll,KT20A_FieldConfiguration_ByYear,Is_OT1_5_ShowField09,bit
payroll,KT20A_FieldConfiguration_ByYear,Is_OT2_ShowField01,bit
payroll,KT20A_FieldConfiguration_ByYear,Is_OT2_ShowField02,bit
payroll,KT20A_FieldConfiguration_ByYear,Is_OT2_ShowField03,bit
payroll,KT20A_FieldConfiguration_ByYear,Is_OT2_ShowField04,bit
payroll,KT20A_FieldConfiguration_ByYear,Is_OT2_ShowField05,bit
payroll,KT20A_FieldConfiguration_ByYear,Is_OT2_ShowField06,bit
payroll,KT20A_FieldConfiguration_ByYear,Is_OT2_ShowField07,bit
payroll,KT20A_FieldConfiguration_ByYear,Is_OT2_ShowField08,bit
payroll,KT20A_FieldConfiguration_ByYear,Is_OT2_ShowField09,bit
payroll,KT20A_FieldConfiguration_ByYear,Is_OT3_ShowField01,bit
payroll,KT20A_FieldConfiguration_ByYear,Is_OT3_ShowField02,bit
payroll,KT20A_FieldConfiguration_ByYear,Is_OT3_ShowField03,bit
payroll,KT20A_FieldConfiguration_ByYear,Is_OT3_ShowField04,bit
payroll,KT20A_FieldConfiguration_ByYear,Is_OT3_ShowField05,bit
payroll,KT20A_FieldConfiguration_ByYear,Is_OT3_ShowField06,bit
payroll,KT20A_FieldConfiguration_ByYear,Is_OT3_ShowField07,bit
payroll,KT20A_FieldConfiguration_ByYear,Is_OT3_ShowField08,bit
payroll,KT20A_FieldConfiguration_ByYear,Is_OT3_ShowField09,bit
payroll,Period_Configuration,OT1_IsCalSSO,bit
payroll,Period_Configuration,OT1_IsCalTax,bit
payroll,Period_Configuration,OT1_5_IsCalSSO,bit
payroll,Period_Configuration,OT1_5_IsCalTax,bit
payroll,Period_Configuration,OT2_IsCalSSO,bit
payroll,Period_Configuration,OT2_IsCalTax,bit
payroll,Period_Configuration,OT3_IsCalSSO,bit
payroll,Period_Configuration,OT3_IsCalTax,bit
service,AppSyncConfig,ServiceOT,int
service,AppSyncConfig,ServiceOTRequest,int
service,tTemp_Leaves,type_other_name,varchar
service,tTemp_Leaves,type_other_name_en,varchar
service,tTemp_OTFlow,flowOTid,uniqueidentifier
service,tTemp_OTNonRequest,overtime_start,datetime
service,tTemp_OTNonRequest,overtime_end,datetime
service,tTemp_OTNonRequest,overtime_start_next_day,bit
service,tTemp_OTNonRequest,overtime_end_next_day,bit
service,tTemp_OTNonRequest,overtime_hour,int
service,tTemp_OTNonRequest,overtime_min,int
service,tTemp_OTRequest,overtime_hour,int
service,tTemp_OTRequest,overtime_min,int
service,tTemp_OTRequest,overtime_start,varchar
service,tTemp_OTRequest,overtime_end,varchar
service,tTemp_Overtimes,nOT1_1,float
service,tTemp_Overtimes,nOT1_5_2,float
service,tTemp_Overtimes,nOT2_3,float
service,tTemp_Overtimes,nOT3_4,float
